movieId,title,genres,tmdbId
1,Toy Story (1995),Adventure|Animation|Children|Comedy|Fantasy,862
2,Jumanji (1995),Adventure|Children|Fantasy,8844
3,Grumpier Old Men (1995),Comedy|Romance,15602
4,Waiting to Exhale (1995),Comedy|Drama|Romance,31357
5,Father of the Bride Part II (1995),Comedy,11862
6,Heat (1995),Action|Crime|Thriller,949
7,Sabrina (1995),Comedy|Romance,11860
8,Tom and Huck (1995),Adventure|Children,45325
9,Sudden Death (1995),Action,9091
10,GoldenEye (1995),Action|Adventure|Thriller,710
11,"American President, The (1995)",Comedy|Drama|Romance,9087
12,Dracula: Dead and Loving It (1995),Comedy|Horror,12110
13,Balto (1995),Adventure|Animation|Children,21032
14,Nixon (1995),Drama,10858
15,Cutthroat Island (1995),Action|Adventure|Romance,1408
16,Casino (1995),Crime|Drama,524
17,Sense and Sensibility (1995),Drama|Romance,4584
18,Four Rooms (1995),Comedy,5
19,Ace Ventura: When Nature Calls (1995),Comedy,9273
20,Money Train (1995),Action|Comedy|Crime|Drama|Thriller,11517
21,Get Shorty (1995),Comedy|Crime|Thriller,8012
22,Copycat (1995),Crime|Drama|Horror|Mystery|Thriller,1710
23,Assassins (1995),Action|Crime|Thriller,9691
24,Powder (1995),Drama|Sci-Fi,12665
25,Leaving Las Vegas (1995),Drama|Romance,451
26,Othello (1995),Drama,16420
27,Now and Then (1995),Children|Drama,9263
28,Persuasion (1995),Drama|Romance,17015
29,"City of Lost Children, The (Cité des enfants perdus, La) (1995)",Adventure|Drama|Fantasy|Mystery|Sci-Fi,902
30,Shanghai Triad (Yao a yao yao dao waipo qiao) (1995),Crime|Drama,37557
31,Dangerous Minds (1995),Drama,9909
32,Twelve Monkeys (a.k.a. 12 Monkeys) (1995),Mystery|Sci-Fi|Thriller,63
33,Wings of Courage (1995),Adventure|Romance|IMAX,78802
34,Babe (1995),Children|Drama,9598
35,Carrington (1995),Drama|Romance,47018
36,Dead Man Walking (1995),Crime|Drama,687
37,Across the Sea of Time (1995),Documentary|IMAX,139405
38,It Takes Two (1995),Children|Comedy,33689
39,Clueless (1995),Comedy|Romance,9603
40,"Cry, the Beloved Country (1995)",Drama,34615
41,Richard III (1995),Drama|War,31174
42,Dead Presidents (1995),Action|Crime|Drama,11443
43,Restoration (1995),Drama,35196
44,Mortal Kombat (1995),Action|Adventure|Fantasy,9312
45,To Die For (1995),Comedy|Drama|Thriller,577
46,How to Make an American Quilt (1995),Drama|Romance,11861
47,Seven (a.k.a. Se7en) (1995),Mystery|Thriller,807
48,Pocahontas (1995),Animation|Children|Drama|Musical|Romance,10530
49,When Night Is Falling (1995),Drama|Romance,8391
50,"Usual Suspects, The (1995)",Crime|Mystery|Thriller,629
52,Mighty Aphrodite (1995),Comedy|Drama|Romance,11448
55,Georgia (1995),Drama,97406
57,Home for the Holidays (1995),Drama,9089
58,"Postman, The (Postino, Il) (1994)",Comedy|Drama|Romance,11010
59,"Confessional, The (Confessionnal, Le) (1995)",Drama|Mystery,99040
60,"Indian in the Cupboard, The (1995)",Adventure|Children|Fantasy,11359
61,Eye for an Eye (1996),Drama|Thriller,17182
62,Mr. Holland's Opus (1995),Drama,2054
63,Don't Be a Menace to South Central While Drinking Your Juice in the Hood (1996),Comedy|Crime,10607
64,Two if by Sea (1996),Comedy|Romance,19760
65,Bio-Dome (1996),Comedy,9536
66,Lawnmower Man 2: Beyond Cyberspace (1996),Action|Sci-Fi|Thriller,11525
68,French Twist (Gazon maudit) (1995),Comedy|Romance,4482
69,Friday (1995),Comedy,10634
70,From Dusk Till Dawn (1996),Action|Comedy|Horror|Thriller,755
71,Fair Game (1995),Action,11859
72,Kicking and Screaming (1995),Comedy|Drama,28387
73,"Misérables, Les (1995)",Drama|War,48750
74,Bed of Roses (1996),Drama|Romance,20927
75,Big Bully (1996),Comedy|Drama,36929
76,Screamers (1995),Action|Sci-Fi|Thriller,9102
78,"Crossing Guard, The (1995)",Action|Crime|Drama|Thriller,27526
79,"Juror, The (1996)",Drama|Thriller,9623
80,"White Balloon, The (Badkonake sefid) (1995)",Children|Drama,46785
81,Things to Do in Denver When You're Dead (1995),Crime|Drama|Romance,400
82,Antonia's Line (Antonia) (1995),Comedy|Drama,880
83,Once Upon a Time... When We Were Colored (1995),Drama|Romance,146599
85,Angels and Insects (1995),Drama|Romance,8447
86,White Squall (1996),Action|Adventure|Drama,10534
87,Dunston Checks In (1996),Children|Comedy,17414
88,Black Sheep (1996),Comedy,13997
89,Nick of Time (1995),Action|Thriller,2086
92,Mary Reilly (1996),Drama|Horror|Thriller,9095
93,Vampire in Brooklyn (1995),Comedy|Horror|Romance,12158
94,Beautiful Girls (1996),Comedy|Drama|Romance,9283
95,Broken Arrow (1996),Action|Adventure|Thriller,9208
96,In the Bleak Midwinter (1995),Comedy|Drama,40154
97,"Hate (Haine, La) (1995)",Crime|Drama,406
100,City Hall (1996),Drama|Thriller,11062
101,Bottle Rocket (1996),Adventure|Comedy|Crime|Romance,13685
102,Mr. Wrong (1996),Comedy,47475
103,Unforgettable (1996),Mystery|Sci-Fi|Thriller,2045
104,Happy Gilmore (1996),Comedy,9614
105,"Bridges of Madison County, The (1995)",Drama|Romance,688
107,Muppet Treasure Island (1996),Adventure|Children|Comedy|Musical,10874
110,Braveheart (1995),Action|Drama|War,197
111,Taxi Driver (1976),Crime|Drama|Thriller,103
112,Rumble in the Bronx (Hont faan kui) (1995),Action|Adventure|Comedy|Crime,33542
113,Before and After (1996),Drama|Mystery,43566
117,"Young Poisoner's Handbook, The (1995)",Crime|Drama,16934
118,If Lucy Fell (1996),Comedy|Romance,10324
121,"Boys of St. Vincent, The (1992)",Drama,32119
122,Boomerang (1992),Comedy|Romance,11066
123,Chungking Express (Chung Hing sam lam) (1994),Drama|Mystery|Romance,11104
124,"Star Maker, The (Uomo delle stelle, L') (1995)",Drama,37975
125,Flirting With Disaster (1996),Comedy,2074
126,"NeverEnding Story III, The (1994)",Adventure|Children|Fantasy,27793
129,Pie in the Sky (1996),Comedy|Romance,110972
132,Jade (1995),Thriller,11863
135,Down Periscope (1996),Comedy,9101
137,Man of the Year (1995),Documentary,5757
138,"Neon Bible, The (1995)",Drama,39428
140,Up Close and Personal (1996),Drama|Romance,9302
141,"Birdcage, The (1996)",Comedy,11000
144,"Brothers McMullen, The (1995)",Comedy,16388
145,Bad Boys (1995),Action|Comedy|Crime|Drama|Thriller,9737
146,"Amazing Panda Adventure, The (1995)",Adventure|Children,30765
147,"Basketball Diaries, The (1995)",Drama,10474
149,Amateur (1994),Crime|Drama|Thriller,30157
150,Apollo 13 (1995),Adventure|Drama|IMAX,568
151,Rob Roy (1995),Action|Drama|Romance|War,11780
152,"Addiction, The (1995)",Drama|Horror,34996
153,Batman Forever (1995),Action|Adventure|Comedy|Crime,414
154,Beauty of the Day (Belle de jour) (1967),Drama,649
155,Beyond Rangoon (1995),Adventure|Drama|War,1873
156,Blue in the Face (1995),Comedy|Drama,5894
157,Canadian Bacon (1995),Comedy|War,1775
158,Casper (1995),Adventure|Children,8839
159,Clockers (1995),Crime|Drama|Mystery,20649
160,Congo (1995),Action|Adventure|Mystery|Sci-Fi,10329
161,Crimson Tide (1995),Drama|Thriller|War,8963
162,Crumb (1994),Documentary,26564
163,Desperado (1995),Action|Romance|Western,8068
164,Devil in a Blue Dress (1995),Crime|Film-Noir|Mystery|Thriller,8512
165,Die Hard: With a Vengeance (1995),Action|Crime|Thriller,1572
166,"Doom Generation, The (1995)",Comedy|Crime|Drama,13552
168,First Knight (1995),Action|Drama|Romance,6520
169,Free Willy 2: The Adventure Home (1995),Adventure|Children|Drama,9073
170,Hackers (1995),Action|Adventure|Crime|Thriller,10428
171,Jeffrey (1995),Comedy|Drama,17447
172,Johnny Mnemonic (1995),Action|Sci-Fi|Thriller,9886
173,Judge Dredd (1995),Action|Crime|Sci-Fi,9482
174,Jury Duty (1995),Comedy,19326
175,Kids (1995),Drama,9344
176,Living in Oblivion (1995),Comedy,9071
177,Lord of Illusions (1995),Horror,8973
178,Love & Human Remains (1993),Comedy|Drama,15730
179,Mad Love (1995),Drama|Romance,47608
180,Mallrats (1995),Comedy|Romance,2293
181,Mighty Morphin Power Rangers: The Movie (1995),Action|Children,9070
183,Mute Witness (1994),Comedy|Horror|Thriller,48787
185,"Net, The (1995)",Action|Crime|Thriller,1642
186,Nine Months (1995),Comedy|Romance,11472
188,"Prophecy, The (1995)",Fantasy|Horror|Mystery,11980
189,Reckless (1995),Comedy|Fantasy,58372
190,Safe (1995),Thriller,32646
191,"Scarlet Letter, The (1995)",Drama|Romance,10533
193,Showgirls (1995),Drama,10802
194,Smoke (1995),Comedy|Drama,10149
195,Something to Talk About (1995),Comedy|Drama|Romance,18402
196,Species (1995),Horror|Sci-Fi,9348
198,Strange Days (1995),Action|Crime|Drama|Mystery|Sci-Fi|Thriller,281
199,"Umbrellas of Cherbourg, The (Parapluies de Cherbourg, Les) (1964)",Drama|Musical|Romance,5967
200,"Tie That Binds, The (1995)",Thriller,79593
203,"To Wong Foo, Thanks for Everything! Julie Newmar (1995)",Comedy,9090
204,Under Siege 2: Dark Territory (1995),Action,3512
205,Unstrung Heroes (1995),Comedy|Drama,52856
206,Unzipped (1995),Documentary,77350
207,"Walk in the Clouds, A (1995)",Drama|Romance,9560
208,Waterworld (1995),Action|Adventure|Sci-Fi,9804
213,Burnt by the Sun (Utomlyonnye solntsem) (1994),Drama,50797
214,Before the Rain (Pred dozhdot) (1994),Drama|War,19155
215,Before Sunrise (1995),Drama|Romance,76
216,Billy Madison (1995),Comedy,11017
217,"Babysitter, The (1995)",Drama|Thriller,37141
218,Boys on the Side (1995),Comedy|Drama,9382
219,"Cure, The (1995)",Drama,6715
222,Circle of Friends (1995),Drama|Romance,22625
223,Clerks (1994),Comedy,2292
224,Don Juan DeMarco (1995),Comedy|Drama|Romance,1909
225,Disclosure (1994),Drama|Thriller,8984
227,Drop Zone (1994),Action|Thriller,4954
228,Destiny Turns on the Radio (1995),Comedy,62488
229,Death and the Maiden (1994),Drama|Thriller,10531
230,Dolores Claiborne (1995),Drama|Thriller,11929
231,Dumb & Dumber (Dumb and Dumber) (1994),Adventure|Comedy,8467
232,Eat Drink Man Woman (Yin shi nan nu) (1994),Comedy|Drama|Romance,10451
233,Exotica (1994),Drama,20156
234,Exit to Eden (1994),Comedy,18395
235,Ed Wood (1994),Comedy|Drama,522
236,French Kiss (1995),Action|Comedy|Romance,397
237,Forget Paris (1995),Comedy|Romance,10525
238,Far From Home: The Adventures of Yellow Dog (1995),Adventure|Children,27985
239,"Goofy Movie, A (1995)",Animation|Children|Comedy|Romance,15789
240,Hideaway (1995),Thriller,27303
242,Farinelli: il castrato (1994),Drama|Musical,10954
243,Gordy (1995),Children|Comedy|Fantasy,47867
244,Gumby: The Movie (1995),Animation|Children,43475
246,Hoop Dreams (1994),Documentary,14275
247,Heavenly Creatures (1994),Crime|Drama,1024
248,Houseguest (1994),Comedy,17207
249,Immortal Beloved (1994),Drama|Romance,13701
252,I.Q. (1994),Comedy|Romance,11777
253,Interview with the Vampire: The Vampire Chronicles (1994),Drama|Horror,628
255,"Jerky Boys, The (1995)",Comedy,18713
256,Junior (1994),Comedy|Sci-Fi,6280
257,Just Cause (1995),Mystery|Thriller,9061
258,"Kid in King Arthur's Court, A (1995)",Adventure|Children|Comedy|Fantasy|Romance,37108
259,Kiss of Death (1995),Crime|Drama|Thriller,6071
260,Star Wars: Episode IV - A New Hope (1977),Action|Adventure|Sci-Fi,11
261,Little Women (1994),Drama,9587
262,"Little Princess, A (1995)",Children|Drama,19101
265,Like Water for Chocolate (Como agua para chocolate) (1992),Drama|Fantasy|Romance,18183
266,Legends of the Fall (1994),Drama|Romance|War|Western,4476
267,Major Payne (1995),Comedy,11008
268,Little Odessa (1994),Crime|Drama,47504
269,My Crazy Life (Mi vida loca) (1993),Drama,32325
270,Love Affair (1994),Drama|Romance,43742
271,Losing Isaiah (1995),Drama,28313
272,"Madness of King George, The (1994)",Comedy|Drama,11318
273,Mary Shelley's Frankenstein (Frankenstein) (1994),Drama|Horror|Sci-Fi,3036
274,Man of the House (1995),Comedy,40490
275,Mixed Nuts (1994),Comedy,24070
276,Milk Money (1994),Comedy|Romance,8986
277,Miracle on 34th Street (1994),Drama,10510
278,Miami Rhapsody (1995),Comedy,17402
279,My Family (1995),Drama,38722
280,Murder in the First (1995),Drama|Thriller,8438
281,Nobody's Fool (1994),Comedy|Drama|Romance,11593
282,Nell (1994),Drama,1945
283,New Jersey Drive (1995),Crime|Drama,39310
287,Nina Takes a Lover (1994),Comedy|Romance,131957
288,Natural Born Killers (1994),Action|Crime|Thriller,241
289,Only You (1994),Comedy|Romance,9058
290,Once Were Warriors (1994),Crime|Drama,527
292,Outbreak (1995),Action|Drama|Sci-Fi|Thriller,6950
293,Léon: The Professional (a.k.a. The Professional) (Léon) (1994),Action|Crime|Drama|Thriller,101
294,"Perez Family, The (1995)",Comedy|Romance,63020
295,"Pyromaniac's Love Story, A (1995)",Comedy|Romance,2307
296,Pulp Fiction (1994),Comedy|Crime|Drama|Thriller,680
297,Panther (1995),Drama,41478
299,Priest (1994),Drama,40156
300,Quiz Show (1994),Drama,11450
301,Picture Bride (Bijo photo) (1994),Drama|Romance,30304
302,"Queen Margot (Reine Margot, La) (1994)",Drama|Romance,10452
303,"Quick and the Dead, The (1995)",Action|Thriller|Western,12106
304,Roommates (1995),Comedy|Drama,161495
305,Ready to Wear (Pret-A-Porter) (1994),Comedy,3586
306,Three Colors: Red (Trois couleurs: Rouge) (1994),Drama,110
307,Three Colors: Blue (Trois couleurs: Bleu) (1993),Drama,108
308,Three Colors: White (Trzy kolory: Bialy) (1994),Comedy|Drama,109
309,"Red Firecracker, Green Firecracker (Pao Da Shuang Deng) (1994)",Drama,159185
312,Stuart Saves His Family (1995),Comedy,28033
313,"Swan Princess, The (1994)",Animation|Children,22586
314,"Secret of Roan Inish, The (1994)",Children|Drama|Fantasy|Mystery,14334
315,"Specialist, The (1994)",Action|Drama|Thriller,2636
316,Stargate (1994),Action|Adventure|Sci-Fi,2164
317,"Santa Clause, The (1994)",Comedy|Drama|Fantasy,11395
318,"Shawshank Redemption, The (1994)",Crime|Drama,278
319,Shallow Grave (1994),Comedy|Drama|Thriller,9905
320,Suture (1993),Film-Noir|Thriller,87078
321,Strawberry and Chocolate (Fresa y chocolate) (1993),Drama,12527
322,Swimming with Sharks (1995),Comedy|Drama,20306
325,National Lampoon's Senior Trip (1995),Comedy,27993
326,To Live (Huozhe) (1994),Drama,31439
327,Tank Girl (1995),Action|Comedy|Sci-Fi,9067
328,Tales from the Crypt Presents: Demon Knight (1995),Horror|Thriller,9059
329,Star Trek: Generations (1994),Adventure|Drama|Sci-Fi,193
330,Tales from the Hood (1995),Action|Crime|Horror,25066
331,Tom & Viv (1994),Drama,46797
332,Village of the Damned (1995),Horror|Sci-Fi,12122
333,Tommy Boy (1995),Comedy,11381
334,Vanya on 42nd Street (1994),Drama,32636
335,Underneath (1995),Mystery|Thriller,36141
336,"Walking Dead, The (1995)",Drama|War,95963
337,What's Eating Gilbert Grape (1993),Drama,1587
338,Virtuosity (1995),Action|Sci-Fi|Thriller,9271
339,While You Were Sleeping (1995),Comedy|Romance,2064
340,"War, The (1994)",Adventure|Drama|War,19855
342,Muriel's Wedding (1994),Comedy,236
343,"Baby-Sitters Club, The (1995)",Children,48287
344,Ace Ventura: Pet Detective (1994),Comedy,3049
345,"Adventures of Priscilla, Queen of the Desert, The (1994)",Comedy|Drama,2759
346,Backbeat (1993),Drama|Musical,12635
347,Bitter Moon (1992),Drama|Film-Noir|Romance,10497
348,Bullets Over Broadway (1994),Comedy,11382
349,Clear and Present Danger (1994),Action|Crime|Drama|Thriller,9331
350,"Client, The (1994)",Drama|Mystery|Thriller,10731
351,"Corrina, Corrina (1994)",Comedy|Drama|Romance,10464
352,Crooklyn (1994),Comedy|Drama,34152
353,"Crow, The (1994)",Action|Crime|Fantasy|Thriller,9495
354,Cobb (1994),Drama,29973
355,"Flintstones, The (1994)",Children|Comedy|Fantasy,888
356,Forrest Gump (1994),Comedy|Drama|Romance|War,13
357,Four Weddings and a Funeral (1994),Comedy|Romance,712
358,Higher Learning (1995),Drama,16295
360,I Love Trouble (1994),Action|Comedy,10879
361,It Could Happen to You (1994),Comedy|Drama|Romance,10660
362,"Jungle Book, The (1994)",Adventure|Children|Romance,10714
363,"Wonderful, Horrible Life of Leni Riefenstahl, The (Macht der Bilder: Leni Riefenstahl, Die) (1993)",Documentary,41647
364,"Lion King, The (1994)",Adventure|Animation|Children|Drama|Musical|IMAX,8587
365,Little Buddha (1993),Drama,1689
366,"Wes Craven's New Nightmare (Nightmare on Elm Street Part 7: Freddy's Finale, A) (1994)",Drama|Horror|Mystery|Thriller,11596
367,"Mask, The (1994)",Action|Comedy|Crime|Fantasy,854
368,Maverick (1994),Adventure|Comedy|Western,9359
369,Mrs. Parker and the Vicious Circle (1994),Drama,23333
370,Naked Gun 33 1/3: The Final Insult (1994),Action|Comedy,36593
371,"Paper, The (1994)",Comedy|Drama,12280
372,Reality Bites (1994),Comedy|Drama|Romance,2788
373,Red Rock West (1992),Thriller,10427
374,Richie Rich (1994),Children|Comedy,11011
375,Safe Passage (1994),Drama,49803
376,"River Wild, The (1994)",Action|Thriller,8987
377,Speed (1994),Action|Romance|Thriller,1637
378,Speechless (1994),Comedy|Romance,15128
379,Timecop (1994),Action|Sci-Fi|Thriller,8831
380,True Lies (1994),Action|Adventure|Comedy|Romance|Thriller,36955
381,When a Man Loves a Woman (1994),Drama|Romance,10449
382,Wolf (1994),Drama|Horror|Romance|Thriller,10395
383,Wyatt Earp (1994),Western,12160
393,Street Fighter (1994),Action|Adventure|Fantasy,11667
394,Coldblooded (1995),Comedy,32502
405,Highlander III: The Sorcerer (a.k.a. Highlander: The Final Dimension) (1994),Action|Fantasy,8011
407,In the Mouth of Madness (1995),Horror|Thriller,2654
409,Above the Rim (1994),Crime|Drama,19092
410,Addams Family Values (1993),Children|Comedy|Fantasy,2758
412,"Age of Innocence, The (1993)",Drama,10436
413,Airheads (1994),Comedy,13595
415,Another Stakeout (1993),Comedy|Thriller,9409
416,Bad Girls (1994),Western,11853
417,Barcelona (1994),Comedy|Romance,16771
418,Being Human (1993),Drama,46924
419,"Beverly Hillbillies, The (1993)",Comedy,11041
420,Beverly Hills Cop III (1994),Action|Comedy|Crime|Thriller,306
421,Black Beauty (1994),Adventure|Children|Drama,14522
422,Blink (1994),Thriller,26203
423,Blown Away (1994),Action|Thriller,178
424,Blue Chips (1994),Drama,19819
426,Body Snatchers (1993),Horror|Sci-Fi|Thriller,4722
427,Boxing Helena (1993),Drama|Mystery|Romance|Thriller,18215
428,"Bronx Tale, A (1993)",Drama,1607
429,Cabin Boy (1994),Comedy,26391
431,Carlito's Way (1993),Crime|Drama,6075
432,City Slickers II: The Legend of Curly's Gold (1994),Adventure|Comedy|Western,11310
433,Clean Slate (1994),Comedy,18658
434,Cliffhanger (1993),Action|Adventure|Thriller,9350
435,Coneheads (1993),Comedy|Sci-Fi,9612
436,Color of Night (1994),Drama|Thriller,2124
437,Cops and Robbersons (1994),Comedy,26261
440,Dave (1993),Comedy|Romance,11566
441,Dazed and Confused (1993),Comedy,9571
442,Demolition Man (1993),Action|Adventure|Sci-Fi,9739
443,"Endless Summer 2, The (1994)",Adventure|Documentary,24257
444,Even Cowgirls Get the Blues (1993),Comedy|Romance,34444
445,Fatal Instinct (1993),Comedy,26141
446,Farewell My Concubine (Ba wang bie ji) (1993),Drama|Romance,10997
448,Fearless (1993),Drama,10443
449,Fear of a Black Hat (1994),Comedy,20239
450,With Honors (1994),Comedy|Drama,16297
452,Widows' Peak (1994),Drama,25440
453,For Love or Money (1993),Comedy|Romance,9024
454,"Firm, The (1993)",Drama|Thriller,37233
455,Free Willy (1993),Adventure|Children|Drama,1634
456,Fresh (1994),Crime|Drama|Thriller,13815
457,"Fugitive, The (1993)",Thriller,5503
458,Geronimo: An American Legend (1993),Drama|Western,35588
459,"Getaway, The (1994)",Action|Adventure|Crime|Drama|Romance|Thriller,2087
460,Getting Even with Dad (1994),Comedy,41579
461,Go Fish (1994),Drama|Romance,18620
462,"Good Man in Africa, A (1994)",Action|Adventure,41006
464,Hard Target (1993),Action|Adventure|Crime|Thriller,2019
465,Heaven & Earth (1993),Action|Drama|War,31642
466,Hot Shots! Part Deux (1993),Action|Comedy|War,9255
467,Live Nude Girls (1995),Comedy,26271
468,"Englishman Who Went Up a Hill But Came Down a Mountain, The (1995)",Comedy|Romance,10612
469,"House of the Spirits, The (1993)",Drama|Romance,2259
471,"Hudsucker Proxy, The (1994)",Comedy,11934
472,I'll Do Anything (1994),Comedy|Drama,106143
474,In the Line of Fire (1993),Action|Thriller,9386
475,In the Name of the Father (1993),Drama,7984
477,What's Love Got to Do with It? (1993),Drama|Musical,15765
479,Judgment Night (1993),Action|Crime|Thriller,6
480,Jurassic Park (1993),Action|Adventure|Sci-Fi|Thriller,329
481,Kalifornia (1993),Drama|Thriller,10909
482,Killing Zoe (1994),Crime|Drama|Thriller,507
483,King of the Hill (1993),Drama,34024
484,Lassie (1994),Adventure|Children,29918
485,Last Action Hero (1993),Action|Adventure|Comedy|Fantasy,9593
486,Life with Mikey (1993),Comedy,42580
487,Lightning Jack (1994),Comedy|Western,22317
488,M. Butterfly (1993),Drama|Romance,1413
489,Made in America (1993),Comedy,12121
490,Malice (1993),Thriller,2246
491,"Man Without a Face, The (1993)",Drama,10502
492,Manhattan Murder Mystery (1993),Comedy|Mystery,10440
493,Menace II Society (1993),Action|Crime|Drama,9516
494,Executive Decision (1996),Action|Adventure|Thriller,2320
495,In the Realm of the Senses (Ai no corrida) (1976),Drama,5879
496,What Happened Was... (1994),Comedy|Drama|Romance|Thriller,83718
497,Much Ado About Nothing (1993),Comedy|Romance,11971
500,Mrs. Doubtfire (1993),Comedy|Drama,788
501,Naked (1993),Drama,21450
502,"Next Karate Kid, The (1994)",Action|Children|Romance,11231
504,No Escape (1994),Action|Drama|Sci-Fi,10447
505,North (1994),Comedy,31586
506,Orlando (1992),Drama|Fantasy|Romance,9300
507,"Perfect World, A (1993)",Crime|Drama|Thriller,9559
508,Philadelphia (1993),Drama,9800
509,"Piano, The (1993)",Drama|Romance,713
510,Poetic Justice (1993),Drama,8291
511,"Program, The (1993)",Action|Drama,18133
512,"Puppet Masters, The (1994)",Horror|Sci-Fi,25557
513,Radioland Murders (1994),Comedy|Mystery|Romance,22588
514,"Ref, The (1994)",Comedy,10872
515,"Remains of the Day, The (1993)",Drama|Romance,1245
516,Renaissance Man (1994),Comedy|Drama,11858
517,Rising Sun (1993),Action|Drama|Mystery,7007
518,"Road to Wellville, The (1994)",Comedy,10467
519,RoboCop 3 (1993),Action|Crime|Drama|Sci-Fi|Thriller,5550
520,Robin Hood: Men in Tights (1993),Comedy,8005
521,Romeo Is Bleeding (1993),Crime|Thriller,2088
522,Romper Stomper (1992),Action|Drama,10412
523,Ruby in Paradise (1993),Drama,47889
524,Rudy (1993),Drama,14534
525,"Saint of Fort Washington, The (1993)",Drama,56583
526,"Savage Nights (Nuits fauves, Les) (1992)",Drama,41878
527,Schindler's List (1993),Drama|War,424
529,Searching for Bobby Fischer (1993),Drama,14291
531,"Secret Garden, The (1993)",Children|Drama,11236
532,Serial Mom (1994),Comedy|Crime|Horror,11592
533,"Shadow, The (1994)",Action|Adventure|Fantasy|Mystery,8850
534,Shadowlands (1993),Drama|Romance,10445
535,Short Cuts (1993),Drama,695
537,Sirens (1994),Drama,12519
538,Six Degrees of Separation (1993),Drama,23210
539,Sleepless in Seattle (1993),Comedy|Drama|Romance,858
540,Sliver (1993),Thriller,867
541,Blade Runner (1982),Action|Sci-Fi|Thriller,78
542,Son in Law (1993),Comedy|Drama|Romance,13203
543,So I Married an Axe Murderer (1993),Comedy|Romance|Thriller,10442
544,Striking Distance (1993),Action|Crime,11074
546,Super Mario Bros. (1993),Action|Adventure|Children|Comedy|Fantasy|Sci-Fi,9607
548,Terminal Velocity (1994),Action|Mystery|Thriller,9057
549,Thirty-Two Short Films About Glenn Gould (1993),Drama|Musical,20967
550,Threesome (1994),Comedy|Romance,10635
551,"Nightmare Before Christmas, The (1993)",Animation|Children|Fantasy|Musical,9479
552,"Three Musketeers, The (1993)",Action|Adventure|Comedy|Romance,10057
553,Tombstone (1993),Action|Drama|Western,11969
554,Trial by Jury (1994),Crime|Drama|Thriller,41590
555,True Romance (1993),Crime|Thriller,319
556,"War Room, The (1993)",Documentary,26408
558,"Pagemaster, The (1994)",Action|Adventure|Animation|Children|Fantasy,15139
562,Welcome to the Dollhouse (1995),Comedy|Drama,11446
563,Germinal (1993),Drama|Romance,51980
565,Cronos (1993),Drama|Horror,11655
566,Naked in New York (1994),Comedy|Romance,11800
567,Kika (1993),Comedy|Drama,8223
569,Little Big League (1994),Comedy|Drama,31504
573,"Ciao, Professore! (Io speriamo che me la cavo) (1992)",Drama,23637
575,"Little Rascals, The (1994)",Children|Comedy,10897
577,Andre (1994),Adventure|Children|Drama,21352
580,Princess Caraboo (1994),Drama,37345
581,"Celluloid Closet, The (1995)",Documentary,32562
585,"Brady Bunch Movie, The (1995)",Comedy,9066
586,Home Alone (1990),Children|Comedy,771
587,Ghost (1990),Comedy|Drama|Fantasy|Romance|Thriller,251
588,Aladdin (1992),Adventure|Animation|Children|Comedy|Musical,812
589,Terminator 2: Judgment Day (1991),Action|Sci-Fi,280
590,Dances with Wolves (1990),Adventure|Drama|Western,581
592,Batman (1989),Action|Crime|Thriller,268
593,"Silence of the Lambs, The (1991)",Crime|Horror|Thriller,274
594,Snow White and the Seven Dwarfs (1937),Animation|Children|Drama|Fantasy|Musical,408
595,Beauty and the Beast (1991),Animation|Children|Fantasy|Musical|Romance|IMAX,10020
596,Pinocchio (1940),Animation|Children|Fantasy|Musical,10895
597,Pretty Woman (1990),Comedy|Romance,114
599,"Wild Bunch, The (1969)",Adventure|Western,576
600,Love and a .45 (1994),Action|Comedy|Crime,15477
603,"Bye Bye, Love (1995)",Comedy,30528
605,One Fine Day (1996),Drama|Romance,7300
606,Candyman: Farewell to the Flesh (1995),Fantasy|Horror,10824
608,Fargo (1996),Comedy|Crime|Drama|Thriller,275
609,Homeward Bound II: Lost in San Francisco (1996),Adventure|Children,25059
610,Heavy Metal (1981),Action|Adventure|Animation|Horror|Sci-Fi,11827
611,Hellraiser: Bloodline (1996),Action|Horror|Sci-Fi,8766
612,"Pallbearer, The (1996)",Comedy,23570
616,"Aristocats, The (1970)",Animation|Children,10112
617,"Flower of My Secret, The (La flor de mi secreto) (1995)",Comedy|Drama,4307
618,Two Much (1995),Comedy|Romance,46029
619,Ed (1996),Comedy,32308
626,"Thin Line Between Love and Hate, A (1996)",Comedy,28121
627,"Last Supper, The (1995)",Drama|Thriller,12520
628,Primal Fear (1996),Crime|Drama|Mystery|Thriller,1592
630,Carried Away (1996),Drama|Romance,36447
631,All Dogs Go to Heaven 2 (1996),Adventure|Animation|Children|Fantasy|Musical|Romance,19042
633,Denise Calls Up (1995),Comedy,47449
635,"Family Thing, A (1996)",Comedy|Drama,41852
637,Sgt. Bilko (1996),Comedy,9099
639,Girl 6 (1996),Comedy|Drama,61752
640,Diabolique (1996),Drama|Thriller,10988
645,Nelly & Monsieur Arnaud (1995),Drama,12652
647,Courage Under Fire (1996),Action|Crime|Drama|War,10684
648,Mission: Impossible (1996),Action|Adventure|Mystery|Thriller,954
650,Moll Flanders (1996),Drama,18989
652,"301, 302 (301/302) (1995)",Horror|Mystery|Thriller,54285
653,Dragonheart (1996),Action|Adventure|Fantasy,8840
659,Purple Noon (Plein soleil) (1960),Crime|Drama|Thriller,10363
661,James and the Giant Peach (1996),Adventure|Animation|Children|Fantasy|Musical,10539
662,Fear (1996),Thriller,10543
663,Kids in the Hall: Brain Candy (1996),Comedy,18414
664,Faithful (1996),Comedy,47502
665,Underground (1995),Comedy|Drama|War,11902
667,Bloodsport 2 (a.k.a. Bloodsport II: The Next Kumite) (1996),Action,25087
668,Song of the Little Road (Pather Panchali) (1955),Drama,5801
670,"World of Apu, The (Apur Sansar) (1959)",Drama,896
671,Mystery Science Theater 3000: The Movie (1996),Comedy|Sci-Fi,3065
673,Space Jam (1996),Adventure|Animation|Children|Comedy|Fantasy|Sci-Fi,2300
674,Barbarella (1968),Adventure|Comedy|Sci-Fi,8069
678,Some Folks Call It a Sling Blade (1993),Drama|Thriller,27768
680,"Alphaville (Alphaville, une étrange aventure de Lemmy Caution) (1965)",Drama|Mystery|Romance|Sci-Fi|Thriller,8072
681,Coup de torchon (Clean Slate) (1981),Crime,35797
685,It's My Party (1996),Drama,33245
688,Operation Dumbo Drop (1995),Action|Adventure|Comedy|War,27281
691,Mrs. Winterbourne (1996),Comedy|Romance,40001
692,Solo (1996),Action|Sci-Fi|Thriller,29621
694,"Substitute, The (1996)",Action|Crime|Drama,20762
695,True Crime (1996),Mystery|Thriller,37144
697,Feeling Minnesota (1996),Drama|Romance,12656
700,Angus (1995),Comedy,25969
702,Faces (1968),Drama,753
704,"Quest, The (1996)",Action|Adventure,9103
707,Mulholland Falls (1996),Crime|Drama|Thriller,10990
708,"Truth About Cats & Dogs, The (1996)",Comedy|Romance,8866
709,Oliver & Company (1988),Adventure|Animation|Children|Comedy|Musical,12233
710,Celtic Pride (1996),Comedy,23449
711,Flipper (1996),Adventure|Children,36355
713,Of Love and Shadows (1994),Drama,90148
714,Dead Man (1995),Drama|Mystery|Western,922
715,"Horseman on the Roof, The (Hussard sur le toit, Le) (1995)",Drama|Romance,11876
718,"Visitors, The (Visiteurs, Les) (1993)",Comedy|Fantasy|Sci-Fi,11687
719,Multiplicity (1996),Comedy,9304
720,Wallace & Gromit: The Best of Aardman Animation (1996),Adventure|Animation|Comedy,503475
724,"Craft, The (1996)",Drama|Fantasy|Horror|Thriller,9100
725,"Great White Hype, The (1996)",Comedy,20759
726,Last Dance (1996),Drama,46063
728,Cold Comfort Farm (1995),Comedy,32513
731,Heaven's Prisoners (1996),Crime|Thriller,36915
733,"Rock, The (1996)",Action|Adventure|Thriller,9802
735,Cemetery Man (Dellamorte Dellamore) (1994),Horror,21588
736,Twister (1996),Action|Adventure|Romance|Thriller,664
737,Barb Wire (1996),Action|Sci-Fi,11867
741,Ghost in the Shell (Kôkaku kidôtai) (1995),Animation|Sci-Fi,9323
742,Thinner (1996),Horror|Thriller,10280
743,Spy Hard (1996),Comedy,10535
745,Wallace & Gromit: A Close Shave (1995),Animation|Children|Comedy,532
748,"Arrival, The (1996)",Action|Sci-Fi|Thriller,10547
750,Dr. Strangelove or: How I Learned to Stop Worrying and Love the Bomb (1964),Comedy|War,935
753,"Month by the Lake, A (1995)",Comedy|Drama|Romance,41007
755,Kim (1950),Children|Drama,110465
761,"Phantom, The (1996)",Action|Adventure,9826
762,Striptease (1996),Comedy|Crime,9879
764,Heavy (1995),Drama|Romance,22621
765,Jack (1996),Comedy|Drama,7095
766,I Shot Andy Warhol (1996),Drama,26890
769,Marlene Dietrich: Shadow and Light (1996),Documentary,581579
778,Trainspotting (1996),Comedy|Crime|Drama,627
780,Independence Day (a.k.a. ID4) (1996),Action|Adventure|Sci-Fi|Thriller,602
781,Stealing Beauty (1996),Drama,14553
782,"Fan, The (1996)",Drama|Thriller,9566
783,"Hunchback of Notre Dame, The (1996)",Animation|Children|Drama|Musical|Romance,10545
784,"Cable Guy, The (1996)",Comedy|Thriller,9894
785,Kingpin (1996),Comedy,11543
786,Eraser (1996),Action|Drama|Thriller,9268
788,"Nutty Professor, The (1996)",Comedy|Fantasy|Romance|Sci-Fi,9327
798,Daylight (1996),Action|Adventure|Drama|Thriller,11228
799,"Frighteners, The (1996)",Comedy|Horror|Thriller,10779
800,Lone Star (1996),Drama|Mystery|Western,26748
801,Harriet the Spy (1996),Children|Comedy,38223
802,Phenomenon (1996),Drama|Romance,9294
804,She's the One (1996),Comedy|Romance,11363
805,"Time to Kill, A (1996)",Drama|Thriller,1645
808,Alaska (1996),Adventure|Children,36344
809,Fled (1996),Action|Adventure,18550
810,Kazaam (1996),Children|Comedy|Fantasy,11511
815,Power 98 (1996),Action|Mystery|Thriller,109478
816,Two Deaths (1995),Drama,124645
818,"Very Brady Sequel, A (1996)",Comedy,12606
828,"Adventures of Pinocchio, The (1996)",Adventure|Children,18975
829,Joe's Apartment (1996),Comedy|Fantasy|Musical,11962
830,"First Wives Club, The (1996)",Comedy,2925
832,Ransom (1996),Crime|Thriller,3595
833,High School High (1996),Comedy,9308
835,Foxfire (1996),Drama,18555
836,Chain Reaction (1996),Action|Adventure|Thriller,12123
837,Matilda (1996),Children|Comedy|Fantasy,10830
838,Emma (1996),Comedy|Drama|Romance,3573
839,"Crow: City of Angels, The (1996)",Action|Thriller,10546
840,House Arrest (1996),Children|Comedy,18862
842,Tales from the Crypt Presents: Bordello of Blood (1996),Comedy|Horror,9431
848,"Spitfire Grill, The (1996)",Drama,47907
849,Escape from L.A. (1996),Action|Adventure|Sci-Fi|Thriller,10061
851,Basquiat (1996),Drama,549
852,Tin Cup (1996),Comedy|Drama|Romance,10478
858,"Godfather, The (1972)",Crime|Drama,238
860,"Maybe, Maybe Not (Bewegte Mann, Der) (1994)",Comedy,159
861,Supercop (Police Story 3: Supercop) (Jing cha gu shi III: Chao ji jing cha) (1992),Action|Comedy|Crime|Thriller,11134
866,Bound (1996),Crime|Drama|Romance|Thriller,9303
875,Nothing to Lose (1994),Action|Crime|Drama,410921
879,"Relic, The (1997)",Horror|Thriller,11015
880,"Island of Dr. Moreau, The (1996)",Sci-Fi|Thriller,9306
881,First Kid (1996),Children|Comedy,12559
882,"Trigger Effect, The (1996)",Drama|Thriller,58770
886,Bulletproof (1996),Action|Comedy|Crime,10723
891,Halloween: The Curse of Michael Myers (Halloween 6: The Curse of Michael Myers) (1995),Horror|Thriller,10987
896,Wild Reeds (Les roseaux sauvages) (1994),Drama,26933
897,For Whom the Bell Tolls (1943),Adventure|Drama|Romance|War,27854
898,"Philadelphia Story, The (1940)",Comedy|Drama|Romance,981
899,Singin' in the Rain (1952),Comedy|Musical|Romance,872
900,"American in Paris, An (1951)",Musical|Romance,2769
901,Funny Face (1957),Comedy|Musical,13320
902,Breakfast at Tiffany's (1961),Drama|Romance,164
903,Vertigo (1958),Drama|Mystery|Romance|Thriller,426
904,Rear Window (1954),Mystery|Thriller,567
905,It Happened One Night (1934),Comedy|Romance,3078
906,Gaslight (1944),Drama|Thriller,13528
907,"Gay Divorcee, The (1934)",Comedy|Musical|Romance,28288
908,North by Northwest (1959),Action|Adventure|Mystery|Romance|Thriller,213
909,"Apartment, The (1960)",Comedy|Drama|Romance,284
910,Some Like It Hot (1959),Comedy|Crime,239
911,Charade (1963),Comedy|Crime|Mystery|Romance|Thriller,4808
912,Casablanca (1942),Drama|Romance,289
913,"Maltese Falcon, The (1941)",Film-Noir|Mystery,963
914,My Fair Lady (1964),Comedy|Drama|Musical|Romance,11113
915,Sabrina (1954),Comedy|Romance,6620
916,Roman Holiday (1953),Comedy|Drama|Romance,804
917,"Little Princess, The (1939)",Children|Drama,26531
918,Meet Me in St. Louis (1944),Musical,909
919,"Wizard of Oz, The (1939)",Adventure|Children|Fantasy|Musical,630
920,Gone with the Wind (1939),Drama|Romance|War,770
921,My Favorite Year (1982),Comedy,31044
922,Sunset Blvd. (a.k.a. Sunset Boulevard) (1950),Drama|Film-Noir|Romance,599
923,Citizen Kane (1941),Drama|Mystery,15
924,2001: A Space Odyssey (1968),Adventure|Drama|Sci-Fi,62
926,All About Eve (1950),Drama,705
927,"Women, The (1939)",Comedy,22490
928,Rebecca (1940),Drama|Mystery|Romance|Thriller,223
929,Foreign Correspondent (1940),Drama|Film-Noir|Mystery|Thriller,25670
930,Notorious (1946),Film-Noir|Romance|Thriller,303
931,Spellbound (1945),Mystery|Romance|Thriller,4174
932,"Affair to Remember, An (1957)",Drama|Romance,8356
933,To Catch a Thief (1955),Crime|Mystery|Romance|Thriller,381
934,Father of the Bride (1950),Comedy,20758
936,Ninotchka (1939),Comedy|Romance,1859
937,Love in the Afternoon (1957),Comedy|Romance,18299
938,Gigi (1958),Musical,17281
940,"Adventures of Robin Hood, The (1938)",Action|Adventure|Romance,10907
941,"Mark of Zorro, The (1940)",Adventure,32093
942,Laura (1944),Crime|Film-Noir|Mystery,1939
943,"Ghost and Mrs. Muir, The (1947)",Drama|Fantasy|Romance,22292
945,Top Hat (1935),Comedy|Musical|Romance,3080
946,To Be or Not to Be (1942),Comedy|Drama|War,198
947,My Man Godfrey (1936),Comedy|Romance,13562
948,Giant (1956),Drama|Romance|Western,1712
949,East of Eden (1955),Drama,220
950,"Thin Man, The (1934)",Comedy|Crime,3529
951,His Girl Friday (1940),Comedy|Romance,3085
952,Around the World in 80 Days (1956),Adventure|Comedy,2897
953,It's a Wonderful Life (1946),Children|Drama|Fantasy|Romance,1585
954,Mr. Smith Goes to Washington (1939),Drama,3083
955,Bringing Up Baby (1938),Comedy|Romance,900
956,Penny Serenade (1941),Drama|Romance,43795
959,Of Human Bondage (1934),Drama,43905
963,"Inspector General, The (1949)",Musical,40206
964,Angel and the Badman (1947),Romance|Western,22356
965,"39 Steps, The (1935)",Drama|Mystery|Thriller,260
968,Night of the Living Dead (1968),Horror|Sci-Fi|Thriller,10331
969,"African Queen, The (1951)",Adventure|Comedy|Romance|War,488
971,Cat on a Hot Tin Roof (1958),Drama,261
973,Meet John Doe (1941),Comedy|Drama,32574
976,"Farewell to Arms, A (1932)",Romance|War,22649
982,Picnic (1955),Drama,39940
986,Fly Away Home (1996),Adventure|Children,11076
987,Bliss (1997),Drama|Romance,63945
990,Maximum Risk (1996),Action|Adventure|Thriller,10861
991,Michael Collins (1996),Drama,1770
994,Big Night (1996),Comedy|Drama,18203
996,Last Man Standing (1996),Action|Crime|Drama|Thriller,9333
999,2 Days in the Valley (1996),Crime|Film-Noir,9401
1003,Extreme Measures (1996),Drama|Thriller,11306
1004,"Glimmer Man, The (1996)",Action|Thriller,9625
1005,D3: The Mighty Ducks (1996),Children|Comedy,10680
1006,"Chamber, The (1996)",Drama,6346
1009,Escape to Witch Mountain (1975),Adventure|Children|Fantasy,14821
1010,"Love Bug, The (1969)",Children|Comedy,14136
1011,Herbie Rides Again (1974),Children|Comedy|Fantasy|Romance,10869
1012,Old Yeller (1957),Children|Drama,22660
1013,"Parent Trap, The (1961)",Children|Comedy|Romance,19186
1014,Pollyanna (1960),Children|Comedy|Drama,31102
1015,Homeward Bound: The Incredible Journey (1993),Adventure|Children|Drama,6878
1016,"Shaggy Dog, The (1959)",Children|Comedy,15944
1017,Swiss Family Robinson (1960),Adventure|Children,18444
1018,That Darn Cat! (1965),Children|Comedy|Mystery,20723
1019,"20,000 Leagues Under the Sea (1954)",Adventure|Drama|Sci-Fi,173
1020,Cool Runnings (1993),Comedy,864
1021,Angels in the Outfield (1994),Children|Comedy,24795
1022,Cinderella (1950),Animation|Children|Fantasy|Musical|Romance,11224
1023,Winnie the Pooh and the Blustery Day (1968),Animation|Children|Musical,81310
1024,"Three Caballeros, The (1945)",Animation|Children|Musical,15947
1025,"Sword in the Stone, The (1963)",Animation|Children|Fantasy|Musical,9078
1027,Robin Hood: Prince of Thieves (1991),Adventure|Drama,8367
1028,Mary Poppins (1964),Children|Comedy|Fantasy|Musical,433
1029,Dumbo (1941),Animation|Children|Drama|Musical,11360
1030,Pete's Dragon (1977),Adventure|Animation|Children|Musical,11114
1031,Bedknobs and Broomsticks (1971),Adventure|Children|Musical,12335
1032,Alice in Wonderland (1951),Adventure|Animation|Children|Fantasy|Musical,12092
1033,"Fox and the Hound, The (1981)",Animation|Children|Drama,10948
1034,Freeway (1996),Comedy|Crime|Drama|Thriller,11229
1035,"Sound of Music, The (1965)",Musical|Romance,15121
1036,Die Hard (1988),Action|Crime|Thriller,562
1037,"Lawnmower Man, The (1992)",Action|Horror|Sci-Fi|Thriller,10163
1038,Unhook the Stars (1996),Drama,48862
1040,"Secret Agent, The (1996)",Drama,47199
1041,Secrets & Lies (1996),Drama,11159
1042,That Thing You Do! (1996),Comedy|Drama,9591
1043,To Gillian on Her 37th Birthday (1996),Drama|Romance,30500
1046,Beautiful Thing (1996),Drama|Romance,10938
1047,"Long Kiss Goodnight, The (1996)",Action|Drama|Thriller,11412
1049,"Ghost and the Darkness, The (1996)",Action|Adventure,10586
1050,Looking for Richard (1996),Documentary|Drama,42314
1051,Trees Lounge (1996),Drama,27845
1054,Get on the Bus (1996),Drama,49471
1056,Jude (1996),Drama,25147
1057,Everyone Says I Love You (1996),Comedy|Musical|Romance,9716
1058,Bitter Sugar (Azúcar amarga) (1996),Drama,43777
1059,William Shakespeare's Romeo + Juliet (1996),Drama|Romance,454
1060,Swingers (1996),Comedy|Drama,10218
1061,Sleepers (1996),Thriller,819
1066,Shall We Dance (1937),Comedy|Musical|Romance,31530
1068,Crossfire (1947),Crime|Film-Noir,28120
1073,Willy Wonka & the Chocolate Factory (1971),Children|Comedy|Fantasy|Musical,252
1076,"Innocents, The (1961)",Drama|Horror|Thriller,16372
1077,Sleeper (1973),Comedy|Sci-Fi,11561
1078,Bananas (1971),Comedy|War,11302
1079,"Fish Called Wanda, A (1988)",Comedy|Crime,623
1080,Monty Python's Life of Brian (1979),Comedy,583
1081,Victor/Victoria (1982),Comedy|Musical|Romance,12614
1082,"Candidate, The (1972)",Drama,21711
1084,Bonnie and Clyde (1967),Crime|Drama,475
1085,"Old Man and the Sea, The (1958)",Adventure|Drama,11331
1086,Dial M for Murder (1954),Crime|Mystery|Thriller,521
1087,Madame Butterfly (1995),Musical,21202
1088,Dirty Dancing (1987),Drama|Musical|Romance,88
1089,Reservoir Dogs (1992),Crime|Mystery|Thriller,500
1090,Platoon (1986),Drama|War,792
1091,Weekend at Bernie's (1989),Comedy,8491
1092,Basic Instinct (1992),Crime|Mystery|Thriller,402
1093,"Doors, The (1991)",Drama,10537
1094,"Crying Game, The (1992)",Drama|Romance|Thriller,11386
1095,Glengarry Glen Ross (1992),Drama,9504
1096,Sophie's Choice (1982),Drama,15764
1097,E.T. the Extra-Terrestrial (1982),Children|Drama|Sci-Fi,601
1099,"Christmas Carol, A (1938)",Children|Drama|Fantasy,25842
1100,Days of Thunder (1990),Action|Drama|Romance,2119
1101,Top Gun (1986),Action|Romance,744
1103,Rebel Without a Cause (1955),Drama,221
1104,"Streetcar Named Desire, A (1951)",Drama,702
1111,Microcosmos (Microcosmos: Le peuple de l'herbe) (1996),Documentary,9305
1120,"People vs. Larry Flynt, The (1996)",Comedy|Drama,1630
1123,"Perfect Candidate, A (1996)",Documentary,124837
1124,On Golden Pond (1981),Drama,11816
1125,"Return of the Pink Panther, The (1975)",Comedy|Crime,11843
1126,Drop Dead Fred (1991),Comedy|Fantasy,10379
1127,"Abyss, The (1989)",Action|Adventure|Sci-Fi|Thriller,2756
1128,"Fog, The (1980)",Horror,790
1129,Escape from New York (1981),Action|Adventure|Sci-Fi|Thriller,1103
1130,"Howling, The (1980)",Horror|Mystery,11298
1131,Jean de Florette (1986),Drama|Mystery,4480
1132,Manon of the Spring (Manon des sources) (1986),Drama,4481
1135,Private Benjamin (1980),Comedy,10765
1136,Monty Python and the Holy Grail (1975),Adventure|Comedy|Fantasy,762
1147,When We Were Kings (1996),Documentary,10548
1148,Wallace & Gromit: The Wrong Trousers (1993),Animation|Children|Comedy|Crime,531
1150,"Return of Martin Guerre, The (Retour de Martin Guerre, Le) (1982)",Drama,4483
1161,"Tin Drum, The (Blechtrommel, Die) (1979)",Drama|War,659
1162,"Ruling Class, The (1972)",Comedy|Drama,30892
1163,Mina Tannenbaum (1994),Drama,86369
1167,Dear God (1996),Comedy,38554
1171,Bob Roberts (1992),Comedy,10608
1172,Cinema Paradiso (Nuovo cinema Paradiso) (1989),Drama,11216
1173,"Cook the Thief His Wife & Her Lover, The (1989)",Comedy|Drama,7452
1174,Dead Tired (Grosse Fatigue) (1994),Comedy,64567
1175,Delicatessen (1991),Comedy|Drama|Romance,892
1176,"Double Life of Veronique, The (Double Vie de Véronique, La) (1991)",Drama|Fantasy|Romance,1600
1177,Enchanted April (1992),Drama|Romance,26561
1178,Paths of Glory (1957),Drama|War,975
1179,"Grifters, The (1990)",Crime|Drama|Film-Noir,18129
1180,Hear My Song (1991),Comedy,54405
1181,"Shooter, The (1997)",Western,150823
1183,"English Patient, The (1996)",Drama|Romance|War,409
1184,Mediterraneo (1991),Comedy|Drama,38251
1185,My Left Foot (1989),Drama,10161
1186,"Sex, Lies, and Videotape (1989)",Drama,1412
1187,Passion Fish (1992),Drama,41768
1188,Strictly Ballroom (1992),Comedy|Romance,10409
1189,"Thin Blue Line, The (1988)",Documentary,14285
1190,Tie Me Up! Tie Me Down! (¡Átame!) (1990),Crime|Drama|Romance,2469
1191,Madonna: Truth or Dare (1991),Documentary|Musical,10174
1192,Paris Is Burning (1990),Documentary,31225
1193,One Flew Over the Cuckoo's Nest (1975),Drama,510
1194,Cheech and Chong's Up in Smoke (1978),Comedy,11455
1196,Star Wars: Episode V - The Empire Strikes Back (1980),Action|Adventure|Sci-Fi,1891
1197,"Princess Bride, The (1987)",Action|Adventure|Comedy|Fantasy|Romance,2493
1198,Raiders of the Lost Ark (Indiana Jones and the Raiders of the Lost Ark) (1981),Action|Adventure,85
1199,Brazil (1985),Fantasy|Sci-Fi,68
1200,Aliens (1986),Action|Adventure|Horror|Sci-Fi,679
1201,"Good, the Bad and the Ugly, The (Buono, il brutto, il cattivo, Il) (1966)",Action|Adventure|Western,429
1202,Withnail & I (1987),Comedy,13446
1203,12 Angry Men (1957),Drama,389
1204,Lawrence of Arabia (1962),Adventure|Drama|War,947
1206,"Clockwork Orange, A (1971)",Crime|Drama|Sci-Fi|Thriller,185
1207,To Kill a Mockingbird (1962),Drama,595
1208,Apocalypse Now (1979),Action|Drama|War,28
1209,Once Upon a Time in the West (C'era una volta il West) (1968),Action|Drama|Western,335
1210,Star Wars: Episode VI - Return of the Jedi (1983),Action|Adventure|Sci-Fi,1892
1211,"Wings of Desire (Himmel über Berlin, Der) (1987)",Drama|Fantasy|Romance,144
1212,"Third Man, The (1949)",Film-Noir|Mystery|Thriller,1092
1213,Goodfellas (1990),Crime|Drama,769
1214,Alien (1979),Horror|Sci-Fi,348
1215,Army of Darkness (1993),Action|Adventure|Comedy|Fantasy|Horror,766
1216,"Big Blue, The (Grand bleu, Le) (1988)",Adventure|Drama|Romance,175
1217,Ran (1985),Drama|War,11645
1218,"Killer, The (Die xue shuang xiong) (1989)",Action|Crime|Drama|Thriller,10835
1219,Psycho (1960),Crime|Horror,539
1220,"Blues Brothers, The (1980)",Action|Comedy|Musical,525
1221,"Godfather: Part II, The (1974)",Crime|Drama,240
1222,Full Metal Jacket (1987),Drama|War,600
1223,"Grand Day Out with Wallace and Gromit, A (1989)",Adventure|Animation|Children|Comedy|Sci-Fi,530
1224,Henry V (1989),Action|Drama|Romance|War,10705
1225,Amadeus (1984),Drama,279
1226,"Quiet Man, The (1952)",Drama|Romance,3109
1227,Once Upon a Time in America (1984),Crime|Drama,311
1228,Raging Bull (1980),Drama,1578
1230,Annie Hall (1977),Comedy|Romance,703
1231,"Right Stuff, The (1983)",Drama,9549
1232,Stalker (1979),Drama|Mystery|Sci-Fi,1398
1233,"Boot, Das (Boat, The) (1981)",Action|Drama|War,387
1234,"Sting, The (1973)",Comedy|Crime,9277
1235,Harold and Maude (1971),Comedy|Drama|Romance,343
1236,Trust (1990),Comedy|Drama|Romance,37291
1237,"Seventh Seal, The (Sjunde inseglet, Det) (1957)",Drama,490
1238,Local Hero (1983),Comedy,11235
1240,"Terminator, The (1984)",Action|Sci-Fi|Thriller,218
1241,Dead Alive (Braindead) (1992),Comedy|Fantasy|Horror,763
1242,Glory (1989),Drama|War,9665
1243,Rosencrantz and Guildenstern Are Dead (1990),Comedy|Drama,18971
1244,Manhattan (1979),Comedy|Drama|Romance,696
1245,Miller's Crossing (1990),Crime|Drama|Film-Noir|Thriller,379
1246,Dead Poets Society (1989),Drama,207
1247,"Graduate, The (1967)",Comedy|Drama|Romance,37247
1248,Touch of Evil (1958),Crime|Film-Noir|Thriller,1480
1249,"Femme Nikita, La (Nikita) (1990)",Action|Crime|Romance|Thriller,9322
1250,"Bridge on the River Kwai, The (1957)",Adventure|Drama|War,826
1251,8 1/2 (8½) (1963),Drama|Fantasy,422
1252,Chinatown (1974),Crime|Film-Noir|Mystery|Thriller,829
1253,"Day the Earth Stood Still, The (1951)",Drama|Sci-Fi|Thriller,828
1254,"Treasure of the Sierra Madre, The (1948)",Action|Adventure|Drama|Western,3090
1255,Bad Taste (1987),Comedy|Horror|Sci-Fi,9964
1256,Duck Soup (1933),Comedy|Musical|War,3063
1257,Better Off Dead... (1985),Comedy|Romance,13667
1258,"Shining, The (1980)",Horror,694
1259,Stand by Me (1986),Adventure|Drama,235
1260,M (1931),Crime|Film-Noir|Thriller,832
1261,Evil Dead II (Dead by Dawn) (1987),Action|Comedy|Fantasy|Horror,765
1262,"Great Escape, The (1963)",Action|Adventure|Drama|War,5925
1263,"Deer Hunter, The (1978)",Drama|War,11778
1264,Diva (1981),Action|Drama|Mystery|Romance|Thriller,4485
1265,Groundhog Day (1993),Comedy|Fantasy|Romance,137
1266,Unforgiven (1992),Drama|Western,33
1267,"Manchurian Candidate, The (1962)",Crime|Thriller|War,982
1268,Pump Up the Volume (1990),Comedy|Drama,8428
1269,Arsenic and Old Lace (1944),Comedy|Mystery|Thriller,212
1270,Back to the Future (1985),Adventure|Comedy|Sci-Fi,105
1271,Fried Green Tomatoes (1991),Comedy|Crime|Drama,1633
1272,Patton (1970),Drama|War,11202
1273,Down by Law (1986),Comedy|Drama|Film-Noir,1554
1274,Akira (1988),Action|Adventure|Animation|Sci-Fi,149
1275,Highlander (1986),Action|Adventure|Fantasy,8009
1276,Cool Hand Luke (1967),Drama,903
1277,Cyrano de Bergerac (1990),Comedy|Drama|Romance,11673
1278,Young Frankenstein (1974),Comedy|Fantasy,3034
1279,Night on Earth (1991),Comedy|Drama,339
1280,Raise the Red Lantern (Da hong deng long gao gao gua) (1991),Drama,10404
1281,"Great Dictator, The (1940)",Comedy|Drama|War,914
1282,Fantasia (1940),Animation|Children|Fantasy|Musical,756
1283,High Noon (1952),Drama|Western,288
1284,"Big Sleep, The (1946)",Crime|Film-Noir|Mystery,910
1285,Heathers (1989),Comedy,2640
1286,Somewhere in Time (1980),Drama|Romance,16633
1287,Ben-Hur (1959),Action|Adventure|Drama,665
1288,This Is Spinal Tap (1984),Comedy,11031
1289,Koyaanisqatsi (a.k.a. Koyaanisqatsi: Life Out of Balance) (1983),Documentary,11314
1290,Some Kind of Wonderful (1987),Drama|Romance,15143
1291,Indiana Jones and the Last Crusade (1989),Action|Adventure,89
1292,Being There (1979),Comedy|Drama,10322
1293,Gandhi (1982),Drama,783
1295,"Unbearable Lightness of Being, The (1988)",Drama,10644
1296,"Room with a View, A (1986)",Drama|Romance,11257
1297,Real Genius (1985),Comedy,14370
1298,Pink Floyd: The Wall (1982),Drama|Musical,12104
1299,"Killing Fields, The (1984)",Drama|War,625
1300,My Life as a Dog (Mitt liv som hund) (1985),Comedy|Drama,8816
1301,Forbidden Planet (1956),Drama|Sci-Fi,830
1302,Field of Dreams (1989),Children|Drama|Fantasy,2323
1303,"Man Who Would Be King, The (1975)",Adventure|Drama,983
1304,Butch Cassidy and the Sundance Kid (1969),Action|Western,642
1305,"Paris, Texas (1984)",Drama|Romance,655
1306,Until the End of the World (Bis ans Ende der Welt) (1991),Adventure|Drama|Sci-Fi,10341
1307,When Harry Met Sally... (1989),Comedy|Romance,639
1317,I'm Not Rappaport (1996),Comedy,61536
1320,Alien³ (a.k.a. Alien 3) (1992),Action|Horror|Sci-Fi|Thriller,8077
1321,"American Werewolf in London, An (1981)",Comedy|Horror|Thriller,814
1327,"Amityville Horror, The (1979)",Drama|Horror|Mystery|Thriller,11449
1329,Blood for Dracula (Andy Warhol's Dracula) (1974),Horror,25944
1333,"Birds, The (1963)",Horror|Thriller,571
1334,"Blob, The (1958)",Horror|Sci-Fi,8851
1339,Dracula (Bram Stoker's Dracula) (1992),Fantasy|Horror|Romance|Thriller,6114
1340,"Bride of Frankenstein, The (Bride of Frankenstein) (1935)",Drama|Horror|Sci-Fi,229
1342,Candyman (1992),Horror|Thriller,9529
1343,Cape Fear (1991),Thriller,1598
1344,Cape Fear (1962),Crime|Drama|Thriller,11349
1345,Carrie (1976),Drama|Fantasy|Horror|Thriller,7340
1346,Cat People (1982),Drama|Fantasy|Horror,6217
1347,"Nightmare on Elm Street, A (1984)",Horror|Thriller,377
1348,"Nosferatu (Nosferatu, eine Symphonie des Grauens) (1922)",Horror,653
1350,"Omen, The (1976)",Horror|Mystery|Thriller,794
1353,"Mirror Has Two Faces, The (1996)",Comedy|Drama|Romance,25189
1354,Breaking the Waves (1996),Drama|Mystery,145
1355,Nightwatch (1997),Horror|Thriller,2212
1356,Star Trek: First Contact (1996),Action|Adventure|Sci-Fi|Thriller,199
1357,Shine (1996),Drama|Romance,7863
1358,Sling Blade (1996),Drama,12498
1359,Jingle All the Way (1996),Children|Comedy,9279
1361,Paradise Lost: The Child Murders at Robin Hood Hills (1996),Documentary,17204
1363,"Preacher's Wife, The (1996)",Drama,21539
1364,Zero Kelvin (Kjærlighetens kjøtere) (1995),Drama,85589
1365,Ridicule (1996),Drama,12709
1366,"Crucible, The (1996)",Drama,20539
1367,101 Dalmatians (1996),Adventure|Children|Comedy,11674
1368,"Forbidden Christ, The (Cristo proibito, Il) (1950)",Drama,199512
1370,Die Hard 2 (1990),Action|Adventure|Thriller,1573
1371,Star Trek: The Motion Picture (1979),Adventure|Sci-Fi,152
1372,Star Trek VI: The Undiscovered Country (1991),Action|Mystery|Sci-Fi,174
1373,Star Trek V: The Final Frontier (1989),Action|Sci-Fi,172
1374,Star Trek II: The Wrath of Khan (1982),Action|Adventure|Sci-Fi|Thriller,154
1375,Star Trek III: The Search for Spock (1984),Action|Adventure|Sci-Fi,157
1376,Star Trek IV: The Voyage Home (1986),Adventure|Comedy|Sci-Fi,168
1377,Batman Returns (1992),Action|Crime,364
1378,Young Guns (1988),Action|Comedy|Western,11967
1379,Young Guns II (1990),Action|Western,9086
1380,Grease (1978),Comedy|Musical|Romance,621
1381,Grease 2 (1982),Comedy|Musical|Romance,9037
1382,Marked for Death (1990),Action|Drama,10173
1385,Under Siege (1992),Action|Drama|Thriller,8845
1387,Jaws (1975),Action|Horror,578
1388,Jaws 2 (1978),Horror|Thriller,579
1389,Jaws 3-D (1983),Action|Horror,17692
1391,Mars Attacks! (1996),Action|Comedy|Sci-Fi,75
1392,Citizen Ruth (1996),Comedy|Drama,13891
1393,Jerry Maguire (1996),Drama|Romance,9390
1394,Raising Arizona (1987),Comedy,378
1395,Tin Men (1987),Comedy|Drama,10896
1396,Sneakers (1992),Action|Comedy|Crime|Drama|Sci-Fi,2322
1397,Bastard Out of Carolina (1996),Drama,41240
1398,In Love and War (1996),Romance|War,26949
1399,Marvin's Room (1996),Drama,9819
1401,Ghosts of Mississippi (1996),Drama,31908
1404,Night Falls on Manhattan (1996),Crime|Drama,46027
1405,Beavis and Butt-Head Do America (1996),Adventure|Animation|Comedy|Crime,3179
1406,La Cérémonie (1995),Crime|Drama|Mystery|Thriller,1802
1407,Scream (1996),Comedy|Horror|Mystery|Thriller,4232
1408,"Last of the Mohicans, The (1992)",Action|Romance|War|Western,9361
1409,Michael (1996),Comedy|Drama|Fantasy|Romance,2928
1410,"Evening Star, The (1996)",Comedy|Drama,30285
1411,Hamlet (1996),Crime|Drama|Romance,10549
1414,Mother (1996),Comedy,27265
1416,Evita (1996),Drama|Musical,8818
1417,"Portrait of a Lady, The (1996)",Drama,36758
1419,Walkabout (1971),Adventure|Drama,36040
1422,Murder at 1600 (1997),Crime|Drama|Mystery|Thriller,9415
1425,Fierce Creatures (1997),Comedy,12145
1426,Zeus and Roxanne (1997),Children,42424
1428,Angel Baby (1995),Drama,2892
1429,First Strike (Police Story 4: First Strike) (Ging chaat goo si 4: Ji gaan daan yam mo) (1996),Action|Adventure|Comedy|Thriller,9404
1431,Beverly Hills Ninja (1997),Action|Comedy,9622
1437,"Cement Garden, The (1993)",Drama,14832
1438,Dante's Peak (1997),Action|Thriller,9619
1439,Meet Wally Sparks (1997),Comedy,40506
1440,Amos & Andrew (1993),Comedy,31000
1441,Benny & Joon (1993),Comedy|Romance,4104
1446,Kolya (Kolja) (1996),Comedy|Drama,784
1447,Gridlock'd (1997),Crime,12489
1449,Waiting for Guffman (1996),Comedy,16448
1453,"Beautician and the Beast, The (1997)",Comedy|Romance,17894
1456,"Pest, The (1997)",Comedy,17949
1457,Fools Rush In (1997),Comedy|Drama|Romance,1968
1459,Absolute Power (1997),Mystery|Thriller,66
1461,Vegas Vacation (National Lampoon's Las Vegas Vacation) (1997),Comedy,11419
1463,That Old Feeling (1997),Comedy|Romance,25796
1464,Lost Highway (1997),Crime|Drama|Fantasy|Film-Noir|Mystery|Romance,638
1465,Rosewood (1997),Action|Drama,25624
1466,Donnie Brasco (1997),Crime|Drama,9366
1468,Booty Call (1997),Comedy|Romance,21915
1474,Jungle2Jungle (a.k.a. Jungle 2 Jungle) (1997),Children|Comedy,9446
1475,Kama Sutra: A Tale of Love (1996),Romance,28005
1476,Private Parts (1997),Comedy|Drama,9403
1479,"Saint, The (1997)",Action|Romance|Sci-Fi|Thriller,10003
1480,Smilla's Sense of Snow (1997),Drama|Thriller,9311
1483,Crash (1996),Drama|Thriller,884
1484,"Daytrippers, The (1996)",Comedy|Drama|Mystery|Romance,49806
1485,Liar Liar (1997),Comedy,1624
1487,Selena (1997),Drama|Musical,16052
1488,"Devil's Own, The (1997)",Action|Drama|Thriller,4477
1489,Cats Don't Dance (1997),Animation|Children|Musical,24662
1495,Turbo: A Power Rangers Movie (1997),Action|Adventure|Children,6499
1496,Anna Karenina (1997),Drama|Romance,50512
1498,Inventing the Abbotts (1997),Drama|Romance,12723
1499,Anaconda (1997),Action|Adventure|Thriller,9360
1500,Grosse Pointe Blank (1997),Comedy|Crime|Romance,9434
1502,Kissed (1996),Drama|Romance,21626
1503,8 Heads in a Duffel Bag (1997),Comedy,13982
1509,All Over Me (1997),Drama,12793
1513,Romy and Michele's High School Reunion (1997),Comedy,9611
1515,Volcano (1997),Action|Drama|Thriller,10357
1517,Austin Powers: International Man of Mystery (1997),Action|Adventure|Comedy,816
1518,Breakdown (1997),Action|Thriller,2163
1524,"Turning, The (1992)",Drama,24645
1525,Warriors of Virtue (1997),Action|Adventure|Children|Fantasy,49478
1526,Fathers' Day (1997),Comedy,12499
1527,"Fifth Element, The (1997)",Action|Adventure|Comedy|Sci-Fi,18
1529,Nowhere (1997),Comedy|Drama,1811
1534,"Bonheur, Le (1965)",Drama,53023
1537,Shall We Dance? (Shall We Dansu?) (1996),Comedy|Drama|Romance,11239
1541,Addicted to Love (1997),Comedy|Romance,2058
1542,Brassed Off (1996),Comedy|Drama|Romance,9450
1544,"Lost World: Jurassic Park, The (1997)",Action|Adventure|Sci-Fi|Thriller,330
1545,Ponette (1996),Drama,38523
1550,Trial and Error (1997),Comedy|Romance,17770
1552,Con Air (1997),Action|Adventure|Thriller,1701
1554,"Pillow Book, The (1996)",Drama|Romance,26422
1556,Speed 2: Cruise Control (1997),Action|Romance|Thriller,1639
1558,Sudden Manhattan (1997),Comedy,106129
1562,Batman & Robin (1997),Action|Adventure|Fantasy|Thriller,415
1565,Head Above Water (1996),Comedy|Thriller,11103
1566,Hercules (1997),Adventure|Animation|Children|Comedy|Musical,11970
1569,My Best Friend's Wedding (1997),Comedy|Romance,8874
1570,Tetsuo II: Body Hammer (1992),Horror|Sci-Fi,17991
1571,When the Cat's Away (Chacun cherche son chat) (1996),Comedy|Romance,11956
1573,Face/Off (1997),Action|Crime|Drama|Thriller,754
1574,Fall (1997),Romance,37567
1580,Men in Black (a.k.a. MIB) (1997),Action|Comedy|Sci-Fi,607
1581,Out to Sea (1997),Comedy,18080
1582,Wild America (1997),Adventure|Children,38225
1583,"Simple Wish, A (1997)",Children|Fantasy,17834
1584,Contact (1997),Drama|Sci-Fi,686
1585,Love Serenade (1996),Comedy,65046
1586,G.I. Jane (1997),Action|Drama,4421
1587,Conan the Barbarian (1982),Action|Adventure|Fantasy,9387
1588,George of the Jungle (1997),Children|Comedy,10603
1589,Cop Land (1997),Action|Crime|Drama|Thriller,2142
1590,Event Horizon (1997),Horror|Sci-Fi|Thriller,8413
1591,Spawn (1997),Action|Adventure|Sci-Fi|Thriller,10336
1592,Air Bud (1997),Children|Comedy,20737
1593,Picture Perfect (1997),Comedy|Romance,9413
1594,In the Company of Men (1997),Comedy|Drama,14585
1595,Free Willy 3: The Rescue (1997),Adventure|Children|Drama,18519
1597,Conspiracy Theory (1997),Drama|Mystery|Romance|Thriller,8834
1598,Desperate Measures (1998),Crime|Drama|Thriller,9458
1600,She's So Lovely (1997),Drama|Romance,38295
1601,Hoodlum (1997),Crime|Drama|Film-Noir,22073
1602,Leave It to Beaver (1997),Comedy,37244
1603,Mimic (1997),Horror|Sci-Fi|Thriller,4961
1604,Money Talks (1997),Action|Comedy,9416
1606,Kull the Conqueror (1997),Action|Adventure,17832
1608,Air Force One (1997),Action|Thriller,9772
1610,"Hunt for Red October, The (1990)",Action|Adventure|Thriller,1669
1611,My Own Private Idaho (1991),Drama|Romance,468
1612,"Kiss Me, Guido (1997)",Comedy,32519
1613,Star Maps (1997),Drama,108401
1614,In & Out (1997),Comedy,10806
1615,"Edge, The (1997)",Adventure|Drama,9433
1616,"Peacemaker, The (1997)",Action|Thriller|War,6623
1617,L.A. Confidential (1997),Crime|Film-Noir|Mystery|Thriller,2118
1619,Seven Years in Tibet (1997),Adventure|Drama|War,978
1623,Wishmaster (1997),Horror,10351
1625,"Game, The (1997)",Drama|Mystery|Thriller,2649
1627,U Turn (1997),Crime|Drama|Mystery,10155
1629,"MatchMaker, The (1997)",Comedy|Romance,20457
1631,"Assignment, The (1997)",Action|Thriller,18355
1633,Ulee's Gold (1997),Drama,55306
1635,"Ice Storm, The (1997)",Drama,68924
1639,Chasing Amy (1997),Comedy|Drama|Romance,2255
1641,"Full Monty, The (1997)",Comedy|Drama,9427
1642,Indian Summer (a.k.a. Alive & Kicking) (1996),Comedy|Drama,172545
1643,"Mrs. Brown (a.k.a. Her Majesty, Mrs. Brown) (1997)",Drama|Romance,17589
1644,I Know What You Did Last Summer (1997),Horror|Mystery|Thriller,3597
1645,The Devil's Advocate (1997),Drama|Mystery|Thriller,1813
1648,"House of Yes, The (1997)",Comedy|Drama,33344
1649,"Fast, Cheap & Out of Control (1997)",Documentary,25099
1653,Gattaca (1997),Drama|Sci-Fi|Thriller,782
1655,Phantoms (1998),Drama|Horror|Thriller,9827
1658,"Life Less Ordinary, A (1997)",Romance|Thriller,8067
1660,Eve's Bayou (1997),Drama,45153
1663,Stripes (1981),Comedy|War,10890
1665,Bean (1997),Comedy,1281
1667,Mad City (1997),Action|Drama,9770
1669,"Tango Lesson, The (1997)",Romance,34838
1670,Welcome to Sarajevo (1997),Drama|War,14905
1671,Deceiver (1997),Crime|Drama|Thriller,14583
1672,"Rainmaker, The (1997)",Drama,11975
1673,Boogie Nights (1997),Drama,4995
1674,Witness (1985),Drama|Romance|Thriller,9281
1676,Starship Troopers (1997),Action|Sci-Fi,563
1677,Critical Care (1997),Comedy|Drama,61337
1678,"Joy Luck Club, The (1993)",Drama|Romance,19931
1680,Sliding Doors (1998),Drama|Romance,10215
1682,"Truman Show, The (1998)",Comedy|Drama|Sci-Fi,37165
1683,"Wings of the Dove, The (1997)",Drama|Romance,45609
1684,Mrs. Dalloway (1997),Drama|Romance,38904
1686,Red Corner (1997),Crime|Thriller,9407
1687,"Jackal, The (1997)",Action|Thriller,4824
1688,Anastasia (1997),Adventure|Animation|Children|Drama|Musical,9444
1689,"Man Who Knew Too Little, The (1997)",Comedy|Crime|Thriller,9414
1690,Alien: Resurrection (1997),Action|Horror|Sci-Fi,8078
1692,Alien Escape (1995),Horror|Sci-Fi,29938
1693,Amistad (1997),Drama|Mystery,11831
1694,"Apostle, The (1997)",Drama,2895
1699,"Butcher Boy, The (1997)",Comedy|Drama,22797
1701,Deconstructing Harry (1997),Comedy|Drama,2639
1702,Flubber (1997),Children|Comedy|Fantasy,9574
1703,For Richer or Poorer (1997),Comedy,10371
1704,Good Will Hunting (1997),Drama|Romance,489
1707,Home Alone 3 (1997),Children|Comedy,9714
1711,Midnight in the Garden of Good and Evil (1997),Crime|Drama|Mystery,8197
1713,Mouse Hunt (1997),Children|Comedy,6283
1717,Scream 2 (1997),Comedy|Horror|Mystery|Thriller,4233
1719,"Sweet Hereafter, The (1997)",Drama,10217
1720,Time Tracers (1995),Action|Adventure|Sci-Fi,438108
1721,Titanic (1997),Drama|Romance,597
1722,Tomorrow Never Dies (1997),Action|Adventure|Thriller,714
1726,"Postman, The (1997)",Action|Adventure|Drama|Sci-Fi,9922
1727,"Horse Whisperer, The (1998)",Drama|Romance,547
1729,Jackie Brown (1997),Crime|Drama|Thriller,184
1730,Kundun (1997),Drama,9746
1732,"Big Lebowski, The (1998)",Comedy|Crime,115
1733,Afterglow (1997),Drama|Romance,26941
1734,My Life in Pink (Ma vie en rose) (1997),Comedy|Drama,27103
1735,Great Expectations (1998),Drama|Romance,9410
1747,Wag the Dog (1997),Comedy,586
1748,Dark City (1998),Adventure|Film-Noir|Sci-Fi|Thriller,2666
1752,Hard Rain (1998),Action|Crime|Thriller,11258
1753,Half Baked (1998),Comedy,9490
1754,Fallen (1998),Crime|Drama|Fantasy|Thriller,9411
1755,Shooting Fish (1997),Comedy|Romance,25719
1760,Spice World (1997),Comedy,6116
1762,Deep Rising (1998),Action|Horror|Sci-Fi,9457
1769,"Replacement Killers, The (1998)",Action|Crime|Thriller,11702
1770,B. Monkey (1998),Crime|Romance|Thriller,2923
1772,Blues Brothers 2000 (1998),Action|Comedy|Musical,11568
1777,"Wedding Singer, The (1998)",Comedy|Romance,11003
1779,Sphere (1998),Sci-Fi|Thriller,10153
1783,Palmetto (1998),Crime|Drama|Mystery|Romance|Thriller,30949
1784,As Good as It Gets (1997),Comedy|Drama|Romance,2898
1785,King of New York (1990),Crime|Thriller,9558
1788,Men with Guns (1997),Action|Drama,320011
1792,U.S. Marshals (1998),Action|Crime|Thriller,11808
1794,Love and Death on Long Island (1997),Comedy|Drama,47452
1797,Everest (1998),Documentary|IMAX,21736
1801,"Man in the Iron Mask, The (1998)",Action|Adventure|Drama,9313
1805,Wild Things (1998),Crime|Drama|Mystery|Thriller,617
1806,Paulie (1998),Adventure|Children|Comedy,36568
1809,Fireworks (Hana-bi) (1997),Crime|Drama,5910
1810,Primary Colors (1998),Comedy|Drama,9440
1814,"Price Above Rubies, A (1998)",Drama,44308
1821,"Object of My Affection, The (1998)",Comedy|Romance,17127
1822,Meet the Deedles (1998),Children|Comedy,40688
1824,Homegrown (1998),Comedy|Thriller,17133
1827,"Big One, The (1997)",Comedy|Documentary,1774
1829,Chinese Box (1997),Drama|Romance,30265
1831,Lost in Space (1998),Action|Adventure|Sci-Fi,2157
1833,Mercury Rising (1998),Action|Drama|Thriller,8838
1834,"Spanish Prisoner, The (1997)",Crime|Drama|Mystery|Thriller,29193
1835,City of Angels (1998),Drama|Fantasy|Romance,795
1836,"Last Days of Disco, The (1998)",Comedy|Drama,16980
1840,He Got Game (1998),Drama,9469
1844,Live Flesh (Carne trémula) (1997),Drama|Romance,267
1845,Zero Effect (1998),Comedy|Mystery|Thriller,16148
1848,"Borrowers, The (1997)",Adventure|Children|Comedy|Fantasy,9449
1855,Krippendorf's Tribe (1998),Comedy,31220
1856,Kurt & Courtney (1998),Documentary,13907
1858,Mr. Nice Guy (Yat goh ho yan) (1997),Action|Comedy,10622
1862,Species II (1998),Horror|Sci-Fi,10216
1865,Wild Man Blues (1997),Documentary,76330
1866,"Big Hit, The (1998)",Action|Comedy|Crime,9448
1873,"Misérables, Les (1998)",Crime|Drama|Romance|War,4415
1875,Clockwatchers (1997),Comedy,55561
1876,Deep Impact (1998),Drama|Sci-Fi|Thriller,8656
1880,Lawn Dogs (1997),Drama,35796
1881,Quest for Camelot (1998),Adventure|Animation|Children|Fantasy|Musical,18937
1882,Godzilla (1998),Action|Sci-Fi|Thriller,929
1883,Bulworth (1998),Comedy|Drama|Romance,9452
1884,Fear and Loathing in Las Vegas (1998),Adventure|Comedy|Drama,1878
1885,"Opposite of Sex, The (1998)",Comedy|Drama|Romance,9844
1888,Hope Floats (1998),Comedy|Drama|Romance,9715
1889,Insomnia (1997),Drama|Mystery|Thriller,26610
1892,"Perfect Murder, A (1998)",Thriller,1965
1894,Six Days Seven Nights (1998),Adventure|Comedy|Romance,6068
1895,Can't Hardly Wait (1998),Comedy|Drama|Romance,15037
1897,High Art (1998),Drama|Romance,37636
1898,"Land Girls, The (1998)",Drama|War,17044
1900,"Children of Heaven, The (Bacheha-Ye Aseman) (1997)",Comedy|Drama,21334
1904,Henry Fool (1997),Comedy|Drama,37410
1907,Mulan (1998),Adventure|Animation|Children|Comedy|Drama|Musical|Romance,10674
1909,"X-Files: Fight the Future, The (1998)",Action|Crime|Mystery|Sci-Fi|Thriller,846
1910,I Went Down (1997),Comedy|Crime|Drama,12655
1911,Dr. Dolittle (1998),Comedy,3050
1912,Out of Sight (1998),Comedy|Crime|Drama|Romance|Thriller,1389
1913,Picnic at Hanging Rock (1975),Drama|Mystery,11020
1914,Smoke Signals (1998),Comedy|Drama,20862
1916,Buffalo '66 (a.k.a. Buffalo 66) (1998),Drama|Romance,9464
1917,Armageddon (1998),Action|Romance|Sci-Fi|Thriller,95
1918,Lethal Weapon 4 (1998),Action|Comedy|Crime|Thriller,944
1919,Madeline (1998),Children|Comedy,35680
1920,Small Soldiers (1998),Animation|Children|Fantasy|War,11551
1921,Pi (1998),Drama|Sci-Fi|Thriller,473
1922,Whatever (1998),Drama,102304
1923,There's Something About Mary (1998),Comedy|Romance,544
1924,Plan 9 from Outer Space (1959),Horror|Sci-Fi,10513
1925,Wings (1927),Action|Drama|Romance|War,28966
1927,All Quiet on the Western Front (1930),Action|Drama|War,143
1929,Grand Hotel (1932),Drama|Romance,33680
1930,Cavalcade (1933),Drama|Romance|War,56164
1931,Mutiny on the Bounty (1935),Adventure|Drama,12311
1932,"Great Ziegfeld, The (1936)",Drama|Musical,43277
1934,You Can't Take It with You (1938),Comedy|Romance,34106
1935,How Green Was My Valley (1941),Drama|Musical|Romance,43266
1936,Mrs. Miniver (1942),Drama|War,27367
1938,"Lost Weekend, The (1945)",Drama,28580
1939,"Best Years of Our Lives, The (1946)",Drama|War,887
1940,Gentleman's Agreement (1947),Drama,33667
1941,Hamlet (1948),Drama,23383
1942,All the King's Men (1949),Drama,25430
1943,"Greatest Show on Earth, The (1952)",Drama,27191
1944,From Here to Eternity (1953),Drama|Romance|War,11426
1945,On the Waterfront (1954),Crime|Drama,654
1946,Marty (1955),Drama|Romance,15919
1947,West Side Story (1961),Drama|Musical|Romance,1725
1949,"Man for All Seasons, A (1966)",Drama,874
1950,In the Heat of the Night (1967),Drama|Mystery,10633
1951,Oliver! (1968),Drama|Musical,17917
1952,Midnight Cowboy (1969),Drama,3116
1953,"French Connection, The (1971)",Action|Crime|Thriller,1051
1954,Rocky (1976),Drama,1366
1955,Kramer vs. Kramer (1979),Drama,12102
1956,Ordinary People (1980),Drama,16619
1957,Chariots of Fire (1981),Drama,9443
1958,Terms of Endearment (1983),Comedy|Drama,11050
1959,Out of Africa (1985),Drama|Romance,606
1960,"Last Emperor, The (1987)",Drama,746
1961,Rain Man (1988),Drama,380
1962,Driving Miss Daisy (1989),Drama,403
1963,Take the Money and Run (1969),Comedy|Crime,11485
1964,Klute (1971),Drama|Mystery,466
1965,Repo Man (1984),Comedy|Sci-Fi,13820
1966,Metropolitan (1990),Comedy,15389
1967,Labyrinth (1986),Adventure|Fantasy|Musical,13597
1968,"Breakfast Club, The (1985)",Comedy|Drama,2108
1969,"Nightmare on Elm Street 2: Freddy's Revenge, A (1985)",Horror,10014
1970,"Nightmare on Elm Street 3: Dream Warriors, A (1987)",Horror|Thriller,10072
1971,"Nightmare on Elm Street 4: The Dream Master, A (1988)",Horror|Thriller,10131
1972,"Nightmare on Elm Street 5: The Dream Child, A (1989)",Horror,10160
1973,"Freddy's Dead: The Final Nightmare (Nightmare on Elm Street Part 6: Freddy's Dead, A) (1991)",Horror,11284
1974,Friday the 13th (1980),Horror|Mystery|Thriller,4488
1975,Friday the 13th Part 2 (1981),Horror,9725
1976,Friday the 13th Part 3: 3D (1982),Horror,9728
1977,Friday the 13th Part IV: The Final Chapter (1984),Horror,9730
1978,Friday the 13th Part V: A New Beginning (1985),Horror,9731
1979,Friday the 13th Part VI: Jason Lives (1986),Horror,10225
1980,Friday the 13th Part VII: The New Blood (1988),Horror,10281
1981,Friday the 13th Part VIII: Jason Takes Manhattan (1989),Horror,10283
1982,Halloween (1978),Horror,948
1983,Halloween II (1981),Horror,11281
1984,Halloween III: Season of the Witch (1982),Horror,10676
1985,Halloween 4: The Return of Michael Myers (1988),Horror,11357
1986,Halloween 5: The Revenge of Michael Myers (1989),Horror,11361
1991,Child's Play (1988),Horror|Thriller,10585
1993,Child's Play 3 (1991),Comedy|Horror|Thriller,11187
1994,Poltergeist (1982),Horror|Thriller,609
1995,Poltergeist II: The Other Side (1986),Horror|Thriller,11133
1996,Poltergeist III (1988),Horror|Thriller,10306
1997,"Exorcist, The (1973)",Horror|Mystery,9552
1998,Exorcist II: The Heretic (1977),Horror,11586
1999,"Exorcist III, The (1990)",Horror,11587
2000,Lethal Weapon (1987),Action|Comedy|Crime|Drama,941
2001,Lethal Weapon 2 (1989),Action|Comedy|Crime|Drama,942
2002,Lethal Weapon 3 (1992),Action|Comedy|Crime|Drama,943
2003,Gremlins (1984),Comedy|Horror,927
2004,Gremlins 2: The New Batch (1990),Comedy|Horror,928
2005,"Goonies, The (1985)",Action|Adventure|Children|Comedy|Fantasy,9340
2006,"Mask of Zorro, The (1998)",Action|Comedy|Romance,9342
2009,Soylent Green (1973),Drama|Mystery|Sci-Fi|Thriller,12101
2010,Metropolis (1927),Drama|Sci-Fi,19
2011,Back to the Future Part II (1989),Adventure|Comedy|Sci-Fi,165
2012,Back to the Future Part III (1990),Adventure|Comedy|Sci-Fi|Western,196
2013,"Poseidon Adventure, The (1972)",Action|Adventure|Drama,551
2014,Freaky Friday (1977),Children|Comedy|Fantasy,16084
2015,"Absent-Minded Professor, The (1961)",Children|Comedy|Fantasy,17984
2016,"Apple Dumpling Gang Rides Again, The (1979)",Children|Comedy|Western,22328
2018,Bambi (1942),Animation|Children|Drama,3170
2019,Seven Samurai (Shichinin no samurai) (1954),Action|Adventure|Drama,346
2020,Dangerous Liaisons (1988),Drama|Romance,859
2021,Dune (1984),Adventure|Sci-Fi,841
2022,"Last Temptation of Christ, The (1988)",Drama,11051
2023,"Godfather: Part III, The (1990)",Crime|Drama|Mystery|Thriller,242
2024,"Rapture, The (1991)",Drama|Mystery,1411
2025,Lolita (1997),Drama|Romance,9769
2027,Jane Austen's Mafia! (1998),Comedy|Crime,9835
2028,Saving Private Ryan (1998),Action|Drama|War,857
2033,"Black Cauldron, The (1985)",Adventure|Animation|Children|Fantasy,10957
2034,"Black Hole, The (1979)",Children|Sci-Fi,9570
2036,Blank Check (1994),Children|Comedy,13962
2037,Candleshoe (1977),Adventure|Children|Comedy,14612
2038,"Cat from Outer Space, The (1978)",Children|Comedy|Sci-Fi,19378
2042,D2: The Mighty Ducks (1994),Children|Comedy,11164
2043,Darby O'Gill and the Little People (1959),Adventure|Children|Fantasy,18887
2045,"Far Off Place, A (1993)",Adventure|Children|Drama|Romance,24736
2046,Flight of the Navigator (1986),Adventure|Children|Sci-Fi,10122
2048,"Great Mouse Detective, The (1986)",Action|Animation|Children|Crime,9994
2051,Herbie Goes to Monte Carlo (1977),Adventure|Children|Comedy,14140
2052,Hocus Pocus (1993),Children|Comedy|Fantasy|Horror,10439
2053,"Honey, I Blew Up the Kid (1992)",Children|Comedy|Sci-Fi,11158
2054,"Honey, I Shrunk the Kids (1989)",Adventure|Children|Comedy|Fantasy|Sci-Fi,9354
2057,"Incredible Journey, The (1963)",Adventure|Children,37969
2058,"Negotiator, The (1998)",Action|Crime|Drama|Mystery|Thriller,9631
2059,"Parent Trap, The (1998)",Children|Comedy|Romance,9820
2060,BASEketball (1998),Comedy,14013
2064,Roger & Me (1989),Documentary,1779
2065,"Purple Rose of Cairo, The (1985)",Comedy|Drama|Fantasy|Romance,10849
2066,Out of the Past (1947),Film-Noir,678
2067,Doctor Zhivago (1965),Drama|Romance|War,907
2068,Fanny and Alexander (Fanny och Alexander) (1982),Drama|Fantasy|Mystery,5961
2069,"Trip to Bountiful, The (1985)",Drama,47908
2070,Tender Mercies (1983),Drama|Romance|Western,42121
2071,And the Band Played On (1993),Drama,2887
2072,"'burbs, The (1989)",Comedy,11974
2073,Fandango (1985),Comedy,20348
2074,"Night Porter, The (Portiere di notte, Il) (1974)",Crime|Drama|Romance,26648
2075,Mephisto (1981),Drama|War,11911
2076,Blue Velvet (1986),Drama|Mystery|Thriller,793
2077,"Journey of Natty Gann, The (1985)",Adventure|Children,35144
2078,"Jungle Book, The (1967)",Animation|Children|Comedy|Musical,9325
2080,Lady and the Tramp (1955),Animation|Children|Comedy|Romance,10340
2081,"Little Mermaid, The (1989)",Animation|Children|Comedy|Musical|Romance,10144
2082,"Mighty Ducks, The (1992)",Children|Comedy,10414
2083,"Muppet Christmas Carol, The (1992)",Children|Comedy|Musical,10437
2084,Newsies (1992),Children|Musical,15300
2085,101 Dalmatians (One Hundred and One Dalmatians) (1961),Adventure|Animation|Children,12230
2087,Peter Pan (1953),Animation|Children|Fantasy|Musical,10693
2088,Popeye (1980),Adventure|Comedy|Musical,11335
2089,"Rescuers Down Under, The (1990)",Adventure|Animation|Children,11135
2090,"Rescuers, The (1977)",Adventure|Animation|Children|Crime|Drama,11319
2091,Return from Witch Mountain (1978),Children|Sci-Fi,14822
2093,Return to Oz (1985),Adventure|Children|Fantasy,13155
2094,"Rocketeer, The (1991)",Action|Adventure|Sci-Fi,10249
2096,Sleeping Beauty (1959),Animation|Children|Musical,10882
2097,Something Wicked This Way Comes (1983),Children|Drama|Fantasy|Mystery|Thriller,24808
2100,Splash (1984),Comedy|Fantasy|Romance,2619
2101,Squanto: A Warrior's Tale (1994),Adventure|Drama,65158
2102,Steamboat Willie (1928),Animation|Children|Comedy|Musical,53565
2104,Tex (1982),Drama,27332
2105,Tron (1982),Action|Adventure|Sci-Fi,97
2106,Swing Kids (1993),Drama|War,10419
2107,Halloween H20: 20 Years Later (Halloween 7: The Revenge of Laurie Strode) (1998),Horror|Thriller,11675
2108,L.A. Story (1991),Comedy|Romance,2107
2109,"Jerk, The (1979)",Comedy,6471
2110,Dead Men Don't Wear Plaid (1982),Comedy|Crime|Thriller,9442
2111,"Man with Two Brains, The (1983)",Comedy,11591
2112,Grand Canyon (1991),Crime|Drama,13697
2114,"Outsiders, The (1983)",Drama,227
2115,Indiana Jones and the Temple of Doom (1984),Action|Adventure|Fantasy,87
2116,"Lord of the Rings, The (1978)",Adventure|Animation|Children|Fantasy,123
2117,1984 (Nineteen Eighty-Four) (1984),Drama|Sci-Fi,9314
2118,"Dead Zone, The (1983)",Thriller,11336
2119,Maximum Overdrive (1986),Horror,9980
2120,Needful Things (1993),Drama|Horror,10657
2121,Cujo (1983),Horror|Thriller,10489
2123,All Dogs Go to Heaven (1989),Animation|Children|Comedy|Drama|Fantasy,11497
2124,"Addams Family, The (1991)",Children|Comedy|Fantasy,2907
2125,Ever After: A Cinderella Story (1998),Comedy|Drama|Romance,9454
2126,Snake Eyes (1998),Action|Crime|Mystery|Thriller,8688
2129,"Saltmen of Tibet, The (Salzmänner von Tibet, Die) (1997)",Documentary,48894
2130,Atlantic City (1980),Crime|Drama|Romance,23954
2131,Autumn Sonata (Höstsonaten) (1978),Drama,12761
2132,Who's Afraid of Virginia Woolf? (1966),Drama,396
2133,Adventures in Babysitting (1987),Adventure|Comedy,14367
2134,Weird Science (1985),Comedy|Fantasy|Sci-Fi,11814
2135,Doctor Dolittle (1967),Adventure|Children|Musical,16081
2136,"Nutty Professor, The (1963)",Comedy|Sci-Fi,18331
2137,Charlotte's Web (1973),Animation|Children,15171
2138,Watership Down (1978),Adventure|Animation|Children|Drama|Fantasy,11837
2139,"Secret of NIMH, The (1982)",Adventure|Animation|Children|Drama,11704
2140,"Dark Crystal, The (1982)",Adventure|Fantasy,11639
2141,"American Tail, An (1986)",Adventure|Animation|Children|Comedy,4978
2142,"American Tail: Fievel Goes West, An (1991)",Adventure|Animation|Children|Musical|Western,10380
2143,Legend (1985),Adventure|Fantasy|Romance,11976
2144,Sixteen Candles (1984),Comedy|Romance,15144
2145,Pretty in Pink (1986),Comedy|Drama|Romance,11522
2146,St. Elmo's Fire (1985),Drama|Romance,11557
2147,"Clan of the Cave Bear, The (1986)",Adventure|Drama|Fantasy,13853
2148,House (1986),Comedy|Fantasy|Horror,11415
2149,House II: The Second Story (1987),Comedy|Fantasy|Horror,37530
2150,"Gods Must Be Crazy, The (1980)",Adventure|Comedy,8393
2151,"Gods Must Be Crazy II, The (1989)",Comedy,11937
2152,Air Bud: Golden Receiver (1998),Children|Comedy,21661
2153,"Avengers, The (1998)",Action|Adventure,9320
2155,"Slums of Beverly Hills, The (1998)",Comedy|Drama,14662
2160,Rosemary's Baby (1968),Drama|Horror|Thriller,805
2161,"NeverEnding Story, The (1984)",Adventure|Children|Fantasy,34584
2162,"NeverEnding Story II: The Next Chapter, The (1990)",Adventure|Children|Fantasy,34636
2163,Attack of the Killer Tomatoes! (1978),Comedy|Horror,2182
2165,Your Friends and Neighbors (1998),Comedy|Drama,77469
2166,Return to Paradise (1998),Crime|Drama|Romance|Thriller,10278
2167,Blade (1998),Action|Horror|Thriller,36647
2168,Dance with Me (1998),Drama|Romance,17915
2169,Dead Man on Campus (1998),Comedy,14557
2170,Wrongfully Accused (1998),Action|Comedy,9417
2171,Next Stop Wonderland (1998),Comedy|Drama|Romance,41469
2173,"Navigator: A Mediaeval Odyssey, The (1988)",Adventure|Fantasy|Sci-Fi,34637
2174,Beetlejuice (1988),Comedy|Fantasy,4011
2176,Rope (1948),Crime|Drama|Thriller,1580
2177,Family Plot (1976),Comedy|Thriller,5854
2178,Frenzy (1972),Thriller,573
2181,Marnie (1964),Drama|Mystery|Romance|Thriller,506
2183,"Man Who Knew Too Much, The (1956)",Adventure|Drama|Mystery|Thriller,574
2186,Strangers on a Train (1951),Crime|Drama|Film-Noir|Thriller,845
2190,Why Do Fools Fall In Love? (1998),Drama,46702
2193,Willow (1988),Action|Adventure|Fantasy,847
2194,"Untouchables, The (1987)",Action|Crime|Drama,117
2202,Lifeboat (1944),Drama|War,13321
2203,Shadow of a Doubt (1943),Crime|Drama|Thriller,21734
2206,Suspicion (1941),Film-Noir|Mystery|Thriller,11462
2208,"Lady Vanishes, The (1938)",Drama|Mystery|Thriller,940
2210,Sabotage (1936),Thriller,12684
2212,"Man Who Knew Too Much, The (1934)",Drama|Thriller,8208
2231,Rounders (1998),Drama,10220
2232,Cube (1997),Horror|Mystery|Sci-Fi|Thriller,431
2236,Simon Birch (1998),Drama,22796
2238,Seven Beauties (Pasqualino Settebellezze) (1976),Comedy|Drama,37550
2239,Swept Away (Travolti da un insolito destino nell'azzurro mare d'Agosto) (1975),Comedy|Drama,37916
2240,My Bodyguard (1980),Drama,21873
2243,Broadcast News (1987),Comedy|Drama|Romance,12626
2245,Working Girl (1988),Comedy|Drama|Romance,3525
2247,Married to the Mob (1988),Comedy,2321
2248,Say Anything... (1989),Comedy|Drama|Romance,2028
2249,My Blue Heaven (1990),Comedy,16384
2250,Men Don't Leave (1990),Drama,91217
2252,Hero (1992),Comedy|Drama,10699
2253,Toys (1992),Comedy|Fantasy,11597
2255,Young Doctors in Love (1982),Comedy,47947
2259,Blame It on Rio (1984),Comedy|Romance,14347
2261,One Crazy Summer (1986),Comedy,18282
2262,About Last Night... (1986),Comedy|Drama|Romance,18169
2263,"Seventh Sign, The (1988)",Drama|Fantasy|Thriller,11082
2265,Nothing But Trouble (1991),Adventure|Comedy,11933
2266,"Butcher's Wife, The (1991)",Comedy|Romance,20096
2267,Mortal Thoughts (1991),Mystery|Thriller,30815
2268,"Few Good Men, A (1992)",Crime|Drama|Thriller,881
2269,Indecent Proposal (1993),Drama|Romance,4478
2271,Permanent Midnight (1998),Drama,22318
2272,One True Thing (1998),Drama,53113
2273,Rush Hour (1998),Action|Comedy|Crime|Thriller,2109
2278,Ronin (1998),Action|Crime|Thriller,8195
2279,Urban Legend (1998),Horror|Thriller,9877
2280,Clay Pigeons (1998),Crime,26618
2282,Pecker (1998),Comedy|Drama,11855
2283,"Sheltering Sky, The (1990)",Drama,24016
2285,If.... (1968),Drama,14794
2286,"Fiendish Plot of Dr. Fu Manchu, The (1980)",Comedy,3486
2287,Them! (1954),Horror|Sci-Fi|Thriller,11071
2288,"Thing, The (1982)",Action|Horror|Sci-Fi|Thriller,1091
2289,"Player, The (1992)",Comedy|Crime|Drama,10403
2290,Stardust Memories (1980),Comedy|Drama,11337
2291,Edward Scissorhands (1990),Drama|Fantasy|Romance,162
2294,Antz (1998),Adventure|Animation|Children|Comedy|Fantasy,8916
2295,"Impostors, The (1998)",Comedy,28134
2296,"Night at the Roxbury, A (1998)",Comedy,9429
2297,What Dreams May Come (1998),Adventure|Drama|Fantasy|Romance,12159
2300,"Producers, The (1968)",Comedy,30197
2301,History of the World: Part I (1981),Comedy|Musical,10156
2302,My Cousin Vinny (1992),Comedy,10377
2303,Nashville (1975),Drama|Musical,3121
2306,Holy Man (1998),Comedy,9713
2310,"Mighty, The (1998)",Drama,9821
2311,2010: The Year We Make Contact (1984),Sci-Fi,4437
2312,Children of a Lesser God (1986),Drama,1890
2313,"Elephant Man, The (1980)",Drama,1955
2314,Beloved (1998),Drama,39437
2315,Bride of Chucky (Child's Play 4) (1998),Comedy|Horror|Thriller,11932
2316,Practical Magic (1998),Drama|Fantasy|Mystery|Romance,6435
2318,Happiness (1998),Comedy|Drama,10683
2321,Pleasantville (1998),Comedy|Drama|Fantasy,2657
2322,Soldier (1998),Action|Sci-Fi|War,9425
2323,"Cruise, The (1998)",Documentary,32326
2324,Life Is Beautiful (La Vita è bella) (1997),Comedy|Drama|Romance|War,637
2325,Orgazmo (1997),Comedy,8675
2328,Vampires (1998),Horror|Western,9945
2329,American History X (1998),Crime|Drama,73
2330,Hands on a Hard Body (1996),Comedy|Documentary,18603
2331,Living Out Loud (1998),Comedy|Drama|Romance,46889
2333,Gods and Monsters (1998),Drama,3033
2334,"Siege, The (1998)",Action|Thriller,9882
2335,"Waterboy, The (1998)",Comedy,10663
2336,Elizabeth (1998),Drama,4518
2337,Velvet Goldmine (1998),Drama,1808
2338,I Still Know What You Did Last Summer (1998),Horror|Mystery|Thriller,3600
2339,I'll Be Home For Christmas (1998),Comedy|Romance,17037
2340,Meet Joe Black (1998),Romance,297
2341,Dancing at Lughnasa (1998),Drama,5332
2342,Hard Core Logo (1996),Comedy|Drama,21589
2344,Runaway Train (1985),Action|Adventure|Drama|Thriller,11893
2346,"Stepford Wives, The (1975)",Mystery|Sci-Fi|Thriller,12223
2348,Sid and Nancy (1986),Drama,14924
2349,Mona Lisa (1986),Comedy|Thriller,10002
2351,"Nights of Cabiria (Notti di Cabiria, Le) (1957)",Drama,19426
2352,"Big Chill, The (1983)",Comedy|Drama,12560
2353,Enemy of the State (1998),Action|Thriller,9798
2354,"Rugrats Movie, The (1998)",Animation|Children|Comedy,14444
2355,"Bug's Life, A (1998)",Adventure|Animation|Children|Comedy,9487
2356,Celebrity (1998),Comedy,9466
2357,Central Station (Central do Brasil) (1998),Drama,666
2359,Waking Ned Devine (a.k.a. Waking Ned) (1998),Comedy,10162
2360,"Celebration, The (Festen) (1998)",Drama,309
2361,Pink Flamingos (1972),Comedy,692
2362,Glen or Glenda (1953),Drama,24018
2363,Godzilla (Gojira) (1954),Drama|Horror|Sci-Fi,1678
2364,"Godzilla 1985: The Legend Is Reborn (Gojira) (Godzilla) (Return of Godzilla, The) (1984)",Action|Horror|Sci-Fi|Thriller,39256
2366,King Kong (1933),Action|Adventure|Fantasy|Horror,244
2367,King Kong (1976),Adventure|Fantasy|Romance|Sci-Fi|Thriller,10730
2369,Desperately Seeking Susan (1985),Comedy|Drama|Romance,8130
2370,"Emerald Forest, The (1985)",Action|Adventure|Drama,11532
2371,Fletch (1985),Comedy|Crime|Mystery,9749
2372,Fletch Lives (1989),Comedy,14628
2373,Red Sonja (1985),Action|Adventure|Fantasy,9626
2374,Gung Ho (1986),Comedy|Drama,13698
2375,"Money Pit, The (1986)",Comedy,10466
2376,"View to a Kill, A (1985)",Action|Adventure|Thriller,707
2377,Lifeforce (1985),Horror|Sci-Fi,11954
2378,Police Academy (1984),Comedy|Crime,9336
2379,Police Academy 2: Their First Assignment (1985),Comedy|Crime,10157
2380,Police Academy 3: Back in Training (1986),Comedy|Crime,12118
2381,Police Academy 4: Citizens on Patrol (1987),Comedy|Crime,10587
2382,Police Academy 5: Assignment: Miami Beach (1988),Comedy|Crime,11825
2383,Police Academy 6: City Under Siege (1989),Comedy|Crime,11895
2384,Babe: Pig in the City (1998),Adventure|Children|Drama,9447
2385,Home Fries (1998),Comedy|Romance,12257
2387,Very Bad Things (1998),Comedy|Crime,10029
2389,Psycho (1998),Crime|Horror|Thriller,11252
2391,"Simple Plan, A (1998)",Crime|Drama|Thriller,10223
2392,Jack Frost (1998),Children|Comedy|Drama,9745
2393,Star Trek: Insurrection (1998),Action|Drama|Romance|Sci-Fi,200
2394,"Prince of Egypt, The (1998)",Animation|Musical,9837
2395,Rushmore (1998),Comedy|Drama,11545
2396,Shakespeare in Love (1998),Comedy|Drama|Romance,1934
2397,Mass Appeal (1984),Drama,110643
2398,Miracle on 34th Street (1947),Comedy|Drama,11881
2399,Santa Claus: The Movie (1985),Adventure|Children|Fantasy,13764
2401,Pale Rider (1985),Western,8879
2402,Rambo: First Blood Part II (1985),Action|Adventure|Thriller,1369
2403,First Blood (Rambo: First Blood) (1982),Action|Adventure|Drama|Thriller,1368
2404,Rambo III (1988),Action|Adventure|Thriller|War,1370
2405,"Jewel of the Nile, The (1985)",Action|Adventure|Comedy|Romance,10303
2406,Romancing the Stone (1984),Action|Adventure|Comedy|Romance,9326
2407,Cocoon (1985),Comedy|Sci-Fi,10328
2408,Cocoon: The Return (1988),Comedy|Sci-Fi,11285
2409,Rocky II (1979),Action|Drama,1367
2410,Rocky III (1982),Action|Drama,1371
2411,Rocky IV (1985),Action|Drama,1374
2412,Rocky V (1990),Action|Drama,1375
2413,Clue (1985),Comedy|Crime|Mystery|Thriller,15196
2414,Young Sherlock Holmes (1985),Action|Adventure|Children|Fantasy|Mystery|Thriller,11904
2416,Back to School (1986),Comedy,15596
2417,Heartburn (1986),Comedy|Drama,13818
2418,Nothing in Common (1986),Comedy,29968
2420,"Karate Kid, The (1984)",Drama,1885
2421,"Karate Kid, Part II, The (1986)",Action|Adventure|Drama,8856
2422,"Karate Kid, Part III, The (1989)",Action|Adventure|Children|Drama,10495
2423,Christmas Vacation (National Lampoon's Christmas Vacation) (1989),Comedy,5825
2424,You've Got Mail (1998),Comedy|Romance,9489
2425,"General, The (1998)",Crime,16885
2427,"Thin Red Line, The (1998)",Action|Drama|War,8741
2428,"Faculty, The (1998)",Horror|Sci-Fi,9276
2429,Mighty Joe Young (1998),Action|Adventure|Drama|Fantasy|Thriller,9822
2430,Mighty Joe Young (1949),Adventure|Children|Drama,39314
2431,Patch Adams (1998),Comedy|Drama,10312
2432,Stepmom (1998),Drama,9441
2433,"Civil Action, A (1998)",Drama,9422
2435,Hurlyburly (1998),Drama,24525
2436,Tea with Mussolini (1999),Comedy|Drama|War,10368
2437,Wilde (1997),Drama,11365
2439,Affliction (1997),Drama,31662
2440,Another Day in Paradise (1998),Drama,36136
2442,Hilary and Jackie (1998),Drama,46992
2443,Playing by Heart (1998),Drama|Romance,825
2447,Varsity Blues (1999),Comedy|Drama,14709
2448,Virus (1999),Horror|Sci-Fi,9423
2450,Howard the Duck (1986),Adventure|Comedy|Sci-Fi,10658
2453,"Boy Who Could Fly, The (1986)",Drama|Fantasy,24086
2454,"Fly, The (1958)",Horror|Mystery|Sci-Fi,11815
2455,"Fly, The (1986)",Drama|Horror|Sci-Fi|Thriller,9426
2456,"Fly II, The (1989)",Horror|Sci-Fi,10344
2457,Running Scared (1986),Action|Comedy,15698
2459,"Texas Chainsaw Massacre, The (1974)",Horror,30497
2462,Texas Chainsaw Massacre: The Next Generation (a.k.a. The Return of the Texas Chainsaw Massacre) (1994),Horror,16780
2463,Ruthless People (1986),Comedy,12151
2467,"Name of the Rose, The (Name der Rose, Der) (1986)",Crime|Drama|Mystery|Thriller,192
2468,Jumpin' Jack Flash (1986),Action|Comedy|Romance|Thriller,10945
2469,Peggy Sue Got Married (1986),Comedy|Drama,10013
2470,Crocodile Dundee (1986),Adventure|Comedy,9671
2471,Crocodile Dundee II (1988),Action|Adventure|Comedy,9396
2474,"Color of Money, The (1986)",Drama,11873
2478,¡Three Amigos! (1986),Comedy|Western,8388
2485,She's All That (1999),Comedy|Romance,10314
2488,Peeping Tom (1960),Drama|Horror|Thriller,11167
2490,Payback (1999),Action|Thriller,2112
2491,Simply Irresistible (1999),Comedy|Romance,16172
2492,20 Dates (1998),Comedy|Romance,111794
2493,"Harmonists, The (1997)",Drama,9524
2495,"Fantastic Planet, The (Planète sauvage, La) (1973)",Animation|Sci-Fi,16306
2496,Blast from the Past (1999),Comedy|Romance,11622
2497,Message in a Bottle (1999),Romance,10207
2498,My Favorite Martian (1999),Comedy|Sci-Fi,9849
2500,Jawbreaker (1999),Comedy,18892
2501,October Sky (1999),Drama,13466
2502,Office Space (1999),Comedy|Crime,1542
2505,8MM (1999),Drama|Mystery|Thriller,8224
2506,"Other Sister, The (1999)",Comedy|Drama|Romance,18417
2507,Breakfast of Champions (1999),Comedy|Sci-Fi,12479
2511,"Long Goodbye, The (1973)",Crime|Film-Noir,1847
2513,Pet Sematary (1989),Horror,8913
2517,Christine (1983),Horror,8769
2518,Night Shift (1982),Comedy,14742
2519,House on Haunted Hill (1959),Drama|Horror|Thriller,15856
2520,Airport (1970),Drama,10671
2521,Airport 1975 (1974),Action|Drama|Thriller,27932
2522,Airport '77 (1977),Drama,7227
2524,"Towering Inferno, The (1974)",Action|Adventure|Drama|Thriller,5919
2527,Westworld (1973),Action|Sci-Fi|Thriller|Western,2362
2528,Logan's Run (1976),Action|Adventure|Sci-Fi,10803
2529,Planet of the Apes (1968),Action|Drama|Sci-Fi,871
2530,Beneath the Planet of the Apes (1970),Action|Sci-Fi,1685
2531,Battle for the Planet of the Apes (1973),Action|Sci-Fi,1705
2532,Conquest of the Planet of the Apes (1972),Action|Sci-Fi,1688
2533,Escape from the Planet of the Apes (1971),Action|Sci-Fi,1687
2536,"Concorde: Airport '79, The (1979)",Drama,29723
2539,Analyze This (1999),Comedy,9535
2541,Cruel Intentions (1999),Drama,796
2542,"Lock, Stock & Two Smoking Barrels (1998)",Comedy|Crime|Thriller,100
2546,"Deep End of the Ocean, The (1999)",Drama,30943
2548,"Rage: Carrie 2, The (1999)",Horror,7341
2549,Wing Commander (1999),Action|Sci-Fi,10350
2550,"Haunting, The (1963)",Horror|Thriller,11772
2551,Dead Ringers (1988),Drama|Horror|Thriller,9540
2553,Village of the Damned (1960),Horror|Sci-Fi|Thriller,11773
2554,Children of the Damned (1963),Horror|Sci-Fi|Thriller,30202
2557,I Stand Alone (Seul contre tous) (1998),Drama|Thriller,1567
2558,Forces of Nature (1999),Comedy|Romance,1641
2560,Ravenous (1999),Horror|Thriller,10212
2561,True Crime (1999),Crime|Thriller,10354
2563,Dangerous Beauty (1998),Drama,8583
2565,"King and I, The (1956)",Drama|Musical|Romance,16520
2567,EDtv (1999),Comedy,11374
2568,"Mod Squad, The (1999)",Action|Crime,16379
2571,"Matrix, The (1999)",Action|Sci-Fi|Thriller,603
2572,10 Things I Hate About You (1999),Comedy|Romance,4951
2574,"Out-of-Towners, The (1999)",Comedy,8970
2575,"Dreamlife of Angels, The (Vie rêvée des anges, La) (1998)",Drama,9840
2576,"Love, etc. (1996)",Drama,186705
2577,Metroland (1997),Comedy|Drama,30950
2579,Following (1998),Crime|Mystery|Thriller,11660
2580,Go (1999),Comedy|Crime,9430
2581,Never Been Kissed (1999),Comedy|Romance,11355
2582,Twin Dragons (Shuang long hui) (1992),Action|Comedy,18764
2583,Cookie's Fortune (1999),Comedy|Drama,9465
2587,Life (1999),Comedy|Crime|Drama,6522
2590,Hideous Kinky (1998),Drama,10209
2593,"Monster, The (Mostro, Il) (1994)",Comedy,22826
2594,Open Your Eyes (Abre los ojos) (1997),Drama|Romance|Sci-Fi|Thriller,1902
2596,SLC Punk! (1998),Comedy|Drama,6396
2597,Lost & Found (1999),Comedy|Romance,39964
2598,Pushing Tin (1999),Comedy,12596
2599,Election (1999),Comedy,9451
2600,eXistenZ (1999),Action|Sci-Fi|Thriller,1946
2605,Entrapment (1999),Crime|Thriller,1844
2606,Idle Hands (1999),Comedy|Horror,6552
2607,Get Real (1998),Drama|Romance,24584
2609,"King of Masks, The (Bian Lian) (1996)",Drama,25471
2610,Three Seasons (1999),Drama,4154
2611,"Winslow Boy, The (1999)",Drama,28519
2612,Mildred Pierce (1945),Drama|Film-Noir,3309
2613,Night of the Comet (1984),Comedy|Horror|Sci-Fi,18462
2615,My Science Project (1985),Adventure|Sci-Fi,18252
2616,Dick Tracy (1990),Action|Crime,8592
2617,"Mummy, The (1999)",Action|Adventure|Comedy|Fantasy|Horror|Thriller,564
2618,"Castle, The (1997)",Comedy,13852
2622,William Shakespeare's A Midsummer Night's Dream (1999),Comedy|Fantasy,10210
2623,Trippin' (1999),Comedy,53862
2624,After Life (Wandafuru raifu) (1998),Drama|Fantasy,17962
2627,Endurance (1999),Documentary|Drama,122190
2628,Star Wars: Episode I - The Phantom Menace (1999),Action|Adventure|Sci-Fi,1893
2629,"Love Letter, The (1999)",Comedy|Romance,31342
2633,"Mummy, The (1932)",Horror|Romance,15849
2634,"Mummy, The (1959)",Horror,18990
2639,Mommie Dearest (1981),Drama,15660
2640,Superman (1978),Action|Adventure|Sci-Fi,1924
2641,Superman II (1980),Action|Sci-Fi,8536
2642,Superman III (1983),Action|Adventure|Sci-Fi,9531
2643,Superman IV: The Quest for Peace (1987),Action|Adventure|Sci-Fi,11411
2644,Dracula (1931),Horror,138
2648,Frankenstein (1931),Drama|Horror|Sci-Fi,3035
2649,Son of Frankenstein (1939),Horror,3077
2657,"Rocky Horror Picture Show, The (1975)",Comedy|Horror|Musical|Sci-Fi,36685
2660,"Thing from Another World, The (1951)",Horror|Sci-Fi,10785
2662,"War of the Worlds, The (1953)",Action|Drama|Sci-Fi,8974
2664,Invasion of the Body Snatchers (1956),Horror|Sci-Fi|Thriller,11549
2668,Swamp Thing (1982),Horror|Sci-Fi,17918
2670,Run Silent Run Deep (1958),War,18784
2671,Notting Hill (1999),Comedy|Romance,509
2672,"Thirteenth Floor, The (1999)",Drama|Sci-Fi|Thriller,1090
2676,Instinct (1999),Drama|Thriller,12117
2677,Buena Vista Social Club (1999),Documentary|Musical,11779
2678,Desert Blue (1998),Drama,41730
2682,Limbo (1999),Drama,62676
2683,Austin Powers: The Spy Who Shagged Me (1999),Action|Adventure|Comedy,817
2686,"Red Violin, The (Violon rouge, Le) (1998)",Drama|Mystery,14283
2687,Tarzan (1999),Adventure|Animation|Children|Drama,37135
2688,"General's Daughter, The (1999)",Crime|Drama|Mystery|Thriller,2275
2689,Get Bruce (1999),Documentary,68426
2690,"Ideal Husband, An (1999)",Comedy|Romance,24137
2691,"Legend of 1900, The (a.k.a. The Legend of the Pianist on the Ocean) (Leggenda del pianista sull'oceano) (1998)",Drama,10376
2692,Run Lola Run (Lola rennt) (1998),Action|Crime,104
2693,Trekkies (1997),Documentary,15800
2694,Big Daddy (1999),Comedy,9032
2696,"Dinner Game, The (Dîner de cons, Le) (1998)",Comedy,9421
2699,Arachnophobia (1990),Comedy|Horror,6488
2700,"South Park: Bigger, Longer and Uncut (1999)",Animation|Comedy|Musical,9473
2701,Wild Wild West (1999),Action|Comedy|Sci-Fi|Western,8487
2702,Summer of Sam (1999),Drama,10279
2704,"Lovers on the Bridge, The (Amants du Pont-Neuf, Les) (1991)",Drama|Romance,2767
2706,American Pie (1999),Comedy|Romance,2105
2707,Arlington Road (1999),Thriller,1073
2708,"Autumn Tale, An (Conte d'automne) (1998)",Romance,10239
2709,Muppets From Space (1999),Children|Comedy,10208
2710,"Blair Witch Project, The (1999)",Drama|Horror|Thriller,2667
2711,My Life So Far (1999),Drama,48958
2712,Eyes Wide Shut (1999),Drama|Mystery|Thriller,345
2713,Lake Placid (1999),Horror|Thriller,9825
2716,Ghostbusters (a.k.a. Ghost Busters) (1984),Action|Comedy|Sci-Fi,620
2717,Ghostbusters II (1989),Comedy|Fantasy|Sci-Fi,2978
2718,Drop Dead Gorgeous (1999),Comedy,10490
2719,"Haunting, The (1999)",Horror|Thriller,11618
2720,Inspector Gadget (1999),Action|Adventure|Children|Comedy,332
2721,Trick (1999),Comedy|Romance,1812
2722,Deep Blue Sea (1999),Action|Horror|Sci-Fi|Thriller,8914
2723,Mystery Men (1999),Action|Comedy|Fantasy,9824
2724,Runaway Bride (1999),Comedy|Romance,4806
2726,"Killing, The (1956)",Crime|Film-Noir,247
2728,Spartacus (1960),Action|Drama|Romance|War,967
2729,Lolita (1962),Drama|Romance,802
2730,Barry Lyndon (1975),Drama|Romance|War,3175
2731,"400 Blows, The (Les quatre cents coups) (1959)",Crime|Drama,147
2732,Jules and Jim (Jules et Jim) (1961),Drama|Romance,1628
2734,"Mosquito Coast, The (1986)",Adventure|Drama|Thriller,11120
2735,"Golden Child, The (1986)",Action|Adventure|Comedy|Fantasy|Mystery,10136
2736,Brighton Beach Memoirs (1986),Comedy,32060
2738,Crimes of the Heart (1986),Comedy|Drama,48259
2739,"Color Purple, The (1985)",Drama,873
2744,Otello (1986),Drama,198469
2745,"Mission, The (1986)",Drama,11416
2746,Little Shop of Horrors (1986),Comedy|Horror|Musical,10776
2747,"Little Shop of Horrors, The (1960)",Comedy|Horror,24452
2748,Allan Quatermain and the Lost City of Gold (1987),Action|Adventure|Comedy,9710
2749,"Morning After, The (1986)",Drama|Mystery,31924
2750,Radio Days (1987),Comedy|Drama,30890
2751,From the Hip (1987),Comedy|Drama,24081
2752,Outrageous Fortune (1987),Comedy|Mystery,20242
2757,Frances (1982),Drama,3526
2759,Dick (1999),Comedy,16406
2761,"Iron Giant, The (1999)",Adventure|Animation|Children|Drama|Sci-Fi,10386
2762,"Sixth Sense, The (1999)",Drama|Horror|Mystery,745
2763,"Thomas Crown Affair, The (1999)",Action|Mystery,913
2764,"Thomas Crown Affair, The (1968)",Crime|Drama|Romance|Thriller,912
2765,"Acid House, The (1998)",Comedy|Drama,12229
2769,"Yards, The (2000)",Crime|Drama,19457
2770,Bowfinger (1999),Comedy,11353
2771,Brokedown Palace (1999),Drama,17707
2772,Detroit Rock City (1999),Comedy,9781
2774,Better Than Chocolate (1999),Comedy|Romance,18212
2777,Cobra (1925),Drama,38715
2778,Never Talk to Strangers (1995),Crime|Drama|Romance|Thriller,48781
2779,Heaven Can Wait (1978),Comedy,12185
2782,Pit and the Pendulum (1961),Horror,28501
2784,"Masque of the Red Death, The (1964)",Horror,25319
2788,Monty Python's And Now for Something Completely Different (1971),Comedy,9267
2789,Damien: Omen II (1978),Horror,10766
2791,Airplane! (1980),Comedy,813
2792,Airplane II: The Sequel (1982),Comedy,2665
2793,"American Werewolf in Paris, An (1997)",Comedy|Horror|Romance|Thriller,9406
2794,European Vacation (aka National Lampoon's European Vacation) (1985),Adventure|Comedy|Romance,11418
2795,National Lampoon's Vacation (1983),Comedy,11153
2796,Funny Farm (1988),Comedy,14170
2797,Big (1988),Comedy|Drama|Fantasy|Romance,2280
2798,Problem Child (1990),Children|Comedy,11077
2799,Problem Child 2 (1991),Comedy,28597
2800,Little Nemo: Adventures in Slumberland (1992),Adventure|Animation|Children|Drama|Fantasy,22611
2801,Oscar and Lucinda (a.k.a. Oscar & Lucinda) (1997),Drama|Romance,39780
2802,Tequila Sunrise (1988),Action|Drama|Romance|Thriller,10396
2803,"Pelican Brief, The (1993)",Crime|Drama|Mystery|Romance|Thriller,9944
2804,"Christmas Story, A (1983)",Children|Comedy,850
2805,Mickey Blue Eyes (1999),Comedy|Romance,10154
2806,Teaching Mrs. Tingle (1999),Comedy|Thriller,10342
2807,Universal Soldier: The Return (1999),Action|Sci-Fi,10366
2808,Universal Soldier (1992),Action|Sci-Fi,9349
2810,Perfect Blue (1997),Animation|Horror|Mystery|Thriller,10494
2815,Iron Eagle (1986),Action|War,11037
2816,Iron Eagle II (1988),Action|War,11955
2817,Aces: Iron Eagle III (1992),Action,2038
2818,Iron Eagle IV (1995),Action|War,28737
2819,Three Days of the Condor (3 Days of the Condor) (1975),Drama|Mystery|Romance|Thriller,11963
2820,Hamlet (1964),Drama,141489
2822,Medicine Man (1992),Adventure|Romance,9096
2826,"13th Warrior, The (1999)",Action|Adventure|Fantasy,1911
2827,"Astronaut's Wife, The (1999)",Horror|Sci-Fi|Thriller,2900
2828,Dudley Do-Right (1999),Children|Comedy,17709
2834,"Very Thought of You, The (1998)",Comedy|Romance,6373
2836,Outside Providence (1999),Comedy,14578
2840,Stigmata (1999),Drama|Thriller,10307
2841,Stir of Echoes (1999),Horror|Mystery|Thriller,11601
2843,"Black Cat, White Cat (Crna macka, beli macor) (1998)",Comedy|Romance,1075
2844,"Minus Man, The (1999)",Drama|Mystery,21719
2847,Only Angels Have Wings (1939),Adventure|Drama|Romance,43832
2852,"Soldier's Story, A (1984)",Drama,26522
2856,I Saw What You Did (1965),Thriller,28295
2857,Yellow Submarine (1968),Adventure|Animation|Comedy|Fantasy|Musical,12105
2858,American Beauty (1999),Drama|Romance,14
2859,Stop Making Sense (1984),Documentary|Musical,24128
2860,Blue Streak (1999),Comedy,11001
2861,For Love of the Game (1999),Comedy|Drama,10390
2862,Caligula (1979),Drama,9453
2863,"Hard Day's Night, A (1964)",Adventure|Comedy|Musical,704
2865,Sugar Town (1999),Comedy,142132
2866,"Buddy Holly Story, The (1978)",Drama,24153
2867,Fright Night (1985),Comedy|Horror|Thriller,11797
2868,Fright Night Part II (1988),Horror,18086
2871,Deliverance (1972),Adventure|Drama|Thriller,10669
2872,Excalibur (1981),Adventure|Fantasy,11527
2875,Sommersby (1993),Drama|Mystery|Romance,1049
2877,Tommy (1975),Musical,11326
2879,Armour of God II: Operation Condor (Operation Condor) (Fei ying gai wak) (1991),Action|Adventure|Comedy,10975
2881,Double Jeopardy (1999),Action|Crime|Drama|Thriller,10398
2882,Jakob the Liar (1999),Drama,2290
2883,Mumford (1999),Comedy|Drama,24071
2884,Dog Park (1998),Comedy|Romance,62994
2885,Guinevere (1999),Drama|Romance,60994
2886,"Adventures of Elmo in Grouchland, The (1999)",Children|Comedy,16112
2888,Drive Me Crazy (1999),Comedy|Romance,14429
2889,"Mystery, Alaska (1999)",Comedy|Drama,15198
2890,Three Kings (1999),Action|Adventure|Comedy|Drama|War,6415
2891,"Happy, Texas (1999)",Comedy,24066
2894,Romance (1999),Drama|Romance,26338
2898,"Dark Half, The (1993)",Horror|Mystery,10349
2899,Gulliver's Travels (1939),Adventure|Animation|Children,42518
2900,Monkey Shines (1988),Horror|Sci-Fi,29787
2901,Phantasm (1979),Horror|Sci-Fi,9638
2903,Psycho III (1986),Horror|Thriller,12662
2904,Rain (1932),Drama,61369
2905,Sanjuro (Tsubaki Sanjûrô) (1962),Action|Adventure|Drama,11712
2907,Superstar (1999),Comedy,13824
2908,Boys Don't Cry (1999),Drama,226
2911,"Grandfather, The (Abuelo, El) (1998)",Drama,69851
2912,"Limey, The (1999)",Crime|Drama|Thriller,10388
2915,Risky Business (1983),Comedy,9346
2916,Total Recall (1990),Action|Adventure|Sci-Fi|Thriller,861
2917,Body Heat (1981),Crime|Thriller,14412
2918,Ferris Bueller's Day Off (1986),Comedy,9377
2919,"Year of Living Dangerously, The (1982)",Drama|Romance|War,11541
2920,Children of Paradise (Les enfants du paradis) (1945),Drama|Romance,2457
2921,High Plains Drifter (1973),Western,11901
2922,Hang 'Em High (1968),Crime|Drama|Western,4929
2924,Drunken Master (Jui kuen) (1978),Action|Comedy,11230
2925,"Conformist, The (Conformista, Il) (1970)",Drama,8416
2926,Hairspray (1988),Comedy|Drama,11054
2927,Brief Encounter (1946),Drama|Romance,851
2929,Reds (1981),Drama|Romance,18254
2931,Time of the Gypsies (Dom za vesanje) (1989),Comedy|Crime|Drama|Fantasy,20123
2932,Days of Heaven (1978),Drama,16642
2935,"Lady Eve, The (1941)",Comedy|Romance,3086
2936,Sullivan's Travels (1941),Adventure|Comedy|Romance,16305
2937,"Palm Beach Story, The (1942)",Comedy,32255
2938,Man Facing Southeast (1986),Drama|Sci-Fi,48797
2941,South Pacific (1958),Musical|Romance|War,17352
2942,Flashdance (1983),Drama|Romance,535
2943,Indochine (1992),Drama|Romance,2731
2944,"Dirty Dozen, The (1967)",Action|Drama|War,1654
2946,Help! (1965),Comedy|Musical,14831
2947,Goldfinger (1964),Action|Adventure|Thriller,658
2948,From Russia with Love (1963),Action|Adventure|Thriller,657
2949,Dr. No (1962),Action|Adventure|Thriller,646
2950,"Blue Lagoon, The (1980)",Adventure|Drama|Romance,5689
2951,"Fistful of Dollars, A (Per un pugno di dollari) (1964)",Action|Western,391
2952,Sydney (Hard Eight) (1996),Crime|Drama|Thriller,8052
2953,Home Alone 2: Lost in New York (1992),Children|Comedy,772
2959,Fight Club (1999),Action|Crime|Drama|Thriller,550
2961,"Story of Us, The (1999)",Comedy|Drama,12220
2963,Joe the King (1999),Crime|Drama,53151
2966,"Straight Story, The (1999)",Adventure|Drama,404
2968,Time Bandits (1981),Adventure|Comedy|Fantasy|Sci-Fi,36819
2970,Fitzcarraldo (1982),Adventure|Drama,9343
2971,All That Jazz (1979),Drama|Fantasy|Musical,16858
2972,Red Sorghum (Hong gao liang) (1987),Drama|War,42006
2973,Crimes and Misdemeanors (1989),Comedy|Crime|Drama,11562
2974,Bats (1999),Horror|Thriller,10496
2975,"Best Man, The (1999)",Comedy|Drama,16162
2976,Bringing Out the Dead (1999),Drama,8649
2985,RoboCop (1987),Action|Crime|Drama|Sci-Fi|Thriller,5548
2986,RoboCop 2 (1990),Action|Crime|Sci-Fi|Thriller,5549
2987,Who Framed Roger Rabbit? (1988),Adventure|Animation|Children|Comedy|Crime|Fantasy|Mystery,856
2989,For Your Eyes Only (1981),Action|Adventure|Thriller,699
2990,Licence to Kill (1989),Action|Adventure|Thriller,709
2991,Live and Let Die (1973),Action|Adventure|Thriller,253
2993,Thunderball (1965),Action|Adventure|Thriller,660
2995,House on Haunted Hill (1999),Horror|Thriller,11377
2996,Music of the Heart (1999),Drama,26149
2997,Being John Malkovich (1999),Comedy|Drama|Fantasy,492
2998,Dreaming of Joseph Lees (1999),Drama|Romance,108346
3000,Princess Mononoke (Mononoke-hime) (1997),Action|Adventure|Animation|Drama|Fantasy,128
3002,My Best Fiend (Mein liebster Feind) (1999),Documentary,8672
3003,Train of Life (Train de vie) (1998),Comedy|Drama|Romance|War,8056
3004,"Bachelor, The (1999)",Comedy|Romance,2020
3005,"Bone Collector, The (1999)",Thriller,9481
3006,"Insider, The (1999)",Drama|Thriller,9008
3007,American Movie (1999),Documentary,14242
3008,Last Night (1998),Drama|Sci-Fi,16129
3010,Rosetta (1999),Drama,11489
3011,"They Shoot Horses, Don't They? (1969)",Drama,28145
3015,Coma (1978),Thriller,11223
3016,Creepshow (1982),Horror,16281
3017,Creepshow 2 (1987),Horror,16288
3018,Re-Animator (1985),Comedy|Horror|Sci-Fi,1694
3019,Drugstore Cowboy (1989),Crime|Drama,476
3020,Falling Down (1993),Action|Drama,37094
3022,"General, The (1926)",Comedy|War,961
3024,Piranha (1978),Horror|Sci-Fi,24831
3028,"Taming of the Shrew, The (1967)",Comedy,25560
3029,Nighthawks (1981),Action|Drama,21610
3030,Yojimbo (1961),Action|Adventure,11878
3032,"Omega Man, The (1971)",Action|Drama|Sci-Fi|Thriller,11234
3033,Spaceballs (1987),Comedy|Sci-Fi,957
3034,Robin Hood (1973),Adventure|Animation|Children|Comedy|Musical,11886
3035,Mister Roberts (1955),Comedy|Drama|War,37853
3036,"Quest for Fire (Guerre du feu, La) (1981)",Adventure|Drama,62204
3037,Little Big Man (1970),Western,11040
3038,"Face in the Crowd, A (1957)",Drama,21849
3039,Trading Places (1983),Comedy,1621
3040,Meatballs (1979),Comedy,14035
3041,Meatballs Part II (1984),Comedy,40771
3042,Meatballs III (1987),Comedy,40772
3044,Dead Again (1991),Mystery|Romance|Thriller,11498
3045,Peter's Friends (1992),Comedy|Drama,11790
3046,"Incredibly True Adventure of Two Girls in Love, The (1995)",Comedy|Romance,29371
3050,Light It Up (1999),Drama,19052
3051,Anywhere But Here (1999),Comedy|Drama,21349
3052,Dogma (1999),Adventure|Comedy|Fantasy,1832
3053,"Messenger: The Story of Joan of Arc, The (1999)",Drama|War,10047
3054,Pokémon: The First Movie (1998),Adventure|Animation|Children|Fantasy|Sci-Fi,10228
3055,Felicia's Journey (1999),Thriller,47692
3060,"Commitments, The (1991)",Comedy|Drama|Musical,11663
3061,Holiday Inn (1942),Comedy|Musical,13485
3062,"Longest Day, The (1962)",Action|Drama|War,9289
3064,Poison Ivy: New Seduction (1997),Drama|Thriller,18222
3066,Tora! Tora! Tora! (1970),Action|Drama|War,11165
3067,Women on the Verge of a Nervous Breakdown (Mujeres al borde de un ataque de nervios) (1988),Comedy|Drama,4203
3068,"Verdict, The (1982)",Drama|Mystery,24226
3070,"Adventures of Buckaroo Banzai Across the 8th Dimension, The (1984)",Adventure|Comedy|Sci-Fi,11379
3071,Stand and Deliver (1988),Comedy|Drama,29154
3072,Moonstruck (1987),Comedy|Romance,2039
3074,Jeremiah Johnson (1972),Western,11943
3075,Repulsion (1965),Drama|Horror,11481
3076,Irma la Douce (1963),Comedy,2690
3077,42 Up (1998),Documentary,20565
3078,Liberty Heights (1999),Drama,27141
3079,Mansfield Park (1999),Comedy|Drama|Romance,10399
3081,Sleepy Hollow (1999),Fantasy|Horror|Mystery|Romance,2668
3082,"World Is Not Enough, The (1999)",Action|Adventure|Thriller,36643
3083,All About My Mother (Todo sobre mi madre) (1999),Drama,99
3086,Babes in Toyland (1934),Children|Comedy|Fantasy|Musical,25898
3087,Scrooged (1988),Comedy|Fantasy|Romance,9647
3088,Harvey (1950),Comedy|Fantasy,11787
3089,Bicycle Thieves (a.k.a. The Bicycle Thief) (a.k.a. The Bicycle Thieves) (Ladri di biciclette) (1948),Drama,5156
3090,Matewan (1987),Drama,24276
3091,Kagemusha (1980),Drama|War,11953
3093,McCabe & Mrs. Miller (1971),Drama|Western,29005
3094,Maurice (1987),Drama|Romance,26371
3095,"Grapes of Wrath, The (1940)",Drama,596
3096,My Man Godfrey (1957),Comedy,52470
3097,"Shop Around the Corner, The (1940)",Comedy|Drama|Romance,20334
3098,"Natural, The (1984)",Drama,11393
3099,Shampoo (1975),Comedy|Drama|Romance,31121
3100,"River Runs Through It, A (1992)",Drama,293
3101,Fatal Attraction (1987),Drama|Thriller,10998
3102,Jagged Edge (1985),Crime|Romance|Thriller,12235
3104,Midnight Run (1988),Action|Comedy|Crime|Thriller,9013
3105,Awakenings (1990),Drama|Mystery,11005
3107,Backdraft (1991),Action|Drama,2924
3108,"Fisher King, The (1991)",Comedy|Drama|Fantasy|Romance,177
3110,Country (1984),Drama,42087
3113,End of Days (1999),Action|Fantasy|Horror|Mystery|Thriller,9946
3114,Toy Story 2 (1999),Adventure|Animation|Children|Comedy|Fantasy,863
3115,Flawless (1999),Drama,31582
3117,Ride with the Devil (1999),Drama|Romance|War,22267
3120,"Distinguished Gentleman, The (1992)",Comedy,10411
3124,Agnes Browne (1999),Comedy|Drama,15506
3125,"End of the Affair, The (1999)",Drama,20024
3127,Holy Smoke (1999),Comedy|Drama,13787
3128,"Map of the World, A (1999)",Drama,54933
3129,Sweet and Lowdown (1999),Comedy|Drama,9684
3130,Bonfire of the Vanities (1990),Comedy|Crime|Drama,9586
3132,Daddy Long Legs (1919),Comedy|Drama,70801
3133,Go West (1925),Comedy|Western,33015
3134,Grand Illusion (La grande illusion) (1937),Drama|War,777
3135,"Great Santini, The (1979)",Drama,21887
3138,Stealing Home (1988),Drama,32331
3142,U2: Rattle and Hum (1988),Documentary|Musical,18161
3145,Cradle Will Rock (1999),Drama,32274
3146,Deuce Bigalow: Male Gigolo (1999),Comedy,10402
3147,"Green Mile, The (1999)",Crime|Drama,497
3148,"Cider House Rules, The (1999)",Drama,1715
3150,"War Zone, The (1999)",Drama|Thriller,42739
3152,"Last Picture Show, The (1971)",Drama,25188
3153,"7th Voyage of Sinbad, The (1958)",Action|Adventure|Fantasy,15515
3155,Anna and the King (1999),Drama|Romance,1439
3156,Bicentennial Man (1999),Drama|Romance|Sci-Fi,2277
3157,Stuart Little (1999),Children|Comedy|Fantasy,10137
3158,"Emperor and the Assassin, The (Jing ke ci qin wang) (1999)",Drama,10387
3159,Fantasia 2000 (1999),Animation|Children|Musical|IMAX,49948
3160,Magnolia (1999),Drama,334
3161,Onegin (1999),Drama|Romance,30237
3163,Topsy-Turvy (1999),Comedy|Drama|Musical,46435
3168,Easy Rider (1969),Adventure|Drama,624
3169,The Falcon and the Snowman (1985),Crime|Drama|Thriller,26578
3173,Any Given Sunday (1999),Drama,9563
3174,Man on the Moon (1999),Comedy|Drama,1850
3175,Galaxy Quest (1999),Adventure|Comedy|Sci-Fi,926
3176,"Talented Mr. Ripley, The (1999)",Drama|Mystery|Thriller,1213
3177,Next Friday (2000),Comedy,10471
3178,"Hurricane, The (1999)",Drama,10400
3179,Angela's Ashes (1999),Drama,10397
3181,Titus (1999),Drama,12524
3182,"Mr. Death: The Rise and Fall of Fred A. Leuchter, Jr. (1999)",Documentary,28216
3183,"Third Miracle, The (1999)",Drama,36773
3185,Snow Falling on Cedars (1999),Drama,10219
3186,"Girl, Interrupted (1999)",Drama,3558
3189,My Dog Skip (1999),Children|Drama,17908
3196,Stalag 17 (1953),Drama|War,632
3197,"Presidio, The (1988)",Action|Crime|Romance|Thriller,11851
3198,Papillon (1973),Crime|Drama,5924
3199,Pal Joey (1957),Comedy|Drama|Musical|Romance,33734
3201,Five Easy Pieces (1970),Drama,26617
3203,Dead Calm (1989),Thriller,10493
3204,"Boys from Brazil, The (1978)",Action|Mystery|Thriller,16241
3208,Loaded Weapon 1 (National Lampoon's Loaded Weapon 1) (1993),Action|Comedy,9644
3210,Fast Times at Ridgemont High (1982),Comedy|Drama|Romance,13342
3213,Batman: Mask of the Phantasm (1993),Animation|Children,14919
3219,Pacific Heights (1990),Mystery|Thriller,2990
3223,"Zed & Two Noughts, A (1985)",Drama,33078
3224,Woman in the Dunes (Suna no onna) (1964),Drama,16672
3225,Down to You (2000),Comedy|Romance,10472
3230,"Odessa File, The (1974)",Thriller,21489
3232,Seven Chances (1925),Comedy,32600
3243,Encino Man (1992),Comedy,10406
3246,Malcolm X (1992),Drama,1883
3247,Sister Act (1992),Comedy|Crime,2005
3248,Sister Act 2: Back in the Habit (1993),Comedy,6279
3249,"Hand That Rocks the Cradle, The (1992)",Drama|Thriller,11087
3250,Alive (1993),Drama,7305
3251,Agnes of God (1985),Drama|Mystery,24735
3252,Scent of a Woman (1992),Drama,9475
3253,Wayne's World (1992),Comedy,8872
3254,Wayne's World 2 (1993),Comedy,8873
3255,"League of Their Own, A (1992)",Comedy|Drama,11287
3256,Patriot Games (1992),Action|Crime|Drama|Thriller,9869
3257,"Bodyguard, The (1992)",Drama|Romance|Thriller,619
3258,Death Becomes Her (1992),Comedy|Fantasy,9374
3259,Far and Away (1992),Adventure|Drama|Romance,11259
3260,Howards End (1992),Drama,8293
3261,Singles (1992),Comedy|Drama|Romance,11068
3262,Twin Peaks: Fire Walk with Me (1992),Crime|Drama|Mystery|Thriller,1923
3263,White Men Can't Jump (1992),Comedy|Drama,10158
3264,Buffy the Vampire Slayer (1992),Action|Comedy|Horror,10206
3265,Hard-Boiled (Lat sau san taam) (1992),Action|Crime|Drama|Thriller,11782
3266,Man Bites Dog (C'est arrivé près de chez vous) (1992),Comedy|Crime|Drama|Thriller,10086
3267,"Mariachi, El (1992)",Action|Crime|Thriller|Western,9367
3268,Stop! Or My Mom Will Shoot (1992),Action|Comedy,9876
3269,Forever Young (1992),Drama|Romance|Sci-Fi,10326
3270,"Cutting Edge, The (1992)",Comedy|Drama|Romance,16562
3271,Of Mice and Men (1992),Drama,9609
3273,Scream 3 (2000),Comedy|Horror|Mystery|Thriller,4234
3274,Single White Female (1992),Drama|Thriller,9605
3275,"Boondock Saints, The (2000)",Action|Crime|Drama|Thriller,8374
3278,Gendernauts (1999),Documentary,49477
3285,"Beach, The (2000)",Adventure|Drama,1907
3287,"Tigger Movie, The (2000)",Animation|Children,15655
3298,Boiler Room (2000),Crime|Drama|Thriller,14181
3299,Hanging Up (2000),Comedy|Drama,10385
3300,Pitch Black (2000),Horror|Sci-Fi|Thriller,2787
3301,"Whole Nine Yards, The (2000)",Comedy|Crime,2069
3302,Beautiful People (1999),Comedy,61416
3304,Blue Collar (1978),Crime|Drama,14839
3307,City Lights (1931),Comedy|Drama|Romance,901
3308,"Flamingo Kid, The (1984)",Comedy|Drama,25010
3316,Reindeer Games (2000),Action|Thriller,2155
3317,Wonder Boys (2000),Comedy|Drama,11004
3320,Mifune's Last Song (Mifunes sidste sang) (1999),Comedy|Drama|Romance,139
3324,Drowning Mona (2000),Comedy,25166
3325,"Next Best Thing, The (2000)",Comedy|Drama,1831
3326,What Planet Are You From? (2000),Comedy|Sci-Fi,10416
3327,Beyond the Mat (1999),Documentary,14271
3328,Ghost Dog: The Way of the Samurai (1999),Crime|Drama,4816
3329,The Year My Voice Broke (1987),Drama|Romance,19958
3330,Splendor in the Grass (1961),Drama|Romance,28569
3334,Key Largo (1948),Crime|Drama|Film-Noir|Thriller,11016
3341,Born Yesterday (1950),Comedy,24481
3342,Birdy (1984),Drama|War,11296
3347,Never Cry Wolf (1983),Adventure|Drama,14280
3350,"Raisin in the Sun, A (1961)",Drama,29478
3354,Mission to Mars (2000),Sci-Fi,2067
3355,"Ninth Gate, The (1999)",Fantasy|Horror|Mystery|Thriller,622
3358,Defending Your Life (1991),Comedy|Drama|Fantasy|Romance,12186
3359,Breaking Away (1979),Comedy|Drama,20283
3360,Hoosiers (a.k.a. Best Shot) (1986),Drama|Romance,5693
3361,Bull Durham (1988),Comedy|Drama|Romance,287
3362,Dog Day Afternoon (1975),Crime|Drama,968
3363,American Graffiti (1973),Comedy|Drama,838
3364,"Asphalt Jungle, The (1950)",Crime|Film-Noir,16958
3365,"Searchers, The (1956)",Drama|Western,3114
3368,"Big Country, The (1958)",Romance|Western,12501
3370,Betrayed (1988),Drama|Thriller,31618
3375,Destination Moon (1950),Sci-Fi,25392
3379,On the Beach (1959),Drama,35412
3384,"Taking of Pelham One Two Three, The (1974)",Action|Crime,8333
3386,JFK (1991),Drama|Mystery|Thriller,820
3388,Harry and the Hendersons (1987),Children|Comedy,8989
3392,She-Devil (1989),Comedy,11157
3396,"Muppet Movie, The (1979)",Adventure|Children|Comedy|Musical,11176
3397,"Great Muppet Caper, The (1981)",Children|Comedy,14900
3398,"Muppets Take Manhattan, The (1984)",Children|Comedy|Musical,11899
3404,Titanic (1953),Action|Drama,16535
3406,Captain Horatio Hornblower R.N. (1951),Action|Adventure|Drama|War,23928
3408,Erin Brockovich (2000),Drama,462
3409,Final Destination (2000),Drama|Thriller,9532
3412,"Bear, The (Ours, L') (1988)",Adventure|Children|Drama,2383
3415,"Mirror, The (Zerkalo) (1975)",Drama,1396
3417,"Crimson Pirate, The (1952)",Adventure|Comedy,11570
3418,Thelma & Louise (1991),Adventure|Crime|Drama,1541
3420,...And Justice for All (1979),Drama|Thriller,17443
3421,Animal House (1978),Comedy,8469
3422,She's Gotta Have It (1986),Comedy|Romance,27995
3424,Do the Right Thing (1989),Drama,925
3425,Mo' Better Blues (1990),Drama|Musical,41823
3429,Creature Comforts (1989),Animation|Comedy,54825
3430,Death Wish (1974),Action|Crime|Drama,13939
3431,Death Wish 2 (1982),Action|Drama,14373
3432,Death Wish 3 (1985),Action|Drama,24873
3433,Death Wish 4: The Crackdown (1987),Action|Drama,26263
3435,Double Indemnity (1944),Crime|Drama|Film-Noir,996
3438,Teenage Mutant Ninja Turtles (1990),Action|Children|Comedy|Fantasy|Sci-Fi,1498
3439,Teenage Mutant Ninja Turtles II: The Secret of the Ooze (1991),Action|Children|Fantasy,1497
3440,Teenage Mutant Ninja Turtles III (1993),Action|Adventure|Children|Comedy|Fantasy,1499
3441,Red Dawn (1984),Action|Drama|War,1880
3448,"Good Morning, Vietnam (1987)",Comedy|Drama|War,801
3450,Grumpy Old Men (1993),Comedy,11520
3451,Guess Who's Coming to Dinner (1967),Drama,1879
3452,Romeo Must Die (2000),Action|Crime|Romance|Thriller,2085
3453,Here on Earth (2000),Drama|Romance,13539
3454,Whatever It Takes (2000),Comedy|Romance,16222
3456,"Color of Paradise, The (Rang-e khoda) (1999)",Drama,17078
3457,Waking the Dead (2000),Drama|Thriller,37722
3461,Lord of the Flies (1963),Adventure|Drama|Thriller,9960
3462,Modern Times (1936),Comedy|Drama|Romance,3082
3466,Heart and Souls (1993),Comedy|Fantasy,12187
3467,Hud (1963),Drama|Western,24748
3468,"Hustler, The (1961)",Drama,990
3469,Inherit the Wind (1960),Drama,1908
3470,Dersu Uzala (1975),Adventure|Drama,9764
3471,Close Encounters of the Third Kind (1977),Adventure|Drama|Sci-Fi,840
3476,Jacob's Ladder (1990),Horror|Mystery,2291
3477,Empire Records (1995),Comedy|Drama,13531
3478,"Bamba, La (1987)",Drama,16620
3479,Ladyhawke (1985),Adventure|Fantasy|Romance,526
3480,Lucas (1986),Drama|Romance,13346
3481,High Fidelity (2000),Comedy|Drama|Romance,243
3483,"Road to El Dorado, The (2000)",Animation|Children,10501
3484,"Skulls, The (2000)",Thriller,11478
3489,Hook (1991),Adventure|Comedy|Fantasy,879
3491,My Chauffeur (1986),Comedy,39406
3492,"Son of the Sheik, The (1926)",Adventure|Comedy|Romance,85689
3494,True Grit (1969),Adventure|Drama|Western,17529
3497,Max Dugan Returns (1983),Comedy,1793
3498,Midnight Express (1978),Drama,11327
3499,Misery (1990),Drama|Horror|Thriller,1700
3500,Mr. Saturday Night (1992),Comedy|Drama,54087
3501,Murphy's Romance (1985),Comedy|Romance,34322
3503,Solaris (Solyaris) (1972),Drama|Mystery|Sci-Fi,593
3504,Network (1976),Comedy|Drama,10774
3505,No Way Out (1987),Drama|Mystery|Thriller,10083
3507,"Odd Couple, The (1968)",Comedy,11356
3508,"Outlaw Josey Wales, The (1976)",Action|Adventure|Drama|Thriller|Western,10747
3510,Frequency (2000),Drama|Thriller,10559
3511,Ready to Rumble (2000),Comedy,20697
3512,Return to Me (2000),Drama|Romance,2621
3513,Rules of Engagement (2000),Drama|Thriller,10479
3514,Joe Gould's Secret (2000),Drama,125709
3515,Me Myself I (2000),Comedy|Romance,49721
3518,"End of Violence, The (1997)",Drama|Thriller,46625
3519,Force 10 from Navarone (1978),Action|Drama|War,17339
3521,Mystery Train (1989),Comedy|Drama,11305
3524,Arthur (1981),Comedy|Romance,13665
3525,Bachelor Party (1984),Comedy,12309
3526,Parenthood (1989),Comedy|Drama,1552
3527,Predator (1987),Action|Sci-Fi|Thriller,106
3528,"Prince of Tides, The (1991)",Drama|Romance,10333
3529,"Postman Always Rings Twice, The (1981)",Crime|Thriller,11027
3530,Smoking/No Smoking (1993),Comedy,61560
3531,All the Vermeers in New York (1990),Comedy|Drama|Romance,123757
3534,28 Days (2000),Drama,10468
3535,American Psycho (2000),Crime|Horror|Mystery|Thriller,1359
3536,Keeping the Faith (2000),Comedy|Drama|Romance,4967
3538,East is East (1999),Comedy,10557
3539,"Filth and the Fury, The (2000)",Documentary,27745
3543,Diner (1982),Comedy|Drama,13776
3545,Cabaret (1972),Drama|Musical,10784
3546,What Ever Happened to Baby Jane? (1962),Drama|Horror|Thriller,10242
3548,Auntie Mame (1958),Comedy|Drama,16347
3549,Guys and Dolls (1955),Comedy|Musical|Romance,4825
3550,The Hunger (1983),Horror,11654
3551,Marathon Man (1976),Crime|Drama|Thriller,10518
3552,Caddyshack (1980),Comedy,11977
3554,Love and Basketball (2000),Drama|Romance,14736
3555,U-571 (2000),Action|Thriller|War,3536
3556,"Virgin Suicides, The (1999)",Drama|Romance,1443
3559,Limelight (1952),Comedy|Drama|Romance,28971
3564,"Flintstones in Viva Rock Vegas, The (2000)",Children|Comedy,889
3566,"Big Kahuna, The (2000)",Comedy|Drama,15723
3571,Time Code (2000),Comedy|Drama,36234
3576,"Hidden, The (1987)",Action|Horror|Sci-Fi,12476
3578,Gladiator (2000),Action|Adventure|Drama,98
3580,Up at the Villa (2000),Drama,47724
3581,Human Traffic (1999),Comedy,11129
3593,Battlefield Earth (2000),Action|Sci-Fi,5491
3594,Center Stage (2000),Drama|Musical,10560
3595,Held Up (1999),Comedy,19489
3598,Hamlet (2000),Crime|Drama|Romance|Thriller,10688
3606,On the Town (1949),Comedy|Musical|Romance,31516
3608,Pee-wee's Big Adventure (1985),Adventure|Comedy,5683
3614,Honeymoon in Vegas (1992),Comedy|Romance,12518
3615,Dinosaur (2000),Adventure|Animation|Children,10567
3616,Loser (2000),Comedy|Romance,10642
3617,Road Trip (2000),Comedy,9285
3618,Small Time Crooks (2000),Comedy|Crime,10569
3622,"Twelve Chairs, The (1970)",Comedy,24918
3623,Mission: Impossible II (2000),Action|Adventure|Thriller,955
3624,Shanghai Noon (2000),Action|Adventure|Comedy|Western,8584
3629,"Gold Rush, The (1925)",Adventure|Comedy|Romance,962
3633,On Her Majesty's Secret Service (1969),Action|Adventure|Romance|Thriller,668
3634,Seven Days in May (1964),Thriller,23518
3635,"Spy Who Loved Me, The (1977)",Action|Adventure|Thriller,691
3638,Moonraker (1979),Action|Adventure|Sci-Fi|Thriller,698
3639,"Man with the Golden Gun, The (1974)",Action|Adventure|Thriller,682
3645,Cleo from 5 to 7 (Cléo de 5 à 7) (1962),Drama,499
3646,Big Momma's House (2000),Comedy,9600
3649,American Gigolo (1980),Drama,2768
3653,"Endless Summer, The (1966)",Documentary,21
3654,"Guns of Navarone, The (1961)",Action|Adventure|Drama|War,10911
3658,Quatermass and the Pit (1967),Horror|Sci-Fi,26912
3659,Quatermass 2 (Enemy from Space) (1957),Sci-Fi|Thriller,26278
3668,Romeo and Juliet (1968),Drama|Romance,6003
3671,Blazing Saddles (1974),Comedy|Western,11072
3675,White Christmas (1954),Comedy|Musical|Romance,13368
3676,Eraserhead (1977),Drama|Horror,985
3677,Baraka (1992),Documentary,14002
3681,For a Few Dollars More (Per qualche dollaro in più) (1965),Action|Drama|Thriller|Western,938
3682,Magnum Force (1973),Action|Crime|Drama|Thriller,10648
3683,Blood Simple (1984),Crime|Drama|Film-Noir,11368
3684,"Fabulous Baker Boys, The (1989)",Drama|Romance,10875
3686,Flatliners (1990),Horror|Sci-Fi|Thriller,1551
3688,Porky's (1982),Comedy,10246
3689,Porky's II: The Next Day (1983),Comedy,19698
3692,Class of Nuke 'Em High (1986),Comedy|Horror,26554
3693,"Toxic Avenger, The (1985)",Comedy|Horror,15239
3697,Predator 2 (1990),Action|Sci-Fi|Thriller,169
3698,"Running Man, The (1987)",Action|Sci-Fi,865
3699,Starman (1984),Adventure|Drama|Romance|Sci-Fi,9663
3700,"Brother from Another Planet, The (1984)",Drama|Sci-Fi,26889
3701,Alien Nation (1988),Crime|Drama|Sci-Fi|Thriller,10128
3702,Mad Max (1979),Action|Adventure|Sci-Fi,9659
3703,"Road Warrior, The (Mad Max 2) (1981)",Action|Adventure|Sci-Fi|Thriller,8810
3704,Mad Max Beyond Thunderdome (1985),Action|Adventure|Sci-Fi,9355
3705,Bird on a Wire (1990),Action|Comedy|Romance,1727
3706,Angel Heart (1987),Film-Noir|Horror|Mystery|Thriller,635
3713,"Long Walk Home, The (1990)",Drama,51763
3717,Gone in 60 Seconds (2000),Action|Crime,9679
3718,American Pimp (1999),Documentary,24587
3720,Sunshine (1999),Drama,17771
3724,Coming Home (1978),Drama|War,31657
3726,Assault on Precinct 13 (1976),Action|Thriller,17814
3727,Near Dark (1987),Horror|Western,11879
3728,One False Move (1992),Crime|Drama|Film-Noir|Thriller,21128
3729,Shaft (1971),Action|Crime|Drama|Thriller,482
3730,"Conversation, The (1974)",Drama|Mystery,592
3735,Serpico (1973),Crime|Drama,9040
3736,"Ace in the Hole (Big Carnival, The) (1951)",Drama,25364
3738,"Sugarland Express, The (1974)",Drama,5121
3739,Trouble in Paradise (1932),Comedy|Romance,195
3740,Big Trouble in Little China (1986),Action|Adventure|Comedy|Fantasy,6978
3741,Badlands (1973),Crime|Drama|Thriller,3133
3742,Battleship Potemkin (1925),Drama|War,643
3743,Boys and Girls (2000),Comedy|Romance,10571
3744,Shaft (2000),Action|Crime|Thriller,479
3745,Titan A.E. (2000),Action|Adventure|Animation|Children|Sci-Fi,7450
3747,Jesus' Son (1999),Drama,25636
3749,"Time Regained (Temps retrouvé, Le) (1999)",Drama,47439
3751,Chicken Run (2000),Animation|Children|Comedy,7443
3752,"Me, Myself & Irene (2000)",Adventure|Comedy,2123
3753,"Patriot, The (2000)",Action|Drama|War,2024
3754,"Adventures of Rocky and Bullwinkle, The (2000)",Adventure|Animation|Children|Comedy|Fantasy,17711
3755,"Perfect Storm, The (2000)",Drama|Thriller,2133
3760,"Kentucky Fried Movie, The (1977)",Comedy,11598
3761,"Blood In, Blood Out (1993)",Action|Crime|Drama|Thriller,9702
3763,F/X (1986),Action|Crime|Thriller,9873
3764,F/X2 (a.k.a. F/X 2 - The Deadly Art of Illusion) (1991),Action|Crime|Thriller,16820
3769,Thunderbolt and Lightfoot (1974),Action,8348
3770,Dreamscape (1984),Horror|Sci-Fi|Thriller,24099
3771,The Golden Voyage of Sinbad (1973),Action|Adventure|Fantasy,17897
3773,House Party (1990),Comedy,16094
3783,Croupier (1998),Crime|Drama,12706
3784,"Kid, The (2000)",Comedy|Fantasy,4244
3785,Scary Movie (2000),Comedy|Horror,4247
3786,But I'm a Cheerleader (1999),Comedy,20770
3788,Blow-Up (Blowup) (1966),Drama|Mystery,1052
3789,"Pawnbroker, The (1964)",Drama,20540
3791,Footloose (1984),Drama,1788
3793,X-Men (2000),Action|Adventure|Sci-Fi,36657
3795,"Five Senses, The (1999)",Drama,47585
3798,What Lies Beneath (2000),Drama|Horror|Mystery,2655
3799,Pokémon the Movie 2000 (2000),Animation|Children,12599
3801,Anatomy of a Murder (1959),Drama|Mystery,93
3802,Freejack (1992),Action|Sci-Fi,9278
3808,"Two Women (Ciociara, La) (1960)",Drama|War,24167
3809,What About Bob? (1991),Comedy,10276
3811,Breaker Morant (1980),Drama|War,13783
3812,Everything You Always Wanted to Know About Sex * But Were Afraid to Ask (1972),Comedy,11624
3814,Love and Death (1975),Comedy,11686
3819,Tampopo (1985),Comedy,11830
3821,Nutty Professor II: The Klumps (2000),Comedy,12107
3822,"Girl on the Bridge, The (Fille sur le pont, La) (1999)",Drama|Romance,10401
3823,Wonderland (1999),Drama,32640
3824,Autumn in New York (2000),Drama|Romance,10641
3825,Coyote Ugly (2000),Comedy|Drama|Romance,6282
3826,Hollow Man (2000),Horror|Sci-Fi|Thriller,9383
3827,Space Cowboys (2000),Action|Adventure|Comedy|Sci-Fi,5551
3835,"Crush, The (1993)",Thriller,33408
3836,Kelly's Heroes (1970),Action|Comedy|War,11589
3837,Phantasm II (1988),Action|Fantasy|Horror|Sci-Fi|Thriller,15158
3840,Pumpkinhead (1988),Horror,26515
3843,Sleepaway Camp (1983),Horror,13567
3844,Steel Magnolias (1989),Drama,10860
3849,The Spiral Staircase (1945),Horror|Mystery|Thriller,27452
3854,Aimée & Jaguar (1999),Drama|Romance|War,2211
3857,Bless the Child (2000),Thriller,10391
3859,"Eyes of Tammy Faye, The (2000)",Documentary,15665
3861,"Replacements, The (2000)",Comedy,10393
3863,"Cell, The (2000)",Drama|Horror|Thriller,8843
3864,Godzilla 2000 (Gojira ni-sen mireniamu) (1999),Action|Adventure|Sci-Fi,10643
3865,"Original Kings of Comedy, The (2000)",Comedy|Documentary,23618
3867,All the Rage (It's the Rage) (1999),Drama,30946
3868,"Naked Gun: From the Files of Police Squad!, The (1988)",Action|Comedy|Crime|Romance,37136
3869,"Naked Gun 2 1/2: The Smell of Fear, The (1991)",Comedy,37137
3870,Our Town (1940),Drama,23283
3871,Shane (1953),Drama|Western,3110
3872,"Suddenly, Last Summer (1959)",Drama,14698
3877,Supergirl (1984),Action|Adventure|Fantasy,9651
3879,"Art of War, The (2000)",Action|Thriller,11398
3882,Bring It On (2000),Comedy,1588
3885,Love & Sex (2000),Comedy|Drama|Romance,25128
3889,Highlander: Endgame (Highlander IV) (2000),Action|Adventure|Fantasy,12211
3893,Nurse Betty (2000),Comedy|Crime|Drama|Romance|Thriller,10480
3896,"Way of the Gun, The (2000)",Crime|Thriller,1619
3897,Almost Famous (2000),Drama,786
3901,Duets (2000),Comedy|Drama,18074
3906,Under Suspicion (2000),Crime|Thriller,10562
3908,Urban Legends: Final Cut (2000),Horror,12212
3910,Dancer in the Dark (2000),Drama|Musical,16
3911,Best in Show (2000),Comedy,13785
3916,Remember the Titans (2000),Drama,10637
3917,Hellraiser (1987),Horror,9003
3918,Hellbound: Hellraiser II (1988),Horror,9064
3919,Hellraiser III: Hell on Earth (1992),Horror,11569
3925,Stranger Than Paradise (1984),Comedy|Drama,469
3927,Fantastic Voyage (1966),Adventure|Sci-Fi,2161
3932,"Invisible Man, The (1933)",Horror|Sci-Fi,10787
3937,Runaway (1984),Sci-Fi|Thriller,9507
3943,Bamboozled (2000),Comedy,24664
3945,Digimon: The Movie (2000),Adventure|Animation|Children,20455
3946,Get Carter (2000),Action|Drama|Thriller,10461
3948,Meet the Parents (2000),Comedy,1597
3949,Requiem for a Dream (2000),Drama,641
3950,Tigerland (2000),Drama,10687
3952,"Contender, The (2000)",Drama|Thriller,6521
3953,Dr. T and the Women (2000),Comedy|Romance,10763
3955,"Ladies Man, The (2000)",Comedy,16888
3958,Billy Jack Goes to Washington (1977),Drama,78140
3959,"Time Machine, The (1960)",Action|Adventure|Sci-Fi,2134
3964,"Adventures of Ichabod and Mr. Toad, The (1949)",Animation|Children,13465
3967,Billy Elliot (2000),Drama,71
3968,Bedazzled (2000),Comedy,1636
3969,Pay It Forward (2000),Drama,10647
3972,"Legend of Drunken Master, The (Jui kuen II) (1994)",Action|Comedy,12207
3973,Book of Shadows: Blair Witch 2 (2000),Crime|Horror|Mystery|Thriller,11531
3974,"Little Vampire, The (2000)",Adventure|Children,24100
3975,Lucky Numbers (2000),Comedy|Drama,10783
3977,Charlie's Angels (2000),Action|Comedy,4327
3978,"Legend of Bagger Vance, The (2000)",Drama|Romance,4958
3979,Little Nicky (2000),Comedy,9678
3980,Men of Honor (2000),Drama,11978
3981,Red Planet (2000),Action|Sci-Fi|Thriller,8870
3983,You Can Count on Me (2000),Drama|Romance,14295
3984,Diamonds Are Forever (1971),Action|Adventure|Thriller,681
3986,"6th Day, The (2000)",Action|Sci-Fi|Thriller,8452
3987,Bounce (2000),Drama|Romance,10862
3988,How the Grinch Stole Christmas (a.k.a. The Grinch) (2000),Children|Comedy|Fantasy,8871
3990,Rugrats in Paris: The Movie (2000),Animation|Children|Comedy,16340
3992,Malèna (2000),Drama|Romance|War,10867
3993,Quills (2000),Drama|Romance,10876
3994,Unbreakable (2000),Drama|Sci-Fi,9741
3996,"Crouching Tiger, Hidden Dragon (Wo hu cang long) (2000)",Action|Drama|Romance,146
3997,Dungeons & Dragons (2000),Action|Adventure|Comedy|Fantasy,11849
3998,Proof of Life (2000),Drama,11983
3999,Vertical Limit (2000),Action|Adventure,11678
4000,"Bounty, The (1984)",Adventure|Drama,2669
4002,"Planes, Trains & Automobiles (1987)",Comedy,2609
4005,"Living Daylights, The (1987)",Action|Adventure|Thriller,708
4006,Transformers: The Movie (1986),Adventure|Animation|Children|Sci-Fi,1857
4007,Wall Street (1987),Drama,10673
4008,Born on the Fourth of July (1989),Drama|War,2604
4010,Brewster's Millions (1985),Comedy,11064
4011,Snatch (2000),Comedy|Crime|Thriller,107
4014,Chocolat (2000),Drama|Romance,392
4015,"Dude, Where's My Car? (2000)",Comedy|Sci-Fi,8859
4016,"Emperor's New Groove, The (2000)",Adventure|Animation|Children|Comedy|Fantasy,11688
4017,Pollock (2000),Drama,12509
4018,What Women Want (2000),Comedy|Romance,3981
4019,Finding Forrester (2000),Drama,711
4020,"Gift, The (2000)",Thriller,2046
4021,Before Night Falls (2000),Drama,5001
4022,Cast Away (2000),Drama,8358
4023,"Family Man, The (2000)",Comedy|Drama|Romance,5994
4024,"House of Mirth, The (2000)",Romance,25520
4025,Miss Congeniality (2000),Comedy|Crime,1493
4026,Nowhere to Hide (Injeong sajeong bol geot eobtda) (1999),Action|Comedy|Crime|Thriller,25660
4027,"O Brother, Where Art Thou? (2000)",Adventure|Comedy|Crime,134
4028,Songcatcher (2000),Drama,62677
4029,State and Main (2000),Comedy|Drama,21991
4033,Thirteen Days (2000),Drama|Thriller|War,11973
4034,Traffic (2000),Crime|Drama|Thriller,1900
4035,"Claim, The (2000)",Romance|Western,44853
4036,Shadow of the Vampire (2000),Drama|Horror,10873
4037,House of Games (1987),Crime|Film-Noir|Mystery|Thriller,26719
4039,Annie (1982),Children|Musical,15739
4040,Don't Tell Mom the Babysitter's Dead (1991),Comedy,15413
4041,"Officer and a Gentleman, An (1982)",Drama|Romance,2623
4043,At Close Range (1986),Crime|Drama,13715
4047,Gettysburg (1993),Drama|War,10655
4052,Antitrust (2001),Crime|Drama|Thriller,9989
4053,Double Take (2001),Action|Comedy,18828
4054,Save the Last Dance (2001),Drama|Romance,9816
4055,Panic (2000),Drama,20637
4056,"Pledge, The (2001)",Crime|Drama|Mystery|Thriller,5955
4061,The Man in the Moon (1991),Drama|Romance,17474
4063,Prelude to a Kiss (1992),Comedy|Drama|Romance,2613
4068,Sugar & Spice (2001),Comedy,16723
4069,"Wedding Planner, The (2001)",Comedy|Romance,2018
4077,"With a Friend Like Harry... (Harry, un ami qui vous veut du bien) (2000)",Drama|Thriller,47943
4079,Amazon Women on the Moon (1987),Comedy|Sci-Fi,5709
4080,Baby Boom (1987),Comedy,11215
4082,Barfly (1987),Comedy|Drama|Romance,10937
4084,Beverly Hills Cop II (1987),Action|Comedy|Crime|Thriller,96
4085,Beverly Hills Cop (1984),Action|Comedy|Crime|Drama,90
4086,"Big Easy, The (1987)",Action|Crime|Mystery|Romance|Thriller,11028
4090,"Brave Little Toaster, The (1987)",Animation|Children,19933
4091,Can't Buy Me Love (1987),Comedy|Romance,12919
4092,Cherry 2000 (1987),Romance|Sci-Fi,15785
4100,Disorderlies (1987),Comedy,24826
4102,Eddie Murphy Raw (1987),Comedy|Documentary,17159
4103,Empire of the Sun (1987),Action|Adventure|Drama|War,10110
4104,Ernest Goes to Camp (1987),Comedy,18935
4105,"Evil Dead, The (1981)",Fantasy|Horror|Thriller,764
4116,Hollywood Shuffle (1987),Comedy,34101
4117,Hope and Glory (1987),Drama,32054
4119,Housekeeping (1987),Comedy|Drama,65501
4121,Innerspace (1987),Action|Adventure|Comedy|Sci-Fi,2614
4124,Jaws: The Revenge (1987),Horror|Thriller,580
4128,"Lost Boys, The (1987)",Comedy|Horror|Thriller,1547
4135,"Monster Squad, The (1987)",Adventure|Comedy|Horror,13509
4141,Head Over Heels (2001),Comedy|Romance,24940
4142,Left Behind: The Movie (2000),Action|Adventure|Drama|Thriller,37302
4143,Valentine (2001),Horror|Mystery,10984
4144,In the Mood For Love (Fa yeung nin wa) (2000),Drama|Romance,843
4148,Hannibal (2001),Horror|Thriller,9740
4149,Saving Silverman (Evil Woman) (2001),Comedy|Romance,10878
4153,Down to Earth (2001),Comedy|Fantasy|Romance,16300
4155,Sweet November (2001),Drama|Romance,1921
4159,3000 Miles to Graceland (2001),Action|Thriller,12138
4160,"Widow of St. Pierre, The (Veuve de Saint-Pierre, La) (2000)",Drama|Romance,48217
4161,"Mexican, The (2001)",Action|Comedy,6073
4167,15 Minutes (2001),Thriller,2749
4168,Get Over It (2001),Comedy|Romance,10050
4171,Long Night's Journey Into Day (2000),Documentary,95682
4178,Of Mice and Men (1939),Drama,51802
4181,Tapeheads (1988),Comedy,25447
4184,"Bishop's Wife, The (1947)",Comedy|Drama|Romance,19490
4187,Lilies of the Field (1963),Drama,38805
4188,Hans Christian Andersen (1952),Children|Musical,16618
4191,Alfie (1966),Comedy|Drama|Romance,15598
4200,Double Impact (1991),Action,9594
4209,Rated X (2000),Drama,27859
4210,Manhunter (1986),Action|Crime|Drama|Horror|Thriller,11454
4214,Revenge of the Nerds (1984),Comedy,14052
4215,Revenge of the Nerds II: Nerds in Paradise (1987),Comedy,16889
4217,4 Little Girls (1997),Documentary,26580
4220,"Longest Yard, The (1974)",Comedy,4985
4223,Enemy at the Gates (2001),Drama|War,853
4225,"Dish, The (2001)",Comedy,5257
4226,Memento (2000),Mystery|Thriller,77
4227,"Brothers, The (2001)",Comedy|Drama,20322
4228,Heartbreakers (2001),Comedy|Crime|Romance,10833
4229,Say It Isn't So (2001),Comedy|Romance,20309
4231,Someone Like You (2001),Comedy|Romance,12658
4232,Spy Kids (2001),Action|Adventure|Children|Comedy,10054
4233,Tomcats (2001),Comedy,10646
4234,"Tailor of Panama, The (2001)",Drama|Thriller,2575
4235,Amores Perros (Love's a Bitch) (2000),Drama|Thriller,55
4237,"Gleaners & I, The (Les glaneurs et la glaneuse) (2000)",Documentary,44379
4238,Along Came a Spider (2001),Action|Crime|Mystery|Thriller,2043
4239,Blow (2001),Crime|Drama,4133
4241,Pokémon 3: The Movie (2001),Animation|Children,10991
4243,Brigham City (2001),Crime|Drama|Mystery,26791
4245,Shadow Magic (2000),Drama|Romance,68894
4246,Bridget Jones's Diary (2001),Comedy|Drama|Romance,634
4247,Joe Dirt (2001),Adventure|Comedy|Mystery|Romance,10956
4251,Chopper (2000),Drama|Thriller,9519
4254,Crocodile Dundee in Los Angeles (2001),Comedy|Drama,9290
4255,Freddy Got Fingered (2001),Comedy,13166
4262,Scarface (1983),Action|Crime|Drama,111
4265,Driven (2001),Action|Thriller,10477
4266,"Forsaken, The (2001)",Horror,12484
4268,Town & Country (2001),Comedy,24113
4270,"Mummy Returns, The (2001)",Action|Adventure|Comedy|Thriller,1734
4273,Under the Sand (2000),Drama,4973
4275,Krull (1983),Action|Adventure|Fantasy|Sci-Fi,849
4276,Lost in America (1985),Comedy,27223
4277,"Lost World, The (1925)",Adventure|Sci-Fi,2981
4280,"World According to Garp, The (1982)",Comedy|Drama|Romance,11307
4285,Frankie and Johnny (1991),Comedy|Romance,3784
4297,Pelle the Conqueror (Pelle erobreren) (1987),Drama,11174
4298,Rififi (Du rififi chez les hommes) (1955),Crime|Film-Noir|Thriller,934
4299,"Knight's Tale, A (2001)",Action|Comedy|Romance,9476
4304,Startup.com (2001),Documentary,14268
4305,Angel Eyes (2001),Romance|Thriller,5852
4306,Shrek (2001),Adventure|Animation|Children|Comedy|Fantasy|Romance,808
4308,Moulin Rouge (2001),Drama|Musical|Romance,824
4310,Pearl Harbor (2001),Action|Drama|Romance|War,676
4317,Love Potion #9 (1992),Comedy|Romance,26255
4321,City Slickers (1991),Comedy|Western,1406
4322,Eight Men Out (1988),Drama,13554
4325,"Night, The (Notte, La) (1960)",Drama,41050
4326,Mississippi Burning (1988),Crime|Drama|Thriller,1632
4327,"Magnificent Seven, The (1960)",Adventure|Western,966
4333,Throw Momma from the Train (1987),Comedy|Crime,11896
4334,Yi Yi (2000),Drama,25538
4339,Von Ryan's Express (1965),Action|Adventure|Drama|War,21876
4340,"Animal, The (2001)",Comedy,11090
4343,Evolution (2001),Comedy|Sci-Fi,9397
4344,Swordfish (2001),Action|Crime|Drama,9705
4345,"Anniversary Party, The (2001)",Drama,26475
4349,Catch-22 (1970),Comedy|War,10364
4351,Point Break (1991),Action|Crime|Thriller,1089
4356,Gentlemen Prefer Blondes (1953),Comedy|Musical|Romance,759
4359,"Seven Year Itch, The (1955)",Comedy,10653
4361,Tootsie (1982),Comedy|Romance,9576
4366,Atlantis: The Lost Empire (2001),Adventure|Animation|Children|Fantasy,10865
4367,Lara Croft: Tomb Raider (2001),Action|Adventure,1995
4368,Dr. Dolittle 2 (2001),Comedy,10808
4369,"Fast and the Furious, The (2001)",Action|Crime|Thriller,9799
4370,A.I. Artificial Intelligence (2001),Adventure|Drama|Sci-Fi,644
4371,Baby Boy (2001),Crime|Drama,16161
4372,Crazy/Beautiful (2001),Drama|Romance,10691
4376,Down From the Mountain (2000),Documentary,59733
4378,Sexy Beast (2000),Crime|Drama,11826
4380,"Princess and the Warrior, The (Krieger und die Kaiserin, Der) (2000)",Drama|Romance,9301
4381,"Closet, The (Placard, Le) (2001)",Comedy,11444
4383,"Crimson Rivers, The (Rivières pourpres, Les) (2000)",Crime|Drama|Mystery|Thriller,60670
4386,Cats & Dogs (2001),Children|Comedy,10992
4387,Kiss of the Dragon (2001),Action,2140
4388,Scary Movie 2 (2001),Comedy,4248
4389,Lost and Delirious (2001),Drama,17612
4391,"Vertical Ray of the Sun, The (Mua he chieu thang dung) (2000)",Drama,34899
4393,Another Woman (1988),Drama,22478
4399,"Diary of a Chambermaid (Journal d'une femme de chambre, Le) (1964)",Comedy|Drama,36245
4404,Faust (1926),Drama|Fantasy|Horror,10728
4405,"Last Laugh, The (Letzte Mann, Der) (1924)",Drama,5991
4406,"Man Who Shot Liberty Valance, The (1962)",Crime|Drama|Western,11697
4422,Cries and Whispers (Viskningar och rop) (1972),Drama,10238
4424,"Garden of the Finzi-Continis, The (Giardino dei Finzi-Contini, Il) (1970)",Drama,4789
4427,"Lion in Winter, The (1968)",Drama,18988
4429,Moby Dick (1956),Drama,10339
4430,Popcorn (1991),Horror,39875
4432,Sweet Smell of Success (1957),Drama|Film-Noir,976
4440,"Big Boss, The (Fists of Fury) (Tang shan da xiong) (1971)",Action|Thriller,12481
4441,Game of Death (1978),Action,13333
4446,Final Fantasy: The Spirits Within (2001),Adventure|Animation|Fantasy|Sci-Fi,2114
4447,Legally Blonde (2001),Comedy|Romance,8835
4448,"Score, The (2001)",Action|Drama,11371
4449,Adanggaman (2000),Drama,78248
4450,Bully (2001),Crime|Drama|Thriller,9517
4452,Made (2001),Comedy,15745
4453,Michael Jordan to the Max (2000),Documentary|IMAX,24977
4458,Africa: The Serengeti (1994),Documentary|IMAX,13794
4465,"Accused, The (1988)",Drama,10868
4467,"Adventures of Baron Munchausen, The (1988)",Adventure|Comedy|Fantasy,14506
4470,Ariel (1988),Drama,2
4474,Beaches (1988),Comedy|Drama|Musical,15592
4483,Caddyshack II (1988),Comedy,18509
4487,Cocktail (1988),Drama|Romance,7520
4488,Colors (1988),Action|Crime|Drama,10126
4489,Coming to America (1988),Comedy|Romance,9602
4493,Critters 2: The Main Course (1988),Comedy|Horror|Sci-Fi,10127
4498,"Dead Pool, The (1988)",Action|Crime|Thriller,10651
4499,Dirty Rotten Scoundrels (1988),Comedy,10141
4502,Ernest Saves Christmas (1988),Children|Comedy,26386
4506,Frantic (1988),Crime|Mystery|Thriller,10675
4508,Gorillas in the Mist (1988),Drama,10130
4509,"Great Outdoors, The (1988)",Comedy,2617
4515,Imagine: John Lennon (1988),Documentary,26723
4517,Lady in White (a.k.a. The Mystery of the Lady in White) (1988),Horror|Mystery|Thriller,49365
4518,The Lair of the White Worm (1988),Comedy|Horror,11347
4519,"Land Before Time, The (1988)",Adventure|Animation|Children|Fantasy,12144
4531,Red Heat (1988),Action,9604
4533,"Return of the Living Dead, The (1985)",Comedy|Horror|Sci-Fi,10925
4535,"Man from Snowy River, The (1982)",Drama|Romance|Western,24266
4537,Running on Empty (1988),Drama,18197
4541,"Serpent and the Rainbow, The (1988)",Horror,11503
4544,Short Circuit 2 (1988),Comedy|Sci-Fi,11966
4545,Short Circuit (1986),Comedy|Sci-Fi,2605
4546,"Vanishing, The (Spoorloos) (1988)",Drama|Thriller,8740
4551,"Telephone, The (1988)",Comedy,91445
4552,"Tetsuo, the Ironman (Tetsuo) (1988)",Action|Horror|Sci-Fi|Thriller,41428
4553,They Live (1988),Action|Sci-Fi|Thriller,8337
4557,Tucker: The Man and His Dream (1988),Drama,28176
4558,Twins (1988),Comedy,9493
4560,Watchers (1988),Horror|Sci-Fi,33172
4562,Without a Clue (1988),Comedy|Mystery,12582
4563,Young Einstein (1988),Comedy,10001
4568,Best of the Best (1989),Action,17882
4569,Best of the Best 2 (1993),Action,32049
4571,Bill & Ted's Excellent Adventure (1989),Adventure|Comedy|Sci-Fi,1648
4572,Black Rain (1989),Action|Crime|Drama,4105
4584,Dream a Little Dream (1989),Comedy|Drama|Romance,15142
4587,Earth Girls Are Easy (1988),Comedy|Musical|Sci-Fi,2210
4588,Eddie and the Cruisers II: Eddie Lives! (1989),Drama|Musical,25005
4589,Eddie and the Cruisers (1983),Drama|Musical|Mystery,21721
4605,How to Get Ahead in Advertising (1989),Comedy|Fantasy,14776
4613,K-9 (1989),Action|Comedy|Crime,10345
4614,Kickboxer (1989),Action,10222
4616,Lean on Me (1989),Drama,14621
4621,Look Who's Talking (1989),Comedy|Romance,9494
4622,Loverboy (1989),Comedy,17362
4623,Major League (1989),Comedy,9942
4626,Miracle Mile (1989),Drama|Romance|Sci-Fi,24739
4630,No Holds Barred (1989),Action,39002
4638,Jurassic Park III (2001),Action|Adventure|Sci-Fi|Thriller,331
4639,America's Sweethearts (2001),Comedy|Romance,11467
4641,Ghost World (2001),Comedy|Drama,1548
4642,Hedwig and the Angry Inch (2000),Comedy|Drama|Musical,13403
4643,Planet of the Apes (2001),Action|Adventure|Drama|Sci-Fi,869
4644,Bread and Tulips (Pane e tulipani) (2000),Comedy|Drama|Romance,552
4646,Greenfingers (2000),Comedy|Drama,33379
4649,Wet Hot American Summer (2001),Comedy,2171
4654,Road House (1989),Action|Drama,10135
4658,Santa Sangre (1989),Drama|Horror|Mystery|Thriller,19236
4660,Scenes from the Class Struggle in Beverly Hills (1989),Comedy,60276
4661,Sea of Love (1989),Crime|Drama|Thriller,12150
4662,"See No Evil, Hear No Evil (1989)",Comedy|Crime,11185
4673,Tango & Cash (1989),Action|Comedy|Crime|Thriller,9618
4678,UHF (1989),Comedy,11959
4679,Uncle Buck (1989),Comedy,2616
4681,"War of the Roses, The (1989)",Comedy|Drama,249
4686,Weekend at Bernie's II (1993),Adventure|Comedy,8494
4697,Basket Case (1982),Comedy|Horror,27813
4700,"Princess Diaries, The (2001)",Children|Comedy|Romance,9880
4701,Rush Hour 2 (2001),Action|Comedy,5175
4703,Chocolat (1988),Drama,41951
4704,Hatari! (1962),Adventure|Comedy,11385
4708,Marat/Sade (1966),Drama|Musical,44258
4713,Altered States (1980),Drama|Sci-Fi,11542
4718,American Pie 2 (2001),Comedy,2770
4719,Osmosis Jones (2001),Action|Animation|Comedy|Crime|Drama|Romance|Thriller,12610
4720,"Others, The (2001)",Drama|Horror|Mystery|Thriller,1933
4721,American Outlaws (2001),Action|Comedy|Western,13496
4723,"Deep End, The (2001)",Drama,24936
4725,Session 9 (2001),Horror|Thriller,10972
4727,Captain Corelli's Mandolin (2001),Drama|Romance|War,1722
4728,Rat Race (2001),Comedy,9896
4732,Bubble Boy (2001),Comedy,9683
4733,"Curse of the Jade Scorpion, The (2001)",Comedy,2779
4734,Jay and Silent Bob Strike Back (2001),Adventure|Comedy,2294
4736,Summer Catch (2001),Comedy|Drama|Romance,26602
4738,Happy Accidents (2000),Romance|Sci-Fi,22230
4741,Together (Tillsammans) (2000),Comedy|Drama|Romance,742
4744,Jeepers Creepers (2001),Horror,8922
4745,O (2001),Drama,11065
4754,"Wicker Man, The (1973)",Drama|Horror|Mystery|Thriller,16307
4756,"Musketeer, The (2001)",Action|Adventure|Drama|Romance,11370
4770,"Glass House, The (2001)",Thriller,2176
4771,Hardball (2001),Drama,20857
4775,Glitter (2001),Drama|Musical|Romance,10696
4776,Training Day (2001),Crime|Drama|Thriller,2034
4777,"American Astronaut, The (2001)",Comedy|Musical|Sci-Fi,21538
4778,Children Underground (2001),Documentary,51722
4783,"Endurance: Shackleton's Legendary Antarctic Expedition, The (2000)",Documentary,32567
4784,"French Lieutenant's Woman, The (1981)",Drama,12537
4788,Moscow Does Not Believe in Tears (Moskva slezam ne verit) (1979),Drama|Romance,21028
4789,Phantom of the Paradise (1974),Comedy|Fantasy|Horror|Musical|Thriller,27327
4792,13 Ghosts (1960),Horror,29756
4798,Indiscreet (1958),Comedy|Romance,22874
4799,"It's a Mad, Mad, Mad, Mad World (1963)",Action|Adventure|Comedy|Crime,11576
4803,Play Misty for Me (1971),Drama|Thriller,15393
4804,Pocketful of Miracles (1961),Comedy|Drama,248
4809,Silkwood (1983),Drama,12502
4810,I Never Promised You a Rose Garden (1977),Drama,66092
4812,SpaceCamp (1986),Adventure|Sci-Fi,13766
4815,Hearts in Atlantis (2001),Drama,11313
4816,Zoolander (2001),Comedy,9398
4821,Joy Ride (2001),Adventure|Thriller,10866
4823,Serendipity (2001),Comedy|Romance,9778
4833,"Changeling, The (1980)",Horror|Mystery|Thriller,13550
4834,Cheech & Chong's Next Movie (1980),Comedy,13612
4844,Bandits (2001),Comedy|Crime|Romance,3172
4846,Iron Monkey (Siu nin Wong Fei-hung ji: Tit Ma Lau) (1993),Action|Comedy,12780
4848,Mulholland Drive (2001),Crime|Drama|Film-Noir|Mystery|Thriller,1018
4855,Dirty Harry (1971),Action|Crime|Thriller,984
4857,Fiddler on the Roof (1971),Drama|Musical,14811
4864,Titanica (1992),Documentary|IMAX,45929
4865,From Hell (2001),Crime|Horror|Mystery|Thriller,768
4867,Riding in Cars with Boys (2001),Comedy|Drama,11091
4873,Waking Life (2001),Animation|Drama|Fantasy,9081
4874,K-PAX (2001),Drama|Fantasy|Mystery|Sci-Fi,167
4876,Thirteen Ghosts (a.k.a. Thir13en Ghosts) (2001),Horror|Thriller,9378
4878,Donnie Darko (2001),Drama|Mystery|Sci-Fi|Thriller,141
4880,Life as a House (2001),Drama,11457
4881,"Man Who Wasn't There, The (2001)",Crime|Drama,10778
4885,Domestic Disturbance (2001),Thriller,11456
4886,"Monsters, Inc. (2001)",Adventure|Animation|Children|Comedy|Fantasy,585
4887,"One, The (2001)",Action|Sci-Fi|Thriller,10796
4889,Heist (2001),Crime|Drama,11088
4890,Shallow Hal (2001),Comedy|Fantasy|Romance,9889
4896,Harry Potter and the Sorcerer's Stone (a.k.a. Harry Potter and the Philosopher's Stone) (2001),Adventure|Children|Fantasy,671
4898,Novocaine (2001),Comedy|Crime|Mystery|Thriller,20794
4900,Out Cold (2001),Comedy,14369
4901,Spy Game (2001),Action|Crime|Drama|Thriller,1535
4902,"Devil's Backbone, The (Espinazo del diablo, El) (2001)",Drama|Fantasy|Horror|Thriller|War,1433
4903,In the Bedroom (2001),Drama,1999
4909,"Incredible Shrinking Woman, The (1981)",Comedy|Sci-Fi,12472
4914,Breathless (À bout de souffle) (1960),Crime|Drama|Romance,269
4921,Little Women (1933),Drama|Romance,39938
4928,That Obscure Object of Desire (Cet obscur objet du désir) (1977),Drama,5781
4930,Funeral in Berlin (1966),Action|Drama|Thriller,34388
4936,Fame (1980),Drama|Musical,3537
4941,Flash Gordon (1980),Action|Adventure|Sci-Fi,3604
4951,Lord of the Flies (1990),Adventure|Drama|Thriller,10847
4954,Ocean's Eleven (a.k.a. Ocean's 11) (1960),Comedy|Crime,299
4956,"Stunt Man, The (1980)",Action|Adventure|Comedy|Drama|Romance|Thriller,42160
4957,Sudden Impact (1983),Crime|Thriller,10650
4958,Behind Enemy Lines (2001),Action|Drama|War,8007
4963,Ocean's Eleven (2001),Crime|Thriller,161
4966,"Incredible Shrinking Man, The (1957)",Sci-Fi|Thriller,31682
4967,No Man's Land (2001),Drama|War,8342
4969,And Then There Were None (1945),Crime|Mystery,4886
4970,"Blue Angel, The (Blaue Engel, Der) (1930)",Drama,228
4973,"Amelie (Fabuleux destin d'Amélie Poulain, Le) (2001)",Comedy|Romance,194
4974,Not Another Teen Movie (2001),Comedy,11397
4975,Vanilla Sky (2001),Mystery|Romance|Sci-Fi|Thriller,1903
4978,Lantana (2001),Drama|Mystery|Thriller,9523
4979,"Royal Tenenbaums, The (2001)",Comedy|Drama,9428
4980,Bill & Ted's Bogus Journey (1991),Adventure|Comedy|Fantasy|Sci-Fi,1649
4987,Spacehunter: Adventures in the Forbidden Zone (1983),Action|Adventure|Sci-Fi,26978
4989,How High (2001),Comedy,8386
4990,Jimmy Neutron: Boy Genius (2001),Adventure|Animation|Children|Comedy,12589
4992,Kate & Leopold (2001),Comedy|Romance,11232
4993,"Lord of the Rings: The Fellowship of the Ring, The (2001)",Adventure|Fantasy,120
4995,"Beautiful Mind, A (2001)",Drama|Romance,453
4998,"Defiant Ones, The (1958)",Adventure|Crime|Drama|Thriller,11414
4999,Dodsworth (1936),Drama|Romance,31507
5002,Fritz the Cat (1972),Animation,12593
5004,"Party, The (1968)",Comedy,10794
5008,Witness for the Prosecution (1957),Drama|Mystery|Thriller,37257
5009,Ali (2001),Drama,8489
5010,Black Hawk Down (2001),Action|Drama|War,855
5012,Yentl (1983),Drama|Musical|Romance,10269
5013,Gosford Park (2001),Comedy|Drama|Mystery,5279
5014,I Am Sam (2001),Drama,10950
5015,Monster's Ball (2001),Drama|Romance,1365
5016,"Shipping News, The (2001)",Drama,6440
5017,"Big Heat, The (1953)",Drama|Film-Noir,14580
5023,"Waterdance, The (1992)",Drama,61418
5025,Orange County (2002),Comedy,11857
5026,"Brotherhood of the Wolf (Pacte des loups, Le) (2001)",Action|Mystery|Thriller,6312
5027,Another 48 Hrs. (1990),Action|Comedy|Crime|Drama|Thriller,11595
5034,"Truly, Madly, Deeply (1991)",Drama|Romance,18317
5038,"Flight of Dragons, The (1982)",Adventure|Animation|Children|Drama|Fantasy,27273
5039,Dragonslayer (1981),Action|Adventure|Fantasy,848
5040,Conan the Destroyer (1984),Action|Adventure|Fantasy,9610
5046,Impostor (2002),Action|Drama|Sci-Fi|Thriller,4965
5047,Kung Pow: Enter the Fist (2002),Action|Comedy,11891
5048,Snow Dogs (2002),Adventure|Children|Comedy,11888
5049,48 Hrs. (1982),Action|Comedy|Crime|Drama,150
5056,"Enigma of Kaspar Hauser, The (a.k.a. Mystery of Kaspar Hauser, The) (Jeder für sich und Gott Gegen Alle) (1974)",Crime|Drama,11710
5060,M*A*S*H (a.k.a. MASH) (1970),Comedy|Drama|War,651
5064,The Count of Monte Cristo (2002),Action|Adventure|Drama|Thriller,11362
5065,"Mothman Prophecies, The (2002)",Drama|Fantasy|Horror|Mystery|Thriller,2637
5066,"Walk to Remember, A (2002)",Drama|Romance,10229
5068,Beijing Bicycle (Shiqi sui de dan che) (2001),Drama,12659
5071,Maelström (2000),Drama|Romance,35650
5072,Metropolis (2001),Animation|Sci-Fi,9606
5073,"Son's Room, The (Stanza del figlio, La) (2001)",Drama,11447
5074,Storytelling (2001),Comedy|Drama,16550
5075,Waydowntown (2000),Comedy,13915
5080,Slackers (2002),Comedy,20009
5096,Baby's Day Out (1994),Comedy,11212
5102,Rookie of the Year (1993),Comedy|Fantasy,21845
5103,"Sandlot, The (1993)",Children|Comedy|Drama,11528
5105,Don't Look Now (1973),Drama|Horror|Thriller,931
5106,Crossroads (2002),Comedy|Musical|Romance,17130
5107,Hart's War (2002),Drama|War,10592
5108,John Q (2002),Crime|Drama|Thriller,8470
5109,Return to Never Land (2002),Adventure|Animation|Children,16690
5110,Super Troopers (2001),Comedy|Crime|Mystery,39939
5112,Last Orders (2001),Drama,14778
5119,Saturday Night and Sunday Morning (1960),Drama,37230
5120,Sleuth (1972),Comedy|Mystery|Thriller,993
5125,Used Cars (1980),Comedy,14475
5127,Dragonfly (2002),Drama|Fantasy|Mystery|Romance|Thriller,10052
5128,Queen of the Damned (2002),Fantasy|Horror,11979
5134,Mean Machine (2001),Comedy|Drama,9991
5135,Monsoon Wedding (2001),Comedy|Romance,480
5137,Scratch (2001),Documentary,18984
5139,"Bad News Bears, The (1976)",Comedy,23479
5140,"Bad News Bears Go to Japan, The (1978)",Comedy,66946
5143,"Lone Ranger, The (1956)",Adventure|Western,108266
5145,Loves of a Blonde (Lásky jedné plavovlásky) (1965),Comedy|Drama|Romance,39387
5147,Wild Strawberries (Smultronstället) (1957),Drama,614
5151,40 Days and 40 Nights (2002),Comedy|Romance,2752
5152,We Were Soldiers (2002),Action|Drama|War,10590
5158,Cross Creek (1983),Drama,115332
5159,Ferngully: The Last Rainforest (1992),Animation|Children|Comedy|Musical,13225
5170,All About the Benjamins (2002),Action|Comedy|Crime,13950
5171,"Time Machine, The (2002)",Action|Adventure|Sci-Fi,2135
5184,Heaven's Gate (1980),Western,10935
5187,Hopscotch (1980),Comedy,32030
5218,Ice Age (2002),Adventure|Animation|Children|Comedy,425
5219,Resident Evil (2002),Action|Horror|Sci-Fi|Thriller,1576
5220,Showtime (2002),Action|Comedy,5851
5222,Kissing Jessica Stein (2001),Comedy|Romance,15647
5225,And Your Mother Too (Y tu mamá también) (2001),Drama|Romance,1391
5237,Taps (1981),Drama,10627
5247,Smokey and the Bandit (1977),Action|Comedy,11006
5254,Blade II (2002),Action|Horror|Thriller,36586
5263,Strait-Jacket (1964),Horror|Thriller,29396
5264,Clockstoppers (2002),Action|Adventure|Sci-Fi|Thriller,15028
5265,Death to Smoochy (2002),Comedy|Crime|Drama,9275
5266,Panic Room (2002),Thriller,4547
5267,"Rookie, The (2002)",Drama,14635
5269,"Piano Teacher, The (La pianiste) (2001)",Drama,1791
5272,Time Out (L'emploi du temps) (2001),Drama,35651
5279,Impromptu (1991),Comedy|Romance,17990
5283,National Lampoon's Van Wilder (2002),Comedy,11452
5287,"After Dark, My Sweet (1990)",Crime|Drama|Mystery,25501
5291,Rashomon (Rashômon) (1950),Crime|Drama|Mystery,548
5292,Slap Shot (1977),Comedy,11590
5293,Changing Lanes (2002),Drama|Thriller,1537
5294,Frailty (2001),Crime|Drama|Thriller,12149
5295,New Best Friend (2002),Drama|Thriller,44373
5298,Human Nature (2001),Comedy|Romance,441
5299,My Big Fat Greek Wedding (2002),Comedy|Romance,8346
5303,Joe Versus the Volcano (1990),Comedy|Romance,2565
5308,Three Men and a Baby (1987),Comedy,12154
5309,Three Men and a Little Lady (1990),Comedy|Romance,11630
5312,Murder by Numbers (2002),Crime|Thriller,11892
5313,The Scorpion King (2002),Action|Adventure|Fantasy|Thriller,9334
5319,Nine Queens (Nueve reinas) (2000),Crime|Thriller,18079
5323,Jason X (2002),Horror|Sci-Fi|Thriller,11470
5329,"Salton Sea, The (2002)",Crime|Drama|Thriller,11468
5349,Spider-Man (2002),Action|Adventure|Sci-Fi|Thriller,557
5359,Rambling Rose (1991),Drama,32221
5363,"New Guy, The (2002)",Comedy,10985
5365,"Lady and the Duke, The (Anglaise et le duc, L') (2001)",Drama|Romance,2894
5367,My Beautiful Laundrette (1985),Drama|Romance,11240
5377,About a Boy (2002),Comedy|Drama|Romance,245
5378,Star Wars: Episode II - Attack of the Clones (2002),Action|Adventure|Sci-Fi|IMAX,1894
5379,"Believer, The (2001)",Drama,4012
5380,"Importance of Being Earnest, The (2002)",Comedy|Drama|Romance,9026
5382,Every Which Way But Loose (1978),Comedy,15417
5383,"Hound of the Baskervilles, The (1959)",Crime|Horror|Mystery,11791
5385,"Last Waltz, The (1978)",Documentary,13963
5387,Enough (2002),Drama|Thriller,1957
5388,Insomnia (2002),Action|Crime|Drama|Mystery|Thriller,320
5389,Spirit: Stallion of the Cimarron (2002),Adventure|Animation|Children|Western,9023
5400,"Sum of All Fears, The (2002)",Drama|Thriller,4614
5401,Undercover Brother (2002),Comedy,12277
5410,Silent Running (1972),Drama|Sci-Fi,811
5414,Bad Company (2002),Action|Comedy|Crime,3132
5415,Divine Secrets of the Ya-Ya Sisterhood (2002),Comedy|Drama,9583
5417,"Fast Runner, The (Atanarjuat) (2001)",Drama|Fantasy,13245
5418,"Bourne Identity, The (2002)",Action|Mystery|Thriller,2501
5419,Scooby-Doo (2002),Adventure|Children|Comedy|Fantasy|Mystery,9637
5420,Windtalkers (2002),Action|Drama|War,12100
5421,"Dangerous Lives of Altar Boys, The (2002)",Drama,16857
5425,Dark Blue World (Tmavomodrý svet) (2001),Drama|War,15813
5433,Silver Bullet (Stephen King's Silver Bullet) (1985),Adventure|Drama|Horror|Mystery|Thriller,17898
5438,Men at Work (1990),Action|Comedy,10169
5444,Lilo & Stitch (2002),Adventure|Animation|Children|Sci-Fi,11544
5445,Minority Report (2002),Action|Crime|Mystery|Sci-Fi|Thriller,180
5448,Hey Arnold! The Movie (2002),Adventure|Animation|Children|Comedy,17710
5449,Mr. Deeds (2002),Comedy|Romance,2022
5452,Look Who's Talking Now (1993),Children|Comedy|Romance,11982
5454,Mo' Money (1992),Comedy|Romance,12251
5459,Men in Black II (a.k.a. MIIB) (a.k.a. MIB 2) (2002),Action|Comedy|Sci-Fi,608
5460,"Powerpuff Girls, The (2002)",Action|Animation|Children|Comedy,59387
5461,Me Without You (2001),Comedy|Drama,26290
5462,"Crocodile Hunter: Collision Course, The (2002)",Adventure|Comedy,17043
5463,Reign of Fire (2002),Action|Adventure|Fantasy,6278
5464,Road to Perdition (2002),Crime|Drama,4147
5469,Grand Theft Auto (1977),Action|Comedy,19731
5470,The Importance of Being Earnest (1952),Comedy|Romance,20324
5472,1776 (1972),Children|Drama|Musical,14902
5476,Halloween: Resurrection (Halloween 8) (2002),Horror|Thriller,11442
5477,Sex and Lucia (Lucía y el sexo) (2001),Drama|Romance,1364
5478,Eight Legged Freaks (2002),Action|Comedy|Horror|Sci-Fi,8869
5479,K-19: The Widowmaker (2002),Action|Adventure|Drama|Thriller,8665
5480,Stuart Little 2 (2002),Children|Comedy,10996
5481,Austin Powers in Goldmember (2002),Comedy,818
5482,"Country Bears, The (2002)",Children|Comedy,18357
5500,Top Secret! (1984),Comedy,8764
5501,"Master of Disguise, The (2002)",Comedy|Mystery,13908
5502,Signs (2002),Horror|Sci-Fi|Thriller,2675
5504,Spy Kids 2: The Island of Lost Dreams (2002),Adventure|Children,9488
5505,"Good Girl, The (2002)",Comedy|Drama,9962
5506,Blood Work (2002),Crime|Drama|Mystery|Thriller,9573
5507,xXx (2002),Action|Crime|Thriller,7451
5508,24 Hour Party People (2002),Comedy|Drama|Musical,2750
5515,Songs From the Second Floor (Sånger från andra våningen) (2000),Drama,34070
5523,"Adventures of Pluto Nash, The (2002)",Action|Adventure|Comedy|Sci-Fi,11692
5524,Blue Crush (2002),Adventure|Drama|Romance,9266
5525,Mostly Martha (Bella Martha) (2001),Comedy|Drama|Romance,3640
5526,"Isle, The (Seom) (2000)",Drama,8653
5528,One Hour Photo (2002),Drama|Thriller,9357
5529,Serving Sara (2002),Comedy|Romance,12771
5540,Clash of the Titans (1981),Action|Adventure|Fantasy|Romance,10323
5544,Time After Time (1979),Sci-Fi|Thriller,24750
5546,976-EVIL (1989),Horror,24038
5553,Stakeout (1987),Comedy|Crime|Romance|Thriller,10859
5568,Johnny Dangerously (1984),Comedy,16806
5570,Thesis (Tesis) (1996),Drama|Horror|Thriller,9299
5572,Barbershop (2002),Comedy,10611
5574,"Transporter, The (2002)",Action|Crime,4108
5577,Igby Goes Down (2002),Comedy|Drama,9685
5584,Ernest Goes to Jail (1990),Comedy,18943
5588,"Hills Have Eyes, The (1977)",Horror,12262
5596,Spaced Invaders (1990),Adventure|Comedy|Sci-Fi,34086
5597,Suburban Commando (1991),Comedy|Sci-Fi,11504
5602,"Ladykillers, The (1955)",Comedy|Crime,5506
5603,"Lavender Hill Mob, The (1951)",Comedy|Crime,32961
5608,"Das Experiment (Experiment, The) (2001)",Drama|Thriller,575
5609,Ballistic: Ecks vs. Sever (2002),Action|Thriller,10550
5610,"Banger Sisters, The (2002)",Comedy|Drama,9034
5613,8 Women (2002),Comedy|Crime|Musical|Mystery,1958
5617,Secretary (2002),Comedy|Drama|Romance,11013
5618,Spirited Away (Sen to Chihiro no kamikakushi) (2001),Adventure|Animation|Fantasy,129
5620,Sweet Home Alabama (2002),Comedy|Romance,11529
5621,"Tuxedo, The (2002)",Action|Comedy,10771
5628,Wasabi (2001),Action|Comedy|Crime|Drama|Thriller,2110
5630,Red Dragon (2002),Crime|Mystery|Thriller,9533
5632,Bloody Sunday (2002),Drama,4107
5633,Heaven (2002),Drama,10575
5640,"Godzilla, King of the Monsters! (Kaijû-ô Gojira) (1956)",Horror|Sci-Fi,18983
5643,Powaqqatsi (1988),Documentary,24348
5646,Valmont (1989),Drama|Romance,37606
5650,Strange Brew (1983),Comedy,12921
5668,White Oleander (2002),Drama,10994
5669,Bowling for Columbine (2002),Documentary,1430
5672,Pokemon 4 Ever (a.k.a. Pokémon 4: The Movie) (2002),Adventure|Animation|Children|Fantasy,12600
5673,Punch-Drunk Love (2002),Comedy|Drama|Romance,8051
5679,"Ring, The (2002)",Horror|Mystery|Thriller,565
5680,Auto Focus (2002),Crime|Drama,14112
5687,Take Care of My Cat (Goyangileul butaghae) (2001),Drama,37288
5690,Grave of the Fireflies (Hotaru no haka) (1988),Animation|Drama|War,12477
5691,Jason Goes to Hell: The Final Friday (1993),Action|Horror,10285
5693,Saturday Night Fever (1977),Comedy|Drama|Romance,11009
5694,Staying Alive (1983),Comedy|Drama|Musical,10805
5696,Urban Cowboy (1980),Drama,17496
5701,Up the Academy (1980),Comedy,33670
5707,Absence of Malice (1981),Drama|Romance,19429
5734,Faces of Death 2 (1981),Documentary|Horror,15900
5735,Faces of Death (1978),Documentary|Horror,12237
5736,Faces of Death 3 (1985),Documentary|Horror,15901
5737,Faces of Death 4 (1990),Documentary|Horror,15902
5739,Faces of Death 6 (1996),Documentary|Horror,15904
5740,Faces of Death: Fact or Fiction? (1999),Documentary|Horror,97251
5747,Gallipoli (1981),Drama|War,11646
5752,Gregory's Girl (1981),Comedy|Romance,21764
5767,Teddy Bear (Mis) (1981),Comedy|Crime,31407
5772,My Dinner with André (1981),Drama,25468
5782,"Professional, The (Le professionnel) (1981)",Action|Drama|Thriller,1672
5784,Ghost Ship (2002),Horror,9645
5785,Jackass: The Movie (2002),Action|Comedy|Documentary,9012
5791,Frida (2002),Drama|Romance,1360
5796,Casino Royale (1967),Action|Adventure|Comedy,12208
5802,"World of Henry Orient, The (1964)",Comedy,19662
5803,I Spy (2002),Action|Adventure|Comedy|Crime,8427
5804,"Santa Clause 2, The (2002)",Children|Comedy|Fantasy|Romance,9021
5810,8 Mile (2002),Drama,65
5812,Far from Heaven (2002),Drama|Romance,10712
5816,Harry Potter and the Chamber of Secrets (2002),Adventure|Fantasy,672
5821,"Way Home, The (Jibeuro) (2002)",Drama,33251
5824,Liberty Stands Still (2002),Action|Drama|Thriller,2165
5825,"Life and Death of Colonel Blimp, The (1943)",Drama|Romance|War,25037
5827,"Young Americans, The (1993)",Crime|Drama,24909
5839,My Father's Glory (La gloire de mon père) (1990),Adventure|Drama,12716
5840,"My Mother's Castle (Château de ma mère, Le) (1990)",Comedy|Drama,12717
5841,Return to the Blue Lagoon (1991),Adventure|Romance,13888
5847,Ragtime (1981),Drama,25566
5868,This Is Elvis (1981),Documentary|Drama|Musical,109264
5872,Die Another Day (2002),Action|Adventure|Thriller,36669
5873,The Emperor's Club (2002),Drama,17187
5876,"Quiet American, The (2002)",Drama|Thriller|War,8198
5878,Talk to Her (Hable con Ella) (2002),Drama|Romance,64
5879,Eight Crazy Nights (Adam Sandler's Eight Crazy Nights) (2002),Animation|Comedy|Musical,13376
5881,Solaris (2002),Drama|Romance|Sci-Fi,2103
5882,Treasure Planet (2002),Adventure|Animation|Children|Sci-Fi|IMAX,9016
5888,Brother (Brat) (1997),Crime|Drama,20992
5890,Elling (2001),Comedy|Drama,6007
5899,Zulu (1964),Action|Drama|War,14433
5900,Analyze That (2002),Comedy|Crime,9932
5902,Adaptation (2002),Comedy|Drama|Romance,2757
5903,Equilibrium (2002),Action|Sci-Fi|Thriller,7299
5912,Hit the Bank (Vabank) (1981),Comedy|Crime,22257
5914,"Vernon, Florida (1981)",Documentary,30142
5916,Whose Life Is It Anyway? (1981),Drama,31695
5927,"Best Little Whorehouse in Texas, The (1982)",Comedy|Drama|Musical|Romance,16363
5938,Deathtrap (1982),Comedy|Crime|Mystery|Thriller,17590
5941,Drumline (2002),Comedy|Drama|Musical|Romance,13497
5942,"Hot Chick, The (2002)",Comedy,11852
5943,Maid in Manhattan (2002),Comedy|Romance,7303
5944,Star Trek: Nemesis (2002),Action|Drama|Sci-Fi|Thriller,201
5945,About Schmidt (2002),Comedy|Drama,2755
5952,"Lord of the Rings: The Two Towers, The (2002)",Adventure|Fantasy,121
5954,25th Hour (2002),Crime|Drama,1429
5955,Antwone Fisher (2002),Drama,13435
5956,Gangs of New York (2002),Crime|Drama,3131
5957,Two Weeks Notice (2002),Comedy|Romance,2642
5958,"Wild Thornberrys Movie, The (2002)",Animation|Children|Comedy,14317
5959,Narc (2002),Crime|Drama|Thriller,11022
5970,My Girl (1991),Comedy|Drama|Romance,4032
5971,My Neighbor Totoro (Tonari no Totoro) (1988),Animation|Children|Drama|Fantasy,8392
5989,Catch Me If You Can (2002),Crime|Drama,640
5990,Pinocchio (2002),Children|Comedy|Fantasy,10599
5991,Chicago (2002),Comedy|Crime|Drama|Musical,1574
5992,"Hours, The (2002)",Drama|Romance,590
5994,Nicholas Nickleby (2002),Drama|Romance,29339
5995,"Pianist, The (2002)",Drama|War,423
6001,"King of Comedy, The (1983)",Comedy|Drama,262
6003,Confessions of a Dangerous Mind (2002),Comedy|Crime|Drama|Thriller,4912
6005,Blue Collar Comedy Tour: The Movie (2003),Comedy|Documentary,23626
6006,Just Married (2003),Comedy|Romance,12090
6016,City of God (Cidade de Deus) (2002),Action|Adventure|Crime|Drama|Thriller,598
6023,Band of Outsiders (Bande à part) (1964),Comedy|Crime|Drama|Romance,8073
6040,Darkness Falls (2003),Horror|Thriller,10727
6058,Final Destination 2 (2003),Horror|Thriller,9358
6059,"Recruit, The (2003)",Action|Thriller,1647
6062,Lost in La Mancha (2002),Documentary,21189
6078,Firefox (1982),Action|Sci-Fi|Thriller,10724
6093,"Last Unicorn, The (1982)",Animation|Children|Fantasy,10150
6101,Missing (1982),Drama|Mystery|Thriller,15600
6104,Monty Python Live at the Hollywood Bowl (1982),Comedy,11949
6119,Santa Claus Is a Stinker (Le Père Noël est une ordure) (1982),Comedy,14645
6143,Trail of the Pink Panther (1982),Comedy|Crime,9699
6153,Zapped! (1982),Comedy|Sci-Fi,23943
6155,How to Lose a Guy in 10 Days (2003),Comedy|Romance,9919
6156,Shanghai Knights (2003),Action|Adventure|Comedy,6038
6157,Daredevil (2003),Action|Crime,9480
6159,All the Real Girls (2003),Drama|Romance,13132
6166,Dennis the Menace (1993),Comedy,12139
6170,"Black Stallion, The (1979)",Adventure|Children|Drama,17264
6183,Pillow Talk (1959),Comedy|Musical|Romance,4952
6184,"Man Who Fell to Earth, The (1976)",Drama|Sci-Fi,991
6185,Dark Blue (2003),Action|Crime|Drama|Thriller,4911
6187,"Life of David Gale, The (2003)",Crime|Drama|Thriller,11615
6188,Old School (2003),Comedy,11635
6192,Open Hearts (Elsker dig for evigt) (2002),Romance,102
6196,Cradle 2 the Grave (2003),Action|Crime|Drama|Thriller,10623
6204,"Meteor Man, The (1993)",Comedy,11244
6208,Teenagers from Outer Space (1959),Horror|Sci-Fi,35139
6210,Volcano High (Whasango) (2001),Action|Comedy,23834
6212,Bringing Down the House (2003),Comedy,10678
6213,Tears of the Sun (2003),Action|Drama|Thriller,9567
6214,Irreversible (Irréversible) (2002),Crime|Drama|Mystery|Thriller,979
6216,Nowhere in Africa (Nirgendwo in Afrika) (2001),Drama,1591
6218,Bend It Like Beckham (2002),Comedy|Drama|Romance,455
6220,Willard (2003),Drama|Horror|Thriller,10929
6223,Spun (2001),Comedy|Crime|Drama,12079
6224,Under the Skin of the City (Zir-e-poost-e Shahr) (2001),Drama,44081
6238,Green Card (1990),Comedy|Drama|Romance,12157
6239,Journey to the Center of the Earth (1959),Adventure|Children|Sci-Fi,11571
6242,Ringu (Ring) (1998),Horror|Mystery|Thriller,2671
6243,Ringu 2 (Ring 2) (1999),Horror|Mystery,9669
6247,Women in Love (1969),Drama|Romance,66027
6250,Dreamcatcher (2003),Drama|Horror|Sci-Fi|Thriller,6171
6254,"Awful Truth, The (1937)",Comedy|Romance,14675
6264,"Core, The (2003)",Action|Drama|Sci-Fi|Thriller,9341
6266,What a Girl Wants (2003),Comedy|Drama|Romance,10735
6270,Akira Kurosawa's Dreams (Dreams) (1990),Drama|Fantasy,12516
6271,Day for Night (La Nuit Américaine) (1973),Comedy|Drama|Romance,1675
6273,In a Lonely Place (1950),Drama|Film-Noir|Mystery|Romance,17057
6281,Phone Booth (2002),Drama|Thriller,1817
6283,Cowboy Bebop: The Movie (Cowboy Bebop: Tengoku no Tobira) (2001),Action|Animation|Sci-Fi|Thriller,11299
6286,"Man Without a Past, The (Mies vailla menneisyyttä) (2002)",Comedy|Crime|Drama,7294
6287,Anger Management (2003),Comedy,9506
6290,House of 1000 Corpses (2003),Horror,2662
6291,Lilya 4-Ever (Lilja 4-ever) (2002),Crime|Drama,12093
6294,Bulletproof Monk (2003),Action|Adventure|Sci-Fi,11817
6296,"Mighty Wind, A (2003)",Comedy|Musical,13370
6297,Holes (2003),Adventure|Children|Comedy|Mystery,8326
6298,Malibu's Most Wanted (2003),Comedy|Crime,13411
6299,"Winged Migration (Peuple migrateur, Le) (2001)",Documentary,11516
6300,Flickering Lights (Blinkende lygter) (2000),Action|Comedy|Crime,10180
6301,Straw Dogs (1971),Drama|Thriller,994
6303,"Andromeda Strain, The (1971)",Mystery|Sci-Fi,10514
6305,Fahrenheit 451 (1966),Drama|Sci-Fi,1714
6308,Legal Eagles (1986),Comedy|Crime|Romance,9930
6322,Confidence (2003),Crime|Thriller,10743
6323,Identity (2003),Crime|Horror|Mystery|Thriller,2832
6327,"Decade Under the Influence, A (2003)",Documentary,38868
6331,Spellbound (2002),Documentary,16636
6332,"Lizzie McGuire Movie, The (2003)",Children|Comedy|Romance,18736
6333,X2: X-Men United (2003),Action|Adventure|Sci-Fi|Thriller,36658
6338,Daddy Day Care (2003),Children|Comedy,10708
6339,"Man on the Train (Homme du train, L') (2002)",Comedy|Drama,22016
6348,Breakin' 2: Electric Boogaloo (1984),Musical,17464
6350,Laputa: Castle in the Sky (Tenkû no shiro Rapyuta) (1986),Action|Adventure|Animation|Children|Fantasy|Sci-Fi,10515
6358,Kiss Me Kate (1953),Comedy|Musical|Romance,34857
6365,"Matrix Reloaded, The (2003)",Action|Adventure|Sci-Fi|Thriller|IMAX,604
6367,Down with Love (2003),Comedy|Romance,10720
6370,"Spanish Apartment, The (L'auberge espagnole) (2002)",Comedy|Drama|Romance,1555
6371,Pokémon Heroes (2003),Animation|Children,33875
6373,Bruce Almighty (2003),Comedy|Drama|Fantasy|Romance,310
6375,Gigantic (A Tale of Two Johns) (2002),Documentary,30055
6377,Finding Nemo (2003),Adventure|Animation|Children|Comedy,12
6378,"Italian Job, The (2003)",Action|Crime,9654
6379,Wrong Turn (2003),Horror|Thriller,9902
6380,Capturing the Friedmans (2003),Documentary,2260
6382,Together (Han ni Zai Yiki) (2002),Drama,18385
6383,"2 Fast 2 Furious (Fast and the Furious 2, The) (2003)",Action|Crime|Thriller,584
6385,Whale Rider (2002),Drama,1088
6387,Once a Thief (Zong heng si hai) (1991),Action|Comedy|Crime|Thriller,47423
6408,Animals are Beautiful People (1974),Comedy|Documentary,147729
6424,Oscar (1991),Comedy|Crime|Mystery|Romance,11890
6433,"Man with the Movie Camera, The (Chelovek s kino-apparatom) (1929)",Documentary,26317
6436,This Boy's Life (1993),Drama,8092
6440,Barton Fink (1991),Drama|Thriller,290
6460,"Trial, The (Procès, Le) (1962)",Drama,3009
6461,"Unforgiven, The (1960)",Drama|Western,6643
6464,Good Burger (1997),Children|Comedy,14817
6482,Dumb and Dumberer: When Harry Met Lloyd (2003),Comedy,10152
6483,From Justin to Kelly (2003),Musical|Romance,31246
6502,28 Days Later (2002),Action|Horror|Sci-Fi,170
6503,Charlie's Angels: Full Throttle (2003),Action|Adventure|Comedy|Crime|Thriller,9471
6516,Anastasia (1956),Drama,38171
6522,Man's Favorite Sport? (1964),Comedy,39231
6533,"What's Up, Doc? (1972)",Comedy,6949
6534,Hulk (2003),Action|Adventure|Sci-Fi,1927
6535,"Legally Blonde 2: Red, White & Blonde (2003)",Comedy,10327
6536,Sinbad: Legend of the Seven Seas (2003),Adventure|Animation|Children|Fantasy,14411
6537,Terminator 3: Rise of the Machines (2003),Action|Adventure|Sci-Fi,296
6538,Swimming Pool (2003),Drama|Mystery|Thriller,302
6539,Pirates of the Caribbean: The Curse of the Black Pearl (2003),Action|Adventure|Comedy|Fantasy,22
6541,"League of Extraordinary Gentlemen, The (a.k.a. LXG) (2003)",Action|Fantasy|Sci-Fi,8698
6545,I Capture the Castle (2003),Drama|Romance,17920
6548,Bad Boys II (2003),Action|Comedy|Crime|Thriller,8961
6550,Johnny English (2003),Action|Comedy|Thriller,9486
6552,Dirty Pretty Things (2002),Crime|Drama|Thriller,3472
6558,Curly Sue (1991),Comedy|Drama,11894
6561,"Mouse That Roared, The (1959)",Comedy|War,12649
6564,Lara Croft Tomb Raider: The Cradle of Life (2003),Action|Adventure|Comedy|Romance|Thriller,1996
6565,Seabiscuit (2003),Drama,4464
6566,Spy Kids 3-D: Game Over (2003),Action|Adventure|Children,12279
6567,Buffalo Soldiers (2001),Comedy|Crime|Drama|War,9104
6571,"Mondays in the Sun (Lunes al sol, Los) (2002)",Drama,54580
6579,"One, Two, Three (1961)",Comedy,430
6584,"What's Up, Tiger Lily? (1966)",Adventure|Comedy|Crime|Thriller,21449
6586,American Wedding (American Pie 3) (2003),Comedy,8273
6587,Gigli (2003),Comedy|Crime|Romance,8046
6591,"Magdalene Sisters, The (2002)",Drama,8094
6593,Freaky Friday (2003),Children|Comedy|Fantasy,10330
6595,S.W.A.T. (2003),Action|Thriller,9257
6612,Brother's Keeper (1992),Documentary,26755
6615,Freddy vs. Jason (2003),Action|Horror|Thriller,6466
6618,Shaolin Soccer (Siu lam juk kau) (2001),Action|Comedy,11770
6620,American Splendor (2003),Comedy|Drama,2771
6624,Agent Cody Banks (2003),Action|Adventure|Children|Fantasy,10923
6636,"Sure Thing, The (1985)",Comedy|Romance,8992
6639,Wait Until Dark (1967),Drama|Thriller,11206
6643,Tokyo Story (Tôkyô monogatari) (1953),Drama,18148
6644,"Green Ray, The (Rayon vert, Le) (1986)",Drama|Romance,54898
6645,THX 1138 (1971),Action|Adventure|Drama|Sci-Fi,636
6650,Kind Hearts and Coronets (1949),Comedy|Drama,11898
6659,Tremors (1990),Comedy|Horror|Sci-Fi,9362
6662,"Pink Panther, The (1963)",Comedy|Crime,936
6663,"Pink Panther Strikes Again, The (1976)",Comedy|Crime,12268
6664,Commando (1985),Action|Adventure,10999
6666,"Discreet Charm of the Bourgeoisie, The (Charme discret de la bourgeoisie, Le) (1972)",Comedy|Drama|Fantasy,4593
6671,"Angel at My Table, An (1990)",Drama,2891
6686,"Medallion, The (2003)",Action|Comedy|Crime|Fantasy,10610
6695,Jeepers Creepers 2 (2003),Horror|Thriller,11351
6703,"Order, The (2003)",Horror|Mystery|Thriller,9616
6707,Cabin Fever (2002),Horror|Thriller,11547
6708,Matchstick Men (2003),Comedy|Crime|Drama,7270
6709,Once Upon a Time in Mexico (2003),Action|Adventure|Crime|Thriller,1428
6710,Dummy (2002),Comedy|Drama|Romance,17906
6711,Lost in Translation (2003),Comedy|Drama|Romance,153
6724,Paper Moon (1973),Comedy|Crime|Drama,11293
6731,Day of the Dead (1985),Horror|Sci-Fi|Thriller,8408
6735,"Rose, The (1979)",Drama,16323
6743,Jungle Book (1942),Adventure|Fantasy,23033
6744,Once Bitten (1985),Comedy|Horror,19064
6753,Secondhand Lions (2003),Children|Comedy|Drama,13156
6754,Underworld (2003),Action|Fantasy|Horror,277
6755,Bubba Ho-tep (2002),Comedy|Horror,9707
6764,"Rundown, The (2003)",Action|Adventure|Comedy,10159
6765,Under the Tuscan Sun (2003),Comedy|Drama|Romance,10934
6770,My Life Without Me (2003),Drama|Romance,20
6772,To Be and to Have (Être et avoir) (2002),Documentary,5168
6773,"Triplets of Belleville, The (Les triplettes de Belleville) (2003)",Animation|Comedy|Fantasy,9662
6774,Videodrome (1983),Fantasy|Horror|Sci-Fi|Thriller,837
6777,Judgment at Nuremberg (1961),Drama,821
6783,"Rules of the Game, The (La règle du jeu) (1939)",Comedy|Drama,776
6787,All the President's Men (1976),Drama|Thriller,891
6789,"Apartment, The (Appartement, L') (1996)",Drama|Mystery|Romance,12531
6791,Babette's Feast (Babettes gæstebud) (1987),Drama,11832
6793,Beethoven (1992),Children|Comedy|Drama,11806
6794,Beethoven's 2nd (1993),Children|Comedy,10438
6796,Boyz N the Hood (1991),Crime|Drama,650
6800,Cobra (1986),Action|Crime,9874
6807,Monty Python's The Meaning of Life (1983),Comedy,4543
6808,Where Eagles Dare (1968),Action|Adventure|War,11046
6810,Sleeping with the Enemy (1991),Drama|Thriller,7442
6811,PCU (1994),Comedy,14425
6812,"Rookie, The (1990)",Action|Comedy|Thriller,6723
6820,Ginger Snaps (2000),Drama|Horror|Thriller,9871
6832,Regarding Henry (1991),Drama,11364
6842,Images (1972),Drama|Fantasy|Horror,29449
6857,Ninja Scroll (Jûbei ninpûchô) (1995),Action|Adventure|Animation|Fantasy,14282
6858,Knife in the Water (Nóz w wodzie) (1962),Drama,11502
6862,Out of Time (2003),Crime|Drama|Thriller,2116
6863,School of Rock (2003),Comedy|Musical,1584
6867,"Station Agent, The (2003)",Comedy|Drama,2056
6870,Mystic River (2003),Crime|Drama|Mystery,322
6873,Intolerable Cruelty (2003),Comedy|Romance,11775
6874,Kill Bill: Vol. 1 (2003),Action|Crime|Thriller,24
6879,Runaway Jury (2003),Drama|Thriller,11329
6880,"Texas Chainsaw Massacre, The (2003)",Horror,9373
6881,Pieces of April (2003),Comedy|Drama,1550
6884,Veronica Guerin (2003),Crime|Drama|Thriller,10629
6887,Radio (2003),Drama,13920
6888,Scary Movie 3 (2003),Comedy|Horror,4256
6889,Brother Bear (2003),Adventure|Animation|Children,10009
6890,Elephant (2003),Drama,1807
6893,"Italian Job, The (1969)",Action|Comedy|Crime,10536
6896,Shoah (1985),Documentary|War,42044
6902,Interstate 60 (2002),Adventure|Comedy|Drama|Fantasy|Mystery|Sci-Fi|Thriller,20312
6909,"Eye, The (Gin gwai) (Jian gui) (2002)",Thriller,10389
6918,"Unvanquished, The (Aparajito) (1957)",Drama,897
6923,Sherlock Holmes and the Voice of Terror (1942),Crime|Mystery|War,27117
6934,"Matrix Revolutions, The (2003)",Action|Adventure|Sci-Fi|Thriller|IMAX,605
6935,"Revolution Will Not Be Televised, The (a.k.a. Chavez: Inside the Coup) (2003)",Documentary,33222
6936,Elf (2003),Children|Comedy|Fantasy,10719
6942,Love Actually (2003),Comedy|Drama|Romance,508
6944,Father of the Bride (1991),Comedy,11846
6947,Master and Commander: The Far Side of the World (2003),Adventure|Drama|War,8619
6951,"Cat in the Hat, The (2003)",Children|Comedy,10588
6952,Gothika (2003),Horror|Thriller,4970
6953,21 Grams (2003),Crime|Drama|Mystery|Romance|Thriller,470
6954,"Barbarian Invasions, The (Les invasions barbares) (2003)",Comedy|Crime|Drama|Mystery|Romance,11042
6957,Bad Santa (2003),Comedy|Crime,10147
6958,"Haunted Mansion, The (2003)",Children|Comedy|Fantasy|Horror,10756
6959,Timeline (2003),Action|Adventure|Sci-Fi,9562
6961,Damage (Fatale) (1992),Drama,11012
6966,Darkman (1990),Action|Crime|Fantasy|Sci-Fi|Thriller,9556
6970,Desk Set (1957),Comedy|Romance,24203
6975,Funny Games (1997),Drama|Horror|Thriller,10234
6976,Tales from the Crypt (1972),Horror,38939
6978,Slacker (1991),Comedy|Drama,14022
6979,WarGames (1983),Drama|Sci-Fi|Thriller,860
6980,Mr. Hobbs Takes a Vacation (1962),Comedy,41521
6985,"Passion of Joan of Arc, The (Passion de Jeanne d'Arc, La) (1928)",Drama,780
6987,"Cabinet of Dr. Caligari, The (Cabinet des Dr. Caligari., Das) (1920)",Crime|Fantasy|Horror,234
6993,Hannah and Her Sisters (1986),Comedy|Drama|Romance,5143
6996,Highlander II: The Quickening (1991),Action|Sci-Fi,8010
7000,Hudson Hawk (1991),Action|Adventure|Comedy,9292
7001,Invasion of the Body Snatchers (1978),Horror|Mystery|Sci-Fi|Thriller,11850
7002,Mindwalk (1990),Drama,48745
7003,Kafka (1991),Comedy|Drama|Mystery|Sci-Fi|Thriller,2297
7004,Kindergarten Cop (1990),Action|Comedy|Crime|Thriller,951
7005,King Ralph (1991),Comedy,10804
7007,"Last Boy Scout, The (1991)",Action|Comedy|Crime|Drama|Thriller,9319
7008,Last Tango in Paris (Ultimo tango a Parigi) (1972),Drama|Romance,1643
7013,"Night of the Hunter, The (1955)",Drama|Film-Noir|Thriller,3112
7016,Over the Top (1987),Action|Drama,1825
7017,Passenger 57 (1992),Action|Thriller,10538
7018,Presumed Innocent (1990),Crime|Drama|Thriller,11092
7022,Battle Royale (Batoru rowaiaru) (2000),Action|Drama|Horror|Thriller,3176
7023,"Wedding Banquet, The (Xi yan) (1993)",Comedy|Drama|Romance,9261
7027,Silverado (1985),Action|Western,11509
7028,Quick Change (1990),Comedy|Crime,10729
7034,Show Me Love (Fucking Åmål) (1998),Drama|Romance,11634
7043,Vivre sa vie: Film en douze tableaux (My Life to Live) (1962),Drama,1626
7045,"Witches, The (1990)",Children|Fantasy,10166
7046,"Witches of Eastwick, The (1987)",Comedy|Fantasy|Horror|Thriller,6069
7048,Nothing to Lose (1997),Action|Adventure|Comedy|Crime,11676
7050,Follow the Fleet (1936),Comedy|Musical|Romance,28292
7055,Swing Time (1936),Comedy|Musical|Romance,20325
7056,"Public Enemy, The (1931)",Action|Crime|Drama,17687
7062,Birdman of Alcatraz (1962),Drama,898
7063,"Aguirre: The Wrath of God (Aguirre, der Zorn Gottes) (1972)",Adventure|Drama,2000
7070,Red River (1948),Action|Adventure|Western,3089
7071,"Woman Under the Influence, A (1974)",Drama,29845
7072,Stagecoach (1939),Action|Drama|Romance|Western,995
7073,"Shot in the Dark, A (1964)",Comedy|Crime|Mystery,1594
7075,"Court Jester, The (1956)",Adventure|Comedy|Musical,11839
7076,Bullitt (1968),Action|Crime|Drama|Thriller,916
7079,"Hunchback of Notre Dame, The (1939)",Drama,31685
7082,That Touch of Mink (1962),Comedy|Romance,12708
7084,"Play It Again, Sam (1972)",Comedy|Romance,11610
7085,Send Me No Flowers (1964),Comedy|Romance,4939
7086,Pygmalion (1938),Comedy|Drama,25016
7090,Hero (Ying xiong) (2002),Action|Adventure|Drama,79
7096,Rivers and Tides (2001),Documentary,30140
7099,Nausicaä of the Valley of the Wind (Kaze no tani no Naushika) (1984),Adventure|Animation|Drama|Fantasy|Sci-Fi,81
7114,"Collector, The (1965)",Drama|Horror|Thriller,42740
7115,Deep Red (Profondo rosso) (1975),Horror|Mystery|Thriller,20126
7116,Diabolique (Les diaboliques) (1955),Horror|Mystery|Thriller,827
7117,Leprechaun (1993),Comedy|Horror,11811
7118,Wings of Honneamise (Ôritsu uchûgun Oneamisu no tsubasa) (1987),Animation|Drama|Sci-Fi|War,20043
7121,Adam's Rib (1949),Comedy|Romance,25431
7132,"Night at the Opera, A (1935)",Comedy|Musical|Romance,37719
7135,Shoot the Piano Player (Tirez sur le pianiste) (1960),Crime|Drama|Romance|Thriller,1818
7136,Stolen Kisses (Baisers volés) (1968),Comedy|Drama|Romance,255
7137,"Cooler, The (2003)",Comedy|Drama|Romance,10744
7139,In America (2002),Drama|Romance,10511
7141,My Flesh and Blood (2003),Documentary,22289
7143,"Last Samurai, The (2003)",Action|Adventure|Drama|War,616
7147,Big Fish (2003),Drama|Fantasy|Romance,587
7149,Something's Gotta Give (2003),Comedy|Drama|Romance,6964
7150,Stuck on You (2003),Comedy,1792
7151,Girl with a Pearl Earring (2003),Drama|Romance,3635
7153,"Lord of the Rings: The Return of the King, The (2003)",Action|Adventure|Drama|Fantasy,122
7154,Mona Lisa Smile (2003),Drama|Romance,11820
7156,"Fog of War: Eleven Lessons from the Life of Robert S. McNamara, The (2003)",Documentary|War,12698
7158,House of Sand and Fog (2003),Drama,11093
7160,Monster (2003),Crime|Drama,504
7161,Cheaper by the Dozen (2003),Children|Comedy,11007
7162,Cold Mountain (2003),Drama|Romance|War,2289
7163,Paycheck (2003),Action|Sci-Fi|Thriller,9620
7164,Peter Pan (2003),Action|Adventure|Children|Fantasy,10601
7165,"Company, The (2003)",Drama|Musical,52036
7173,Along Came Polly (2004),Comedy|Romance,5966
7178,"Great Gatsby, The (1974)",Drama,11034
7199,Melvin Goes to Dinner (2003),Comedy|Drama,34681
7206,Mon Oncle (My Uncle) (1958),Comedy,427
7208,Dr. Jekyll and Mr. Hyde (1941),Drama|Horror,3022
7210,My Darling Clementine (1946),Western,3088
7211,People Will Talk (1951),Comedy|Romance,23152
7212,I Was a Male War Bride (1949),Comedy|Romance,23567
7215,To Have and Have Not (1944),Adventure|Drama|Romance|Thriller|War,22584
7216,High Sierra (1941),Crime|Drama|Film-Noir|Thriller,27725
7217,Dark Passage (1947),Crime|Drama|Film-Noir|Romance|Thriller,16227
7227,"Trouble with Angels, The (1966)",Comedy,38606
7234,"Strada, La (1954)",Drama,405
7235,Ichi the Killer (Koroshiya 1) (2001),Action|Comedy|Crime|Drama|Horror|Thriller,9696
7236,"Boy and His Dog, A (1975)",Sci-Fi,4917
7238,Ashes and Diamonds (Popiól i diament) (1958),Drama|War,5055
7247,Chitty Chitty Bang Bang (1968),Adventure|Children|Comedy|Fantasy|Musical,11708
7254,The Butterfly Effect (2004),Drama|Sci-Fi|Thriller,1954
7255,Win a Date with Tad Hamilton! (2004),Comedy|Romance,13476
7256,Touching the Void (2003),Adventure|Documentary,11194
7259,You Got Served (2004),Drama|Musical,14114
7260,Latter Days (2003),Comedy|Drama|Romance,15708
7261,Barbershop 2: Back in Business (2004),Comedy,21301
7263,Miracle (2004),Drama,14292
7265,"Dreamers, The (2003)",Drama,1278
7285,Thirteen (2003),Drama,11023
7286,Simple Men (1992),Comedy|Drama,47802
7289,"Silent Night, Bloody Night (1973)",Horror,29852
7293,50 First Dates (2004),Comedy|Romance,1824
7299,Monsieur Ibrahim (Monsieur Ibrahim et les fleurs du Coran) (2003),Drama,337
7308,King Solomon's Mines (1985),Adventure|Comedy,9838
7316,Confessions of a Teenage Drama Queen (2004),Comedy,11132
7317,EuroTrip (2004),Adventure|Comedy,9352
7318,"Passion of the Christ, The (2004)",Drama,615
7320,Dirty Dancing: Havana Nights (2004),Romance,10677
7321,Twisted (2004),Thriller,13572
7323,"Good bye, Lenin! (2003)",Comedy|Drama,338
7325,Starsky & Hutch (2004),Action|Comedy|Crime|Thriller,9384
7326,"Reckoning, The (2004)",Crime|Drama,25935
7327,Persona (1966),Drama,797
7346,"Girl Next Door, The (2004)",Comedy|Romance,10591
7347,Secret Window (2004),Mystery|Thriller,1586
7360,Dawn of the Dead (2004),Action|Drama|Horror|Thriller,924
7361,Eternal Sunshine of the Spotless Mind (2004),Drama|Romance|Sci-Fi,38
7362,Taking Lives (2004),Crime|Drama|Thriller,11081
7367,"Ladykillers, The (2004)",Comedy|Crime,5516
7369,Scooby-Doo 2: Monsters Unleashed (2004),Action|Adventure|Children|Comedy|Mystery,11024
7371,Dogville (2003),Drama|Mystery|Thriller,553
7373,Hellboy (2004),Action|Adventure|Fantasy|Horror,1487
7375,"Prince & Me, The (2004)",Comedy|Romance,11137
7376,Walking Tall (2004),Action,11358
7380,Ella Enchanted (2004),Comedy|Fantasy|Romance,14442
7381,"Whole Ten Yards, The (2004)",Action|Comedy|Crime,2122
7386,"Ten Commandments, The (1956)",Adventure|Drama,6844
7387,Dawn of the Dead (1978),Action|Drama|Horror,923
7389,One Million Years B.C. (1966),Adventure|Fantasy,3591
7395,Cheaper by the Dozen (1950),Comedy|Drama,33839
7419,After Hours (1985),Comedy|Thriller,10843
7438,Kill Bill: Vol. 2 (2004),Action|Drama|Thriller,393
7439,"Punisher, The (2004)",Action|Crime|Thriller,7220
7444,13 Going on 30 (2004),Comedy|Fantasy|Romance,10096
7445,Man on Fire (2004),Action|Crime|Drama|Mystery|Thriller,9509
7449,Godsend (2004),Drama|Horror|Thriller,11058
7450,Laws of Attraction (2004),Comedy|Romance,11141
7451,Mean Girls (2004),Comedy,10625
7453,New York Minute (2004),Action|Adventure|Comedy,11025
7454,Van Helsing (2004),Action|Adventure|Fantasy|Horror,7131
7458,Troy (2004),Action|Adventure|Drama|War,652
7459,Carandiru (2003),Crime|Drama,8440
7460,Coffee and Cigarettes (2003),Comedy|Drama,883
7481,Enemy Mine (1985),Adventure|Drama|Sci-Fi,11864
7482,Enter the Dragon (1973),Action|Crime,9461
7489,"Nasty Girl, The (schreckliche Mädchen, Das) (1990)",Comedy|Drama,4339
7493,"Three Faces of Eve, The (1957)",Drama,28285
7541,100 Girls (2000),Comedy|Romance,10035
7560,Fail-Safe (1964),Drama|Thriller|War,502
7561,Paperhouse (1988),Fantasy|Horror|Thriller,41965
7562,Dobermann (1997),Action|Crime,10347
7569,You Only Live Twice (1967),Action|Adventure|Sci-Fi|Thriller,667
7570,Octopussy (1983),Action|Adventure|Thriller,700
7572,Wit (2001),Drama,26976
7579,Pride and Prejudice (1940),Comedy|Drama|Romance,43818
7584,Woman of the Year (1942),Comedy|Romance,20640
7587,"Samouraï, Le (Godson, The) (1967)",Crime|Drama|Thriller,5511
7618,Chaplin (1992),Drama,10435
7624,School Ties (1992),Drama,14684
7669,Pride and Prejudice (1995),Drama|Romance,164721
7698,"China Syndrome, The (1979)",Drama|Thriller,988
7701,Look Who's Talking Too (1990),Comedy|Romance,9356
7702,"Bells of St. Mary's, The (1945)",Drama,32430
7705,Pat and Mike (1952),Comedy|Romance,33575
7706,Animal Crackers (1930),Comedy|Musical,13913
7720,"Four Musketeers, The (1974)",Action|Adventure|Comedy|Romance,12310
7728,"Postman Always Rings Twice, The (1946)",Crime|Drama|Film-Noir|Thriller,25736
7745,"Scent of Green Papaya, The (Mùi du du xhan - L'odeur de la papaye verte) (1993)",Drama,19552
7748,Pierrot le fou (1965),Crime|Drama,2786
7756,Alexander Nevsky (Aleksandr Nevskiy) (1938),Action|Drama|War,10235
7757,Jason and the Argonauts (1963),Action|Adventure|Fantasy,11533
7758,Same Old Song (On connaît la chanson) (1997),Comedy|Drama|Musical,2817
7759,Nostalghia (1983),Drama,1394
7766,Throne of Blood (Kumonosu jô) (1957),Action|Drama|Thriller|War,3777
7767,"Best of Youth, The (La meglio gioventù) (2003)",Drama,11659
7791,Internal Affairs (1990),Crime|Thriller,11060
7802,"Warriors, The (1979)",Action|Adventure|Crime|Thriller,11474
7820,"Virgin Spring, The (Jungfrukällan) (1960)",Crime|Drama,11656
7827,Cypher (2002),Action|Sci-Fi|Thriller,10133
7831,Another Thin Man (1939),Comedy|Crime|Drama|Mystery|Romance,14589
7832,"Thin Man Goes Home, The (1945)",Comedy|Crime|Mystery,14594
7834,After the Thin Man (1936),Comedy|Crime|Mystery|Romance,14588
7835,Song of the Thin Man (1947),Comedy|Crime|Drama|Musical|Mystery|Romance,14595
7836,Woodstock (1970),Documentary|Musical,9459
7840,Gunga Din (1939),Adventure|Comedy|War,24965
7845,Tremors II: Aftershocks (1996),Comedy|Horror|Sci-Fi,11069
7878,Straight to Hell (1987),Comedy|Crime|Western,9698
7888,How to Succeed in Business Without Really Trying (1967),Comedy|Musical,22682
7891,"Last Man on Earth, The (Ultimo uomo della Terra, L') (1964)",Drama|Horror|Sci-Fi,21159
7925,"Hidden Fortress, The (Kakushi-toride no san-akunin) (1958)",Action|Adventure,1059
7934,Zelig (1983),Comedy,11030
7938,Winter Light (Nattvardsgästerna) (1963),Drama,29455
7939,Through a Glass Darkly (Såsom i en spegel) (1961),Drama,11602
7951,Nightbreed (1990),Fantasy|Horror,20481
7980,"Bridge Too Far, A (1977)",Action|Drama|War,5902
7981,Infernal Affairs (Mou gaan dou) (2002),Crime|Drama|Thriller,10775
7982,"Tale of Two Sisters, A (Janghwa, Hongryeon) (2003)",Drama|Horror|Mystery|Thriller,4552
7984,From Beyond (1986),Horror|Sci-Fi,14510
7987,Dolls (1987),Horror,24341
8012,Kikujiro (Kikujirô no natsu) (1999),Comedy|Drama,4291
8014,"Spring, Summer, Fall, Winter... and Spring (Bom yeoreum gaeul gyeoul geurigo bom) (2003)",Drama,113
8016,"Getaway, The (1972)",Action|Crime|Drama|Thriller,5916
8017,10 Rillington Place (1971),Crime|Drama|Thriller,26234
8019,Dark Water (Honogurai mizu no soko kara) (2002),Drama|Horror|Mystery|Thriller,12205
8033,How to Steal a Million (1966),Comedy|Crime|Romance,3001
8039,Support Your Local Sheriff! (1969),Comedy|Western,11574
8063,Paradise (1991),Drama,68430
8093,Shiri (Swiri) (1999),Action|Drama|Romance|Thriller,10355
8117,In China They Eat Dogs (I Kina spiser de hunde) (1999),Action|Comedy,250
8125,Sunrise: A Song of Two Humans (1927),Drama|Romance,631
8128,Au revoir les enfants (1987),Drama,1786
8131,Pursuit of Happiness (2001),Comedy|Romance,210937
8132,Gladiator (1992),Action|Drama,16219
8140,The Cruel Sea (1953),Drama|War,16914
8147,Charly (1968),Drama|Sci-Fi,29146
8154,"Dolce Vita, La (1960)",Drama,439
8158,Rush (1991),Crime|Drama,20289
8167,Captain Blood (1935),Action|Adventure|Romance,16905
8169,*batteries not included (1987),Children|Comedy|Fantasy|Sci-Fi,11548
8189,Zazie dans le métro (1960),Comedy,2546
8197,Hiroshima Mon Amour (1959),Drama|Romance|War,5544
8207,"Day of the Jackal, The (1973)",Crime|Thriller,4909
8228,"Maltese Falcon, The (a.k.a. Dangerous Female) (1931)",Mystery,28257
8239,Viridiana (1961),Comedy|Drama,4497
8253,Lupin III: The Castle Of Cagliostro (Rupan sansei: Kariosutoro no shiro) (1979),Action|Adventure|Animation|Comedy|Crime|Mystery,15371
8254,Arizona Dream (1993),Comedy|Drama|Fantasy|Romance,11044
8261,3 Women (Three Women) (1977),Drama,41662
8264,Grey Gardens (1975),Documentary,17346
8266,Purple Rain (1984),Drama|Musical,13763
8291,Agatha Christie's 'Ten Little Indians' (Ten Little Indians) (And Then There Were None) (1965),Mystery,4879
8327,Dolls (2002),Drama|Romance,870
8337,"Caine Mutiny, The (1954)",Drama|War,10178
8338,Black Narcissus (1947),Drama,16391
8340,Escape from Alcatraz (1979),Drama|Thriller,10734
8360,Shrek 2 (2004),Adventure|Animation|Children|Comedy|Musical|Romance,809
8361,"Day After Tomorrow, The (2004)",Action|Adventure|Drama|Sci-Fi|Thriller,435
8362,Raising Helen (2004),Comedy|Drama|Romance,4599
8364,Baadasssss! (How to Get the Man's Foot Outta Your Ass) (2003),Drama,28219
8366,Saved! (2004),Comedy|Drama,13193
8368,Harry Potter and the Prisoner of Azkaban (2004),Adventure|Fantasy|IMAX,673
8369,Mindhunters (2004),Action|Crime|Horror|Mystery|Thriller,16617
8371,"Chronicles of Riddick, The (2004)",Action|Sci-Fi|Thriller,2789
8372,Garfield: The Movie (2004),Animation|Children|Comedy,8920
8373,"Stepford Wives, The (2004)",Comedy|Fantasy|Thriller,9890
8376,Napoleon Dynamite (2004),Comedy,8193
8387,Police Academy: Mission to Moscow (1994),Comedy|Crime,11546
8395,"Last of Sheila, The (1973)",Crime|Mystery|Thriller,26331
8401,"Adventures of Sherlock Holmes, The (1939)",Crime|Mystery|Thriller,17481
8404,"Hound of the Baskervilles, The (1939)",Crime|Mystery|Thriller,27118
8464,Super Size Me (2004),Comedy|Documentary|Drama,9372
8477,"Jetée, La (1962)",Romance|Sci-Fi,662
8491,White Heat (1949),Crime|Drama|Film-Noir,15794
8492,"Christmas Carol, A (Scrooge) (1951)",Drama|Fantasy,13188
8493,Memphis Belle (1990),Action|Drama|War,12651
8495,Animal Factory (2000),Crime|Drama,9791
8507,Freaks (1932),Crime|Drama|Horror,136
8516,"Matter of Life and Death, A (Stairway to Heaven) (1946)",Drama|Fantasy|Romance,28162
8528,Dodgeball: A True Underdog Story (2004),Comedy,9472
8529,"Terminal, The (2004)",Comedy|Drama|Romance,594
8530,Dear Frankie (2004),Drama|Romance,8981
8531,White Chicks (2004),Action|Comedy|Crime,12153
8533,"Notebook, The (2004)",Drama|Romance,11036
8574,"Claymation Christmas Celebration, A (1987)",Animation|Children|Comedy|Musical,21386
8578,Undead (2003),Action|Comedy|Horror|Sci-Fi,8991
8580,Into the Woods (1991),Adventure|Comedy|Fantasy|Musical,23378
8581,Pirates of Silicon Valley (1999),Documentary|Drama,3293
8582,Manufacturing Consent: Noam Chomsky and the Media (1992),Documentary|War,36947
8596,Revenge of the Pink Panther (1978),Comedy|Crime,6081
8604,Taxi (1998),Action|Comedy,2330
8605,Taxi 3 (2003),Action|Comedy,2334
8607,Tokyo Godfathers (2003),Adventure|Animation|Drama,13398
8609,Our Hospitality (1923),Comedy,701
8614,Overboard (1987),Comedy|Romance,10780
8620,"Exterminating Angel, The (Ángel exterminador, El) (1962)",Comedy|Drama|Fantasy|Mystery,29264
8622,Fahrenheit 9/11 (2004),Documentary,1777
8623,Roxanne (1987),Comedy|Romance,11584
8636,Spider-Man 2 (2004),Action|Adventure|Sci-Fi|IMAX,558
8638,Before Sunset (2004),Drama|Romance,80
8640,King Arthur (2004),Action|Adventure|Drama|War,9477
8641,Anchorman: The Legend of Ron Burgundy (2004),Comedy,8699
8642,Sleepover (2004),Comedy,9893
8643,"Cinderella Story, A (2004)",Comedy|Romance,11247
8644,"I, Robot (2004)",Action|Adventure|Sci-Fi|Thriller,2048
8645,"Maria Full of Grace (Maria, Llena eres de gracia) (2004)",Crime|Drama,436
8651,Man of La Mancha (1972),Adventure|Comedy|Musical,45793
8656,"Short Film About Killing, A (Krótki film o zabijaniu) (1988)",Crime|Drama,10754
8661,How the West Was Won (1962),Adventure|Drama|Western,11897
8665,"Bourne Supremacy, The (2004)",Action|Crime|Thriller,2502
8666,Catwoman (2004),Action|Crime|Fantasy,314
8690,Slaughterhouse-Five (1972),Comedy|Drama|Sci-Fi|War,24559
8701,Dr. Jekyll and Ms. Hyde (1995),Comedy|Horror,37019
8754,"Prime of Miss Jean Brodie, The (1969)",Drama,5179
8772,"Spy Who Came in from the Cold, The (1965)",Drama|Thriller,13580
8773,Sherlock Holmes and the Secret Weapon (1942),Crime|Mystery|Thriller,18706
8779,Bon Voyage (2003),Comedy|Drama,14652
8781,"Manchurian Candidate, The (2004)",Thriller,14462
8782,Thunderbirds (2004),Action|Adventure|Fantasy|Sci-Fi,14623
8783,"Village, The (2004)",Drama|Mystery|Thriller,6947
8784,Garden State (2004),Comedy|Drama|Romance,401
8785,Early Summer (Bakushû) (1951),Drama,50247
8796,"Funny Thing Happened on the Way to the Forum, A (1966)",Comedy|Musical,17768
8798,Collateral (2004),Action|Crime|Drama|Thriller,1538
8799,Little Black Book (2004),Comedy|Romance,14846
8801,In the Soup (1992),Comedy|Drama,52936
8805,Attack the Gas Station! (Juyuso seubgyuksageun) (1999),Comedy|Crime,16606
8807,Harold and Kumar Go to White Castle (2004),Adventure|Comedy,11282
8808,"Princess Diaries 2: Royal Engagement, The (2004)",Comedy|Romance,11130
8810,AVP: Alien vs. Predator (2004),Action|Horror|Sci-Fi|Thriller,395
8814,Without a Paddle (2004),Comedy,10762
8815,Exorcist: The Beginning (2004),Horror|Thriller,11026
8827,"Bill Cosby, Himself (1983)",Comedy|Documentary,20120
8835,Paparazzi (2004),Drama|Thriller,15644
8848,"Vitelloni, I (a.k.a. The Young and the Passionate) (1953)",Drama,12548
8851,Smile (1975),Comedy,42264
8859,SuperBabies: Baby Geniuses 2 (2004),Comedy,31117
8860,Cellular (2004),Action|Crime|Drama|Mystery|Thriller,9759
8861,Resident Evil: Apocalypse (2004),Action|Horror|Sci-Fi|Thriller,1577
8865,Sky Captain and the World of Tomorrow (2004),Action|Adventure|Sci-Fi,5137
8866,Wimbledon (2004),Comedy|Romance,11823
8869,First Daughter (2004),Comedy|Romance,13969
8870,"Forgotten, The (2004)",Drama|Mystery|Sci-Fi|Thriller,10145
8873,"Motorcycle Diaries, The (Diarios de motocicleta) (2004)",Adventure|Drama,1653
8874,Shaun of the Dead (2004),Comedy|Horror,747
8879,Murder on the Orient Express (1974),Crime|Mystery|Thriller,4176
8880,Mask (1985),Drama,11177
8882,"Boston Strangler, The (1968)",Crime|Drama|Mystery|Thriller,26690
8907,Shark Tale (2004),Animation|Children|Comedy,10555
8910,I Heart Huckabees (2004),Comedy,1599
8911,Raise Your Voice (2004),Romance,14024
8912,Taxi (2004),Action|Comedy,11045
8914,Primer (2004),Drama|Sci-Fi,14337
8916,Shall We Dance? (2004),Comedy|Romance,4380
8917,Team America: World Police (2004),Action|Adventure|Animation|Comedy,3989
8918,Eulogy (2004),Comedy|Crime|Drama,16358
8922,Epidemic (1988),Drama|Horror|Thriller,29445
8923,Tess (1979),Drama|Romance,11121
8934,Bebe's Kids (1992),Animation|Children|Comedy,36616
8937,Friday Night Lights (2004),Action|Drama,13416
8947,"Grudge, The (2004)",Horror|Mystery|Thriller,1970
8949,Sideways (2004),Comedy|Drama|Romance,9675
8950,The Machinist (2004),Drama|Mystery|Thriller,4553
8951,Vera Drake (2004),Drama,11109
8955,Undertow (2004),Crime|Drama|Thriller,16131
8957,Saw (2004),Horror|Mystery|Thriller,176
8958,Ray (2004),Drama,1677
8961,"Incredibles, The (2004)",Action|Adventure|Animation|Children|Comedy,9806
8965,"Polar Express, The (2004)",Adventure|Animation|Children|Fantasy|IMAX,5255
8966,Kinsey (2004),Drama,11184
8968,After the Sunset (2004),Action|Adventure|Comedy|Crime|Thriller,10589
8969,Bridget Jones: The Edge of Reason (2004),Comedy|Drama|Romance,9801
8970,Finding Neverland (2004),Drama,866
8971,Veer Zaara (2004),Drama|Musical|Romance,4251
8972,National Treasure (2004),Action|Adventure|Drama|Mystery|Thriller,2059
8973,Bad Education (La mala educación) (2004),Drama|Thriller,140
8974,"SpongeBob SquarePants Movie, The (2004)",Adventure|Animation|Children|Comedy,11836
8977,Alexander (2004),Action|Adventure|Drama|War,1966
8978,Christmas with the Kranks (2004),Children|Comedy,13673
8981,Closer (2004),Drama|Romance,2288
8983,House of Flying Daggers (Shi mian mai fu) (2004),Action|Drama|Romance,9550
8984,Ocean's Twelve (2004),Action|Comedy|Crime|Thriller,163
8985,Blade: Trinity (2004),Action|Fantasy|Horror|Thriller,36648
9010,Love Me If You Dare (Jeux d'enfants) (2003),Drama|Romance,8424
25750,Sherlock Jr. (1924),Comedy|Fantasy|Romance,992
25769,"Steamboat Bill, Jr. (1928)",Comedy|Romance,25768
25788,Scarface (1932),Crime|Drama,877
25856,Wuthering Heights (1939),Drama|Romance,3084
25886,Random Harvest (1942),Drama|Romance,22387
25914,"Ivan the Terrible, Part One (Ivan Groznyy I) (1944)",Drama,9797
25916,They Were Expendable (1945),Drama|War,18771
25923,Great Expectations (1946),Drama,14320
25938,Fort Apache (1948),Western,37347
25941,Letter from an Unknown Woman (1948),Drama|Romance,946
25960,"Terrible Kids (Enfants terribles, Les) (Strange Ones, The) (1950)",Drama,15390
26003,Night and Fog (Nuit et brouillard) (1955),Crime|Documentary|War,803
26025,"Spirit of St. Louis, The (1957)",Adventure|Drama,18776
26082,Harakiri (Seppuku) (1962),Drama,14537
26084,"Music Man, The (1962)",Children|Comedy|Musical|Romance,13671
26085,Mutiny on the Bounty (1962),Adventure|Drama|Romance,11085
26101,McLintock! (1963),Comedy|Western,15263
26116,"Hush... Hush, Sweet Charlotte (1964)",Horror|Thriller,10299
26131,"Battle of Algiers, The (La battaglia di Algeri) (1966)",Drama|War,17295
26133,"Charlie Brown Christmas, A (1965)",Animation|Children|Comedy,13187
26139,In Harm's Way (1965),Drama|War,37921
26150,Andrei Rublev (Andrey Rublyov) (1969),Drama|War,895
26151,Au Hasard Balthazar (1966),Crime|Drama,20108
26152,Batman (1966),Action|Adventure|Comedy,2661
26171,Play Time (a.k.a. Playtime) (1967),Comedy,10227
26172,Point Blank (1967),Action|Crime|Drama|Thriller,26039
26184,"Diamond Arm, The (Brilliantovaya ruka) (1968)",Action|Adventure|Comedy|Crime|Thriller,20873
26228,"Swedish Love Story, A (Kärlekshistoria, En) (1970)",Drama|Romance,31304
26236,"White Sun of the Desert, The (Beloe solntse pustyni) (1970)",Action|Adventure|Comedy|Drama|Romance|War,20848
26242,Duel (1971),Action|Mystery|Thriller,839
26246,Johnny Got His Gun (1971),Drama|War,16328
26258,"Topo, El (1970)",Fantasy|Western,13041
26294,My Name Is Nobody (Il Mio nome è Nessuno) (1973),Comedy|Western,9474
26313,California Split (1974),Comedy|Drama,32044
26322,Gone in 60 Seconds (1974),Action|Crime|Drama,16246
26326,"Holy Mountain, The (Montaña sagrada, La) (1973)",Drama,8327
26347,"Irony of Fate, or Enjoy Your Bath! (Ironiya sudby, ili S legkim parom!) (1975)",Comedy|Drama|Romance,43430
26349,Night Moves (1975),Crime|Thriller,32042
26350,"Passenger, The (Professione: reporter) (1975)",Drama,9652
26393,Sorcerer (1977),Action|Thriller,38985
26398,Capricorn One (1978),Drama|Sci-Fi|Thriller,11935
26414,"Wedding, A (1978)",Comedy|Drama,45695
26422,Hair (1979),Comedy|Drama|Musical,10654
26471,Eddie Murphy Delirious (1983),Comedy|Documentary,15251
26476,Merry Christmas Mr. Lawrence (1983),Drama|War,11948
26479,"Pirates of Penzance, The (1983)",Adventure|Comedy|Musical|Romance,15716
26492,Twilight Zone: The Movie (1983),Fantasy|Horror|Sci-Fi|Thriller,15301
26505,Comfort and Joy (1984),Comedy,30278
26520,Full Moon in Paris (Les nuits de la pleine lune) (1984),Drama|Romance,27102
26554,"Quiet Earth, The (1985)",Drama|Mystery|Sci-Fi,10176
26558,"Stuff, The (1985)",Comedy|Horror|Mystery|Sci-Fi,18502
26560,"Unknown Soldier, The (Tuntematon sotilas) (1985)",Drama|War,41205
26562,White Nights (1985),Drama,16082
26578,"Sacrifice, The (Offret - Sacraficatio) (1986)",Drama,24657
26662,Kiki's Delivery Service (Majo no takkyûbin) (1989),Adventure|Animation|Children|Drama|Fantasy,16859
26680,Cry-Baby (1990),Comedy|Musical|Romance,9768
26729,Hearts of Darkness: A Filmmakers Apocalypse (1991),Documentary,4539
26749,Prospero's Books (1991),Drama|Fantasy,5048
26776,Porco Rosso (Crimson Pig) (Kurenai no buta) (1992),Adventure|Animation|Comedy|Fantasy|Romance,11621
26840,Sonatine (Sonachine) (1993),Action|Comedy|Crime|Drama,7500
26850,71 Fragments of a Chronology of Chance (71 Fragmente einer Chronologie des Zufalls) (1994),Drama,32764
26858,Felidae (1994),Animation|Mystery|Thriller,8983
26865,Fist of Legend (Jing wu ying xiong) (1994),Action|Drama,17809
26903,Whisper of the Heart (Mimi wo sumaseba) (1995),Animation|Drama|Romance,37797
26914,Trinity and Beyond (1995),Documentary,21846
26947,Pusher (1996),Crime|Thriller,2061
26998,"Sick: The Life & Death of Bob Flanagan, Supermasochist (1997)",Documentary,35638
27005,"Interview, The (1998)",Crime|Drama|Mystery|Thriller,19846
27020,Gia (1998),Drama|Romance,14533
27152,Pitkä kuuma kesä (1999),Comedy|Drama,62825
27156,"Neon Genesis Evangelion: The End of Evangelion (Shin seiki Evangelion Gekijô-ban: Air/Magokoro wo, kimi ni) (1997)",Action|Animation|Drama|Fantasy|Sci-Fi,18491
27186,Kirikou and the Sorceress (Kirikou et la sorcière) (1998),Adventure|Animation|Children|Fantasy,21348
27193,Taxi 2 (2000),Action|Comedy,2332
27246,If These Walls Could Talk 2 (2000),Drama|Romance,28031
27266,2046 (2004),Drama|Fantasy|Romance|Sci-Fi,844
27317,Audition (Ôdishon) (1999),Drama|Horror|Mystery|Romance|Thriller,11075
27338,The Hole (2001),Drama|Horror|Mystery|Thriller,467
27368,Asterix & Obelix: Mission Cleopatra (Astérix & Obélix: Mission Cléopâtre) (2002),Adventure|Comedy|Fantasy,2899
27373,61* (2001),Drama,20536
27391,"Laramie Project, The (2002)",Crime|Drama,19448
27397,Joint Security Area (Gongdong gyeongbi guyeok JSA) (2000),Crime|Drama|Mystery|Thriller|War,2440
27408,Ripley's Game (2002),Drama|Thriller,10955
27523,My Sassy Girl (Yeopgijeogin geunyeo) (2001),Comedy|Romance,11178
27537,Nothing (2003),Comedy|Fantasy|Mystery|Sci-Fi,10981
27592,Sympathy for Mr. Vengeance (Boksuneun naui geot) (2002),Crime|Drama,4689
27604,Suicide Club (Jisatsu saakuru) (2001),Horror|Mystery|Thriller,12720
27608,Immortel (ad vitam) (Immortal) (2004),Action|Adventure|Animation|Fantasy|Sci-Fi,5552
27647,Tipping the Velvet (2002),Comedy|Drama|Romance,26491
27660,"Animatrix, The (2003)",Action|Animation|Drama|Sci-Fi,55931
27674,11:14 (2003),Comedy|Crime|Drama|Mystery|Thriller,9282
27689,"Crimson Rivers 2: Angels of the Apocalypse (Rivières pourpres II - Les anges de l'apocalypse, Les) (2004)",Action|Crime|Thriller,60672
27700,Evil (Ondskan) (2003),Drama,11197
27706,Lemony Snicket's A Series of Unfortunate Events (2004),Adventure|Children|Comedy|Fantasy,11774
27716,"Green Butchers, The (Grønne slagtere, De) (2003)",Comedy|Crime|Drama|Romance,4972
27717,Pearls and Pigs (Helmiä ja sikoja) (2003),Comedy,54764
27721,"Very Long Engagement, A (Un long dimanche de fiançailles) (2004)",Drama|Mystery|Romance|War,2841
27727,Head-On (Gegen die Wand) (2004),Drama|Romance,363
27728,Ghost in the Shell 2: Innocence (a.k.a. Innocence) (Inosensu) (2004),Action|Animation|Drama|Sci-Fi|Thriller,12140
27729,Kal Ho Naa Ho (2003),Comedy|Drama|Romance,4254
27731,"Cat Returns, The (Neko no ongaeshi) (2002)",Adventure|Animation|Children|Fantasy,15370
27772,Ju-on: The Grudge (2002),Horror,11838
27773,Old Boy (2003),Mystery|Thriller,670
27788,"Jacket, The (2005)",Drama|Mystery|Sci-Fi|Thriller,9667
27790,Millions (2004),Children|Comedy|Crime|Drama|Fantasy,13373
27797,"Man Who Copied, The (Homem Que Copiava, O) (2003)",Comedy|Crime|Drama|Romance,40823
27801,Ong-Bak: The Thai Warrior (Ong Bak) (2003),Action|Thriller,9316
27803,"Sea Inside, The (Mar adentro) (2004)",Drama,1913
27808,Spanglish (2004),Comedy|Drama|Romance,2539
27815,"Chorus, The (Choristes, Les) (2004)",Drama,5528
27821,"Interpreter, The (2005)",Drama|Thriller,179
27822,Open Water (2003),Drama|Thriller,83
27831,Layer Cake (2004),Crime|Drama|Thriller,4836
27839,"Ring Two, The (2005)",Drama|Horror|Mystery|Thriller,10320
27846,"Corporation, The (2003)",Documentary,11420
27850,"Yes Men, The (2003)",Documentary,3396
27865,Azumi (2003),Action|Adventure|Drama|Thriller,5889
27869,Tae Guk Gi: The Brotherhood of War (Taegukgi hwinalrimyeo) (2004),Action|Drama|War,11658
27873,Metallica: Some Kind of Monster (2004),Documentary,11401
27879,DiG! (2004),Documentary,1843
27904,"Scanner Darkly, A (2006)",Animation|Drama|Mystery|Sci-Fi|Thriller,3509
30707,Million Dollar Baby (2004),Drama,70
30749,Hotel Rwanda (2004),Drama|War,205
30793,Charlie and the Chocolate Factory (2005),Adventure|Children|Comedy|Fantasy|IMAX,118
30803,3-Iron (Bin-jip) (2004),Drama|Romance,1280
30810,"Life Aquatic with Steve Zissou, The (2004)",Adventure|Comedy|Fantasy,421
30812,"Aviator, The (2004)",Drama,2567
30816,"Phantom of the Opera, The (2004)",Drama|Musical|Romance,9833
30825,Meet the Fockers (2004),Comedy,693
30850,"Merchant of Venice, The (2004)",Drama,11162
30898,"Upside of Anger, The (2005)",Comedy|Drama|Romance,11354
31114,Imaginary Heroes (2004),Comedy|Drama,25350
31148,Day of the Wacko (Dzien swira) (2002),Comedy|Drama,20719
31193,"Many Adventures of Winnie the Pooh, The (1977)",Animation|Children|Musical,13716
31221,Elektra (2005),Action|Adventure|Crime|Drama,9947
31225,Coach Carter (2005),Drama,7214
31364,Memories of Murder (Salinui chueok) (2003),Crime|Drama|Mystery|Thriller,11423
31374,Hobson's Choice (1954),Comedy|Drama|Romance,16410
31410,"Downfall (Untergang, Der) (2004)",Drama|War,613
31422,Are We There Yet? (2005),Children|Comedy,11637
31433,"Wedding Date, The (2005)",Comedy|Romance,6961
31437,Nobody Knows (Dare mo shiranai) (2004),Drama,2517
31658,Howl's Moving Castle (Hauru no ugoku shiro) (2004),Adventure|Animation|Fantasy|Romance,4935
31685,Hitch (2005),Comedy|Romance,8488
31687,Pooh's Heffalump Movie (2005),Animation|Children,13682
31696,Constantine (2005),Action|Fantasy|Horror|Thriller,561
31804,Night Watch (Nochnoy dozor) (2004),Action|Fantasy|Horror|Mystery|Sci-Fi|Thriller,3040
31807,Dot the I (2003),Drama|Film-Noir|Thriller,18538
31867,Man of the House (2005),Action|Comedy,13498
31878,Kung Fu Hustle (Gong fu) (2004),Action|Comedy,9470
31923,"Three Musketeers, The (1973)",Action|Adventure|Comedy,2926
32025,Walk on Water (2004),Drama|Thriller,26
32029,Hostage (2005),Action|Crime|Drama|Thriller,2026
32031,Robots (2005),Adventure|Animation|Children|Comedy|Fantasy|Sci-Fi|IMAX,9928
32139,"Agony and the Ecstasy, The (1965)",Drama,36815
32213,Cube Zero (2004),Horror|Mystery|Sci-Fi|Thriller,438
32239,Save the Green Planet! (Jigureul jikyeora!) (2003),Comedy|Drama|Horror|Sci-Fi|Thriller,11297
32291,Melinda and Melinda (2004),Comedy|Drama,9688
32296,Miss Congeniality 2: Armed and Fabulous (2005),Adventure|Comedy|Crime,10040
32300,D.E.B.S. (2004),Action|Comedy,540
32452,My Neighbors the Yamadas (Hôhokekyo tonari no Yamada-kun) (1999),Animation|Comedy,16198
32460,Knockin' on Heaven's Door (1997),Action|Comedy|Crime|Drama,158
32582,"Wild Parrots of Telegraph Hill, The (2003)",Documentary,17592
32587,Sin City (2005),Action|Crime|Film-Noir|Mystery|Thriller,187
32589,Beauty Shop (2005),Comedy,14177
32596,Sahara (2005),Action|Adventure|Comedy,7364
32617,Eye of the Tiger (1986),Action,27271
32627,Rhinestone (1984),Comedy,16551
32825,Sexmission (Seksmisja) (1984),Adventure|Comedy|Sci-Fi,19673
32840,Vincent (1982),Animation,32085
32892,Ivan's Childhood (a.k.a. My Name is Ivan) (Ivanovo detstvo) (1962),Drama|War,31442
33004,"Hitchhiker's Guide to the Galaxy, The (2005)",Adventure|Comedy|Sci-Fi,7453
33085,"Amityville Horror, The (2005)",Horror|Thriller,10065
33145,"Lot Like Love, A (2005)",Comedy|Drama|Romance,8976
33154,Enron: The Smartest Guys in the Room (2005),Documentary,13020
33158,xXx: State of the Union (2005),Action|Crime|Thriller,11679
33162,Kingdom of Heaven (2005),Action|Drama|Romance|War,1495
33164,House of Wax (2005),Horror|Thriller,10066
33166,Crash (2004),Crime|Drama,1640
33171,Mysterious Skin (2004),Drama|Mystery,11171
33270,"Taste of Tea, The (Cha no aji) (2004)",Comedy|Drama,15318
33288,Kes (1969),Drama,13384
33437,Unleashed (Danny the Dog) (2005),Action|Crime|Drama|Thriller,10027
33451,"Ugly, Dirty and Bad (Brutti sporchi e cattivi) (1976)",Comedy|Drama,19413
33487,Samaritan Girl (Samaria) (2004),Drama,1279
33493,Star Wars: Episode III - Revenge of the Sith (2005),Action|Adventure|Sci-Fi,1895
33495,Kicking & Screaming (2005),Comedy,9981
33499,Monster-in-Law (2005),Comedy|Romance,4379
33592,Bad Guy (Nabbeun namja) (2001),Drama,25649
33615,Madagascar (2005),Adventure|Animation|Children|Comedy,953
33644,Dominion: Prequel to the Exorcist (2005),Horror|Thriller,12700
33646,"Longest Yard, The (2005)",Comedy|Drama,9291
33660,Cinderella Man (2005),Drama|Romance,921
33669,"Sisterhood of the Traveling Pants, The (2005)",Adventure|Comedy|Drama,9779
33672,Lords of Dogtown (2005),Action|Comedy|Drama,9787
33675,After You (Après vous...) (2003),Comedy|Romance,16932
33679,Mr. & Mrs. Smith (2005),Action|Adventure|Comedy|Romance,787
33685,"Honeymooners, The (2005)",Comedy,21295
33709,Toto le héros (1991),Drama,56321
33725,It's All Gone Pete Tong (2004),Comedy|Drama|Musical,12109
33779,Eddie Izzard: Dress to Kill (1999),Comedy,13589
33794,Batman Begins (2005),Action|Crime|IMAX,272
33817,My Summer of Love (2004),Drama|Romance,9709
33830,Herbie: Fully Loaded (2005),Adventure|Comedy|Romance,11451
33834,Land of the Dead (2005),Action|Horror|Thriller,11683
33836,Bewitched (2005),Comedy|Fantasy|Romance,9722
33861,Danger: Diabolik (Diabolik) (1968),Action|Crime|Thriller,2994
33880,Me and You and Everyone We Know (2005),Comedy|Drama,1382
33896,3 Extremes (Three... Extremes) (Saam gaang yi) (2004),Horror,33908
33903,"Edukators, The (Die Fetten Jahre sind vorbei) (2004)",Comedy|Crime|Drama|Romance,276
33966,Cop and ½ (1993),Comedy,12574
34032,Modigliani (2004),Drama,34308
34048,War of the Worlds (2005),Action|Adventure|Sci-Fi|Thriller,74
34072,"March of the Penguins (Marche de l'empereur, La) (2005)",Documentary,1667
34111,"God Who Wasn't There, The (2005)",Documentary,13014
34150,Fantastic Four (2005),Action|Adventure|Sci-Fi,9738
34153,Murderball (2005),Documentary,14278
34162,Wedding Crashers (2005),Comedy|Romance,9522
34164,Happy Endings (2005),Comedy|Drama,14922
34238,Symmetry (Symetria) (2003),Crime|Drama,38530
34314,Funny Ha Ha (2002),Comedy|Drama,33693
34319,"Island, The (2005)",Action|Sci-Fi|Thriller,1635
34332,Sky High (2005),Action|Adventure|Children|Comedy,11459
34336,Must Love Dogs (2005),Comedy|Romance,11648
34338,"Aristocrats, The (2005)",Comedy|Documentary,15258
34405,Serenity (2005),Action|Adventure|Sci-Fi,16320
34437,Broken Flowers (2005),Comedy|Drama,308
34464,Christmas in August (Palwolui Christmas) (1998),Drama|Romance,26935
34505,Whispering Corridors (Yeogo Goedam) (1998),Drama|Horror,40254
34520,"Dukes of Hazzard, The (2005)",Action|Adventure|Comedy,6519
34523,The Chumscrubber (2005),Comedy|Drama,13919
34530,Deuce Bigalow: European Gigolo (2005),Comedy,11453
34532,"Skeleton Key, The (2005)",Drama|Horror|Mystery|Thriller,9913
34534,Four Brothers (2005),Action|Crime|Drama,8292
34542,Grizzly Man (2005),Documentary,501
35836,"40-Year-Old Virgin, The (2005)",Comedy|Romance,6957
36276,Hidden (a.k.a. Cache) (Caché) (2005),Drama|Mystery|Thriller,445
36363,Kin-Dza-Dza! (1986),Comedy|Drama|Sci-Fi,20874
36397,Valiant (2005),Adventure|Animation|Children|Comedy|Fantasy|War,14175
36401,"Brothers Grimm, The (2005)",Comedy|Fantasy|Horror|Thriller,4442
36517,"Constant Gardener, The (2005)",Drama|Thriller,1985
36519,Transporter 2 (2005),Action|Crime|Thriller,9335
36525,Just Like Heaven (2005),Comedy|Fantasy|Romance,9007
36529,Lord of War (2005),Action|Crime|Drama|Thriller|War,1830
36535,Everything Is Illuminated (2005),Comedy|Drama,340
37380,Doom (2005),Action|Horror|Sci-Fi,8814
37384,Waiting... (2005),Comedy,7553
37386,Aeon Flux (2005),Action|Sci-Fi,8202
37720,"Exorcism of Emily Rose, The (2005)",Crime|Drama|Horror|Thriller,8643
37727,Flightplan (2005),Action|Drama|Thriller,9315
37729,Corpse Bride (2005),Animation|Comedy|Fantasy|Musical|Romance,3933
37731,Green Street Hooligans (a.k.a. Hooligans) (2005),Crime|Drama,8923
37733,"History of Violence, A (2005)",Action|Crime|Drama|Thriller,59
37741,Capote (2005),Crime|Drama,398
37830,Final Fantasy VII: Advent Children (2004),Action|Adventure|Animation|Fantasy|Sci-Fi,647
37857,MirrorMask (2005),Adventure|Children|Drama|Fantasy,14517
38038,Wallace & Gromit in The Curse of the Were-Rabbit (2005),Adventure|Animation|Children|Comedy,533
38061,Kiss Kiss Bang Bang (2005),Comedy|Crime|Mystery|Thriller,5236
38086,Wishing Stairs (Yeogo goedam 3: Yeowoo gyedan) (2003),Drama|Horror,32237
38095,"Bittersweet Life, A (Dalkomhan insaeng) (2005)",Action|Crime|Drama,11344
38304,No Direction Home: Bob Dylan (2005),Documentary,19082
38798,In Her Shoes (2005),Comedy|Drama,11931
38886,"Squid and the Whale, The (2005)",Comedy|Drama,10707
38992,Two for the Money (2005),Drama,9910
39183,Brokeback Mountain (2005),Drama|Romance,142
39231,Elizabethtown (2005),Comedy|Drama|Romance,9621
39292,"Good Night, and Good Luck. (2005)",Crime|Drama,3291
39400,"Fog, The (2005)",Action|Horror|Mystery|Thriller,791
39435,"Legend of Zorro, The (2005)",Action|Adventure|Drama|Western,1656
39444,"Weather Man, The (2005)",Comedy|Drama,6963
39446,Saw II (2005),Horror|Thriller,215
39934,"Bridges at Toko-Ri, The (1954)",Drama|Romance|War,35580
40278,Jarhead (2005),Action|Drama|War,25
40339,Chicken Little (2005),Action|Adventure|Animation|Children|Comedy|Sci-Fi,9982
40414,Joyeux Noël (Merry Christmas) (2005),Drama|War,11661
40581,Just Friends (2005),Comedy|Romance,10033
40583,Syriana (2005),Drama|Thriller,231
40614,Derailed (2005),Drama|Thriller,8999
40629,Pride & Prejudice (2005),Drama|Romance,4348
40732,"Descent, The (2005)",Adventure|Drama|Horror|Thriller,9392
40815,Harry Potter and the Goblet of Fire (2005),Adventure|Fantasy|Thriller|IMAX,674
40819,Walk the Line (2005),Drama|Musical|Romance,69
40826,Rent (2005),Drama|Musical|Romance,1833
40851,Zathura (2005),Action|Adventure|Children|Fantasy,6795
40870,C.R.A.Z.Y. (2005),Drama,11421
40966,"Libertine, The (2004)",Drama,7548
41285,Match Point (2005),Crime|Drama|Romance,116
41411,"Deep, The (1977)",Adventure|Horror|Mystery|Thriller,20416
41527,Paradise Now (2005),Crime|Drama|Thriller|War,67
41566,"Chronicles of Narnia: The Lion, the Witch and the Wardrobe, The (2005)",Adventure|Children|Fantasy,411
41569,King Kong (2005),Action|Adventure|Drama|Fantasy|Thriller,254
41571,Memoirs of a Geisha (2005),Drama|Romance,1904
41573,"Family Stone, The (2005)",Comedy|Drama|Romance,9043
41699,"Ivan the Terrible, Part Two (Ivan Groznyy II: Boyarsky zagovor) (1958)",Drama,43118
41716,"Matador, The (2005)",Comedy|Drama|Thriller,9515
41724,Wal-Mart: The High Cost of Low Price (2005),Documentary,29595
41997,Munich (2005),Action|Crime|Drama|Thriller,612
42007,Rumor Has It... (2005),Comedy|Drama|Romance,2800
42009,Cheaper by the Dozen 2 (2005),Adventure|Comedy,9641
42011,Fun with Dick and Jane (2005),Comedy|Crime,7552
42013,"Ringer, The (2005)",Comedy,9927
42018,Mrs. Henderson Presents (2005),Comedy|Drama,10773
42094,"Spirit of the Beehive, The (Espíritu de la colmena, El) (1973)",Drama|Horror|Mystery,4495
42197,Keeping Mum (2005),Comedy|Crime,9687
42217,Late Spring (Banshun) (1949),Drama,20530
42632,Lady Vengeance (Sympathy for Lady Vengeance) (Chinjeolhan geumjassi) (2005),Crime|Drama|Mystery|Thriller,4550
42636,Superproduction (Superprodukcja) (2003),Comedy,68646
42718,District 13 (Banlieue 13) (2004),Action|Crime|Sci-Fi,10045
42723,Hostel (2005),Horror,1690
42725,Grandma's Boy (2006),Comedy,9900
42728,Tristan & Isolde (2006),Drama|Romance,9044
42732,Last Holiday (2006),Comedy,17379
42734,Hoodwinked! (2005),Animation|Children|Comedy,10982
42738,Underworld: Evolution (2006),Action|Fantasy|Horror,834
42958,Little Manhattan (2005),Children|Comedy|Romance,16553
43007,Vinci (2004),Comedy|Crime,39788
43333,Water (2005),Drama|Romance,7509
43396,"World's Fastest Indian, The (2005)",Drama,9912
43497,Love in the Afternoon (Chloe in the Afternoon)  (L'amour l'après-midi) (1972),Drama|Romance,12116
43556,Annapolis (2006),Drama,13275
43560,Nanny McPhee (2005),Children|Comedy|Fantasy,11283
43679,Final Destination 3 (2006),Horror|Mystery|Thriller,9286
43684,Something New (2006),Comedy|Drama|Romance,15363
43744,Imagine Me & You (2005),Comedy|Drama|Romance,1544
43836,"Pink Panther, The (2006)",Adventure|Comedy|Crime,12096
43871,Firewall (2006),Crime|Drama|Thriller,9754
43904,When a Stranger Calls (2006),Horror|Thriller,10053
43921,Running Scared (2006),Action|Crime|Thriller,7304
43928,Ultraviolet (2006),Action|Fantasy|Sci-Fi|Thriller,9920
43930,Just My Luck (2006),Comedy|Romance,10025
43936,16 Blocks (2006),Crime|Thriller,2207
44004,Failure to Launch (2006),Comedy|Romance,6877
44022,Ice Age 2: The Meltdown (2006),Adventure|Animation|Children|Comedy,950
44124,Every Man for Himself (Slow Motion) (Sauve qui peut (la vie)) (1980),Drama,113479
44191,V for Vendetta (2006),Action|Sci-Fi|Thriller|IMAX,752
44193,She's the Man (2006),Comedy|Romance,9655
44195,Thank You for Smoking (2006),Comedy|Drama,9388
44199,Inside Man (2006),Crime|Drama|Thriller,388
44225,Aquamarine (2006),Children|Comedy|Fantasy,14191
44301,Lights in the Dusk (Laitakaupungin valot) (2006),Crime|Drama,1379
44317,Kummeli Stories (1995),Comedy,62719
44397,"Hills Have Eyes, The (2006)",Drama|Horror|Thriller,9792
44494,Son of the Pink Panther (1993),Comedy,46828
44555,"Lives of Others, The (Das leben der Anderen) (2006)",Drama|Romance|Thriller,582
44633,"Devil and Daniel Johnston, The (2005)",Documentary,13222
44665,Lucky Number Slevin (2006),Crime|Drama|Mystery,186
44694,Volver (2006),Comedy|Drama,219
44709,Akeelah and the Bee (2006),Drama,13751
44761,Brick (2005),Crime|Drama|Film-Noir|Mystery,9270
44788,This Film Is Not Yet Rated (2006),Documentary,16070
44815,ATL (2006),Drama,13960
44828,Slither (2006),Comedy|Horror|Sci-Fi,9035
44864,Friends with Money (2006),Comedy|Drama|Romance,8998
44972,Scary Movie 4 (2006),Comedy|Horror,4257
44974,Hard Candy (2005),Drama|Thriller,2652
45003,Shutter (2004),Fantasy|Horror|Mystery|Thriller,17111
45081,Silent Hill (2006),Fantasy|Horror|Thriller,588
45106,American Dreamz (2006),Comedy|Drama,9310
45183,"Protector, The (a.k.a. Warrior King) (Tom yum goong) (2005)",Action|Comedy|Crime|Thriller,8982
45186,Mission: Impossible III (2006),Action|Adventure|Thriller,956
45210,United 93 (2006),Crime|Drama,9829
45221,Stick It (2006),Comedy,10115
45361,"American Haunting, An (2005)",Drama|Horror|Mystery|Thriller,10008
45431,Over the Hedge (2006),Adventure|Animation|Children|Comedy,7518
45442,Poseidon (2006),Action|Adventure|Thriller|IMAX,503
45447,"Da Vinci Code, The (2006)",Drama|Mystery|Thriller,591
45499,X-Men: The Last Stand (2006),Action|Sci-Fi|Thriller,36668
45501,"Break-Up, The (2006)",Comedy|Drama|Romance,9767
45503,Peaceful Warrior (2006),Drama,13689
45517,Cars (2006),Animation|Children|Comedy,920
45666,Nacho Libre (2006),Comedy,9353
45668,"Lake House, The (2006)",Drama|Fantasy|Romance,2044
45672,Click (2006),Adventure|Comedy|Drama|Fantasy|Romance,9339
45720,"Devil Wears Prada, The (2006)",Comedy|Drama,350
45722,Pirates of the Caribbean: Dead Man's Chest (2006),Action|Adventure|Fantasy,58
45726,"You, Me and Dupree (2006)",Comedy,1819
45728,Clerks II (2006),Comedy,2295
45730,Lady in the Water (2006),Drama|Fantasy|Mystery,9697
45732,My Super Ex-Girlfriend (2006),Comedy|Fantasy|Romance,4474
45880,Marie Antoinette (2006),Drama|Romance,1887
45950,"Inconvenient Truth, An (2006)",Documentary,1781
46062,High School Musical (2006),Children|Comedy|Drama|Musical|Romance,10947
46322,Jet Li's Fearless (Huo Yuan Jia) (2006),Action|Drama,7549
46335,"Fast and the Furious: Tokyo Drift, The (Fast and the Furious 3, The) (2006)",Action|Crime|Drama|Thriller,9615
46347,Metal: A Headbanger's Journey (2005),Documentary,20604
46530,Superman Returns (2006),Action|Adventure|Sci-Fi|IMAX,1452
46578,Little Miss Sunshine (2006),Adventure|Comedy|Drama,773
46723,Babel (2006),Drama|Thriller,1164
46772,Strangers with Candy (2005),Comedy,13141
46855,Army of Shadows (L'armée des ombres) (1969),Action|Drama|Thriller|War,15383
46865,Little Man (2006),Comedy,9072
46912,Memento Mori (Yeogo goedam II) (1999),Horror,54111
46948,Monster House (2006),Animation|Children|Fantasy|Mystery,9297
46965,Snakes on a Plane (2006),Action|Comedy|Horror|Thriller,326
46967,Scoop (2006),Comedy|Fantasy|Mystery,512
46970,Talladega Nights: The Ballad of Ricky Bobby (2006),Action|Comedy,9718
46972,Night at the Museum (2006),Action|Comedy|Fantasy|IMAX,1593
46974,World Trade Center (2006),Drama,1852
46976,Stranger than Fiction (2006),Comedy|Drama|Fantasy|Romance,1262
47099,"Pursuit of Happyness, The (2006)",Drama,1402
47122,John Tucker Must Die (2006),Comedy|Romance,9293
47124,"Ant Bully, The (2006)",Adventure|Animation|Children|Comedy|Fantasy|IMAX,9906
47200,Crank (2006),Action|Thriller,1948
47306,"Canterbury Tale, A (1944)",Drama|Mystery|War,15696
47382,Step Up (2006),Drama|Romance,9762
47394,"Bon Cop, Bad Cop (2006)",Action|Comedy|Crime|Thriller,15049
47423,Half Nelson (2006),Drama,7859
47491,Adam's Apples (Adams æbler) (2005),Comedy|Drama,1023
47518,Accepted (2006),Comedy,9788
47610,"Illusionist, The (2006)",Drama|Fantasy|Mystery|Romance,1491
47629,The Queen (2006),Drama,1165
47640,Beerfest (2006),Comedy,9988
47810,"Wicker Man, The (2006)",Horror|Mystery|Thriller,9708
47952,"Covenant, The (2006)",Action|Horror|Thriller,9954
47976,Trust the Man (2005),Comedy|Drama|Romance,14057
47997,Idiocracy (2006),Adventure|Comedy|Sci-Fi|Thriller,7512
47999,Jesus Camp (2006),Documentary|Drama,1776
48001,"Bow, The (Hwal) (2005)",Drama|Romance,1963
48032,"Tiger and the Snow, The (La tigre e la neve) (2005)",Comedy|Drama|Romance|War,10846
48043,"Fountain, The (2006)",Drama|Fantasy|Romance,1381
48045,Fear City: A Family-Style Comedy (La cité de la peur) (1994),Comedy,15097
48082,"Science of Sleep, The (La science des rêves) (2006)",Comedy|Drama|Fantasy|Romance,300
48159,Everyone's Hero (2006),Adventure|Animation|Children|Comedy,15213
48165,"Seventh Continent, The (Der siebente Kontinent) (1989)",Drama,32761
48262,"Bridge, The (2006)",Documentary,1666
48304,Apocalypto (2006),Adventure|Drama|Thriller,1579
48322,Jackass Number Two (2006),Comedy|Documentary,12094
48385,Borat: Cultural Learnings of America for Make Benefit Glorious Nation of Kazakhstan (2006),Comedy,496
48394,"Pan's Labyrinth (Laberinto del fauno, El) (2006)",Drama|Fantasy|Thriller,1417
48412,"Guardian, The (2006)",Action|Adventure|Drama,4643
48516,"Departed, The (2006)",Crime|Drama|Thriller,1422
48520,Employee of the Month (2006),Comedy,9794
48536,Dante's Inferno (1935),Action|Drama,164687
48543,Antibodies (Antikörper) (2005),Crime|Drama|Horror|Thriller,8332
48560,Running With Scissors (2006),Comedy|Drama,7510
48591,"Grudge 2, The (2006)",Drama|Horror|Mystery|Thriller,1975
48593,Man of the Year (2006),Comedy|Thriller,9895
48696,Little Children (2006),Drama|Romance,1440
48711,Facing the Giants (2006),Action|Drama,18925
48738,"Last King of Scotland, The (2006)",Drama|Thriller,1523
48744,Shortbus (2006),Comedy|Drama|Romance,1378
48774,Children of Men (2006),Action|Adventure|Drama|Sci-Fi|Thriller,9693
48780,"Prestige, The (2006)",Drama|Mystery|Sci-Fi|Thriller,1124
48783,Flags of Our Fathers (2006),Drama|War,3683
48872,13 Tzameti (2005),Film-Noir|Thriller,6077
48877,Saw III (2006),Crime|Horror|Thriller,214
48909,5 Fingers (1952),Drama|Thriller,59087
48982,Flushed Away (2006),Animation|Comedy,11619
48997,Perfume: The Story of a Murderer (2006),Crime|Drama|Thriller,1427
49130,"Good Year, A (2006)",Comedy|Drama|Romance,9726
49272,Casino Royale (2006),Action|Adventure|Thriller,36557
49274,Happy Feet (2006),Adventure|Animation|Children|Comedy|IMAX,9836
49278,Déjà Vu (Deja Vu) (2006),Action|Sci-Fi|Thriller,7551
49286,"Holiday, The (2006)",Comedy|Romance,1581
49314,Harsh Times (2006),Action|Crime|Drama,7873
49396,Tenacious D in The Pick of Destiny (2006),Adventure|Comedy|Musical,2179
49412,It's A Wonderful World (1939),Comedy|Crime|Romance,47156
49530,Blood Diamond (2006),Action|Adventure|Crime|Drama|Thriller|War,1372
49647,Charlotte's Web (2006),Children|Comedy|Drama|Fantasy,9986
49649,Eragon (2006),Action|Adventure|Fantasy,2486
49651,Rocky Balboa (2006),Action|Drama,1246
49735,Another Gay Movie (2006),Comedy,12795
49793,We Are Marshall (2006),Drama,11170
49815,"Place Promised in Our Early Days, The (Kumo no mukô, yakusoku no basho) (2004)",Animation|Drama|Romance|Sci-Fi|War,12924
49817,"Plague Dogs, The (1982)",Adventure|Animation|Drama,30060
49822,"Good Shepherd, The (2006)",Drama|Thriller,1247
49961,Notes on a Scandal (2006),Drama,1259
50068,Letters from Iwo Jima (2006),Drama|War,1251
50160,Miss Potter (2006),Drama,13967
50183,Loving Annabelle (2006),Drama|Romance,19344
50259,Old Joy (2006),Drama,26518
50442,Alpha Dog (2007),Crime|Drama,7457
50445,"Hitcher, The (2007)",Action|Horror|Thriller,8398
50517,Time (Shi gan) (2006),Drama|Romance,25648
50601,Bridge to Terabithia (2007),Adventure|Children|Fantasy,1265
50685,Waitress (2007),Comedy|Drama|Romance,10758
50792,Catch and Release (2006),Comedy|Drama|Romance,13668
50794,Smokin' Aces (2006),Action|Crime|Drama|Thriller,7516
50798,Epic Movie (2007),Adventure|Comedy,9760
50802,Because I Said So (2007),Comedy|Drama|Romance,1257
50804,Hannibal Rising (2007),Drama|Horror|Thriller,1248
50806,Norbit (2007),Comedy|Romance,9757
50872,Ratatouille (2007),Animation|Children|Drama,2062
50912,"Paris, I Love You (Paris, je t'aime) (2006)",Romance,2266
51077,Ghost Rider (2007),Action|Fantasy|Thriller,1250
51080,Breach (2007),Drama|Thriller,4169
51084,Music and Lyrics (2007),Comedy|Romance,11172
51086,"Number 23, The (2007)",Drama|Mystery|Thriller,3594
51094,Gray Matters (2006),Comedy|Drama|Romance,14845
51255,Hot Fuzz (2007),Action|Comedy|Crime|Mystery,4638
51372,"""Great Performances"" Cats (1998)",Musical,26598
51412,Next (2007),Action|Sci-Fi|Thriller,1738
51498,2001 Maniacs (2005),Comedy|Horror,10845
51540,Zodiac (2007),Crime|Drama|Thriller,1949
51575,Wild Hogs (2007),Adventure|Comedy,11199
51662,300 (2007),Action|Fantasy|War|IMAX,1271
51698,"Last Mimzy, The (2007)",Adventure|Children|Sci-Fi,2267
51705,Priceless (Hors de prix) (2006),Comedy|Romance,6691
51709,"Host, The (Gwoemul) (2006)",Comedy|Drama|Horror|Sci-Fi|Thriller,1255
51834,Becoming Jane (2007),Drama|Romance,2977
51903,I Think I Love My Wife (2007),Comedy|Drama|Romance,14434
51925,Premonition (2007),Drama|Fantasy|Mystery|Thriller,9963
51927,Dead Silence (2007),Horror|Mystery|Thriller,14001
51935,Shooter (2007),Action|Drama|Thriller,7485
51937,"Hills Have Eyes II, The (2007)",Horror|Thriller,9793
52241,"Lookout, The (2007)",Crime|Drama|Thriller,8270
52245,Blades of Glory (2007),Comedy|Romance,9955
52281,Grindhouse (2007),Action|Crime|Horror|Sci-Fi|Thriller,285923
52287,Meet the Robinsons (2007),Action|Adventure|Animation|Children|Comedy|Sci-Fi,1267
52319,Inglorious Bastards (Quel maledetto treno blindato) (1978),Action|Adventure|Drama|War,22311
52328,Sunshine (2007),Adventure|Drama|Sci-Fi|Thriller,1272
52435,How the Grinch Stole Christmas! (1966),Animation|Comedy|Fantasy|Musical,13377
52456,Perfect Stranger (2007),Crime|Drama|Mystery|Thriller,7183
52458,Disturbia (2007),Drama|Thriller,8271
52545,Puccini for Beginners (2006),Comedy|Romance,20405
52572,"Mackintosh Man, The (1973)",Action|Drama|Thriller,32627
52581,"Man - Woman Wanted (Poszukiwany, poszukiwana) (1973)",Comedy,81309
52604,Fracture (2007),Crime|Drama|Mystery|Thriller,6145
52617,Woman on the Beach (Haebyeonui yeoin) (2006),Comedy|Drama,54659
52644,Vacancy (2007),Horror|Thriller,10294
52668,In the Land of Women (2007),Comedy|Drama|Romance,13067
52694,Mr. Bean's Holiday (2007),Comedy,1268
52722,Spider-Man 3 (2007),Action|Adventure|Sci-Fi|Thriller|IMAX,559
52767,21 Up (1977),Documentary,20553
52806,Tales from Earthsea (Gedo Senki) (2006),Adventure|Animation|Fantasy,37933
52867,"Ex, The (2007)",Comedy|Romance,13171
52885,Paprika (Papurika) (2006),Animation|Mystery|Sci-Fi,4977
52929,Red Road (2006),Drama,11705
52950,Day Watch (Dnevnoy dozor) (2006),Action|Fantasy|Horror|Thriller,2269
52952,This Is England (2006),Drama,11798
52967,Away from Her (2006),Drama,1919
52973,Knocked Up (2007),Comedy|Drama|Romance,4964
52975,Hairspray (2007),Comedy|Drama|Musical,2976
53000,28 Weeks Later (2007),Horror|Sci-Fi|Thriller,1562
53002,Georgia Rule (2007),Comedy|Drama|Romance,13159
53121,Shrek the Third (2007),Adventure|Animation|Children|Comedy|Fantasy,810
53123,Once (2006),Drama|Musical|Romance,5723
53125,Pirates of the Caribbean: At World's End (2007),Action|Adventure|Comedy|Fantasy,285
53129,Mr. Brooks (2007),Crime|Drama|Thriller,3432
53140,"Librarian: Quest for the Spear, The (2004)",Action|Adventure|Comedy|Fantasy|Romance,14207
53161,"I'm a Cyborg, But That's OK (Saibogujiman kwenchana) (2006)",Comedy|Drama|Romance|Sci-Fi,5488
53207,88 Minutes (2008),Crime|Drama|Mystery|Thriller,3489
53318,Cashback (2006),Comedy|Drama|Romance,12225
53322,Ocean's Thirteen (2007),Crime|Thriller,298
53447,Paranoid Park (2007),Crime|Drama,1990
53460,Surf's Up (2007),Animation|Children|Comedy,9408
53464,Fantastic Four: Rise of the Silver Surfer (2007),Action|Adventure|Sci-Fi,1979
53519,Death Proof (2007),Action|Adventure|Crime|Horror|Thriller,1991
53550,Rescue Dawn (2006),Action|Adventure|Drama|War,9952
53827,Sybil (1976),Drama,27138
53894,Sicko (2007),Documentary|Drama,2359
53921,"Mighty Heart, A (2007)",Drama|Thriller,1988
53953,1408 (2007),Drama|Horror|Thriller,3021
53956,Death at a Funeral (2007),Comedy,2196
53972,Live Free or Die Hard (2007),Action|Adventure|Crime|Thriller,1571
53993,Evan Almighty (2007),Comedy|Fantasy,2698
53996,Transformers (2007),Action|Sci-Fi|Thriller|IMAX,1858
54001,Harry Potter and the Order of the Phoenix (2007),Adventure|Drama|Fantasy|IMAX,675
54004,I Now Pronounce You Chuck and Larry (2007),Comedy|Romance,3563
54094,Driving Lessons (2006),Comedy|Drama,11404
54121,Broken Arrow (1950),Drama|Romance|Western,37292
54185,Manufactured Landscapes (2006),Documentary,24582
54190,Across the Universe (2007),Drama|Fantasy|Musical|Romance,4688
54229,When the Wind Blows (1986),Animation|War,10857
54259,Stardust (2007),Adventure|Comedy|Fantasy|Romance,2270
54272,"Simpsons Movie, The (2007)",Animation|Comedy,35
54274,I Know Who Killed Me (2007),Crime|Drama|Thriller,5857
54276,No Reservations (2007),Comedy|Drama|Romance,3638
54281,Charlie Bartlett (2007),Comedy|Drama,8669
54286,"Bourne Ultimatum, The (2007)",Action|Crime|Thriller,2503
54503,Superbad (2007),Comedy,8363
54648,Rush Hour 3 (2007),Action|Comedy|Crime|Thriller,5174
54736,"Kingdom, The (2007)",Action|Drama|Thriller,4349
54738,Wind Chill (2007),Drama|Horror|Thriller,14223
54775,War (2007),Action|Thriller,10431
54780,"Nanny Diaries, The (2007)",Comedy|Drama|Romance,12435
54785,Halloween (2007),Horror,2082
54881,"King of Kong, The (2007)",Documentary,13958
54978,"Good Night, The (2007)",Comedy|Drama|Fantasy|Musical|Romance,13501
54995,Planet Terror (2007),Action|Horror|Sci-Fi,1992
54997,3:10 to Yuma (2007),Action|Crime|Drama|Western,5176
55052,Atonement (2007),Drama|Romance|War,4347
55069,"4 Months, 3 Weeks and 2 Days (4 luni, 3 saptamâni si 2 zile) (2007)",Drama,2009
55080,"Brave One, The (2007)",Crime|Drama|Thriller,4413
55094,In the Valley of Elah (2007),Drama|Mystery,6973
55116,"Hunting Party, The (2007)",Action|Adventure|Comedy|Drama|Thriller,5353
55118,Eastern Promises (2007),Crime|Drama|Thriller,2252
55167,Tekkonkinkreet (Tekkon kinkurîto) (2006),Action|Adventure|Animation|Crime|Fantasy,13754
55176,In the Shadow of the Moon (2007),Documentary,14284
55207,Cashback (2004),Comedy|Drama,244797
55232,Resident Evil: Extinction (2007),Action|Horror|Sci-Fi|Thriller,7737
55241,Mr. Woodcock (2007),Comedy,13257
55245,Good Luck Chuck (2007),Comedy|Romance,10030
55247,Into the Wild (2007),Action|Adventure|Drama,5915
55253,"Lust, Caution (Se, jie) (2007)",Drama|Romance|Thriller|War,4588
55261,"Heartbreak Kid, The (2007)",Comedy|Drama|Romance,9038
55267,Dan in Real Life (2007),Comedy|Drama|Romance,7211
55269,"Darjeeling Limited, The (2007)",Adventure|Comedy|Drama,4538
55274,Elizabeth: The Golden Age (2007),Drama,4517
55276,Michael Clayton (2007),Drama|Thriller,4566
55280,Lars and the Real Girl (2007),Comedy|Drama,6615
55282,30 Days of Night (2007),Horror|Thriller,4513
55290,Gone Baby Gone (2007),Crime|Drama|Mystery,4771
55363,"Assassination of Jesse James by the Coward Robert Ford, The (2007)",Crime|Drama|Western,4512
55369,Chronicle of a Summer (Chronique d'un été) (1961),Documentary,84972
55442,Persepolis (2007),Animation|Drama,2011
55444,Control (2007),Drama,5708
55555,"Edge of Heaven, The (Auf der anderen Seite) (2007)",Drama,2014
55577,Saw IV (2007),Crime|Horror|Thriller,663
55620,For the Bible Tells Me So (2007),Documentary,15651
55687,My Kid Could Paint That (2007),Documentary,14279
55705,Secret Sunshine (Milyang) (2007),Comedy|Drama|Romance,2015
55721,Elite Squad (Tropa de Elite) (2007),Action|Crime|Drama|Thriller,7347
55765,American Gangster (2007),Crime|Drama|Thriller,4982
55768,Bee Movie (2007),Animation|Comedy,5559
55805,Before the Devil Knows You're Dead (2007),Crime|Drama|Thriller,7972
55814,"Diving Bell and the Butterfly, The (Scaphandre et le papillon, Le) (2007)",Drama,2013
55820,No Country for Old Men (2007),Crime|Drama,6977
55830,Be Kind Rewind (2008),Comedy,4953
55844,Itty Bitty Titty Committee (2007),Comedy|Drama|Romance,10520
55851,Crazy Love (2007),Documentary,26336
55872,August Rush (2007),Drama|Musical,5123
55901,"You, the Living (Du levande) (2007)",Comedy|Drama|Musical,5817
55908,"Man from Earth, The (2007)",Drama|Sci-Fi,13363
55955,Fred Claus (2007),Children|Comedy|Fantasy,5375
55995,Beowulf (2007),Action|Adventure|Animation|Fantasy|IMAX,2310
55999,Mr. Magorium's Wonder Emporium (2007),Children|Comedy|Fantasy,2284
56079,Smiley Face (2007),Comedy,13168
56145,"Mist, The (2007)",Horror|Sci-Fi,5876
56152,Enchanted (2007),Adventure|Animation|Children|Comedy|Fantasy|Musical|Romance,4523
56156,Hitman (2007),Action|Crime|Thriller,1620
56165,P2 (2007),Horror|Thriller,13474
56171,"Golden Compass, The (2007)",Adventure|Children|Fantasy,2268
56174,I Am Legend (2007),Action|Horror|Sci-Fi|Thriller|IMAX,6479
56176,Alvin and the Chipmunks (2007),Children|Comedy,6477
56339,"Orphanage, The (Orfanato, El) (2007)",Drama|Horror|Mystery|Thriller,6537
56367,Juno (2007),Comedy|Drama|Romance,7326
56389,My Blueberry Nights (2007),Drama|Romance,1989
56432,"Swimming Pool, The (La piscine) (1969)",Crime|Drama,4946
56563,Helvetica (2007),Documentary,13348
56587,"Bucket List, The (2007)",Comedy|Drama,7350
56715,Wristcutters: A Love Story (2006),Drama|Fantasy|Romance,13198
56719,Vitus (2006),Drama,14804
56744,Longford (2006),Crime|Drama,36328
56757,Sweeney Todd: The Demon Barber of Fleet Street (2007),Drama|Horror|Musical|Thriller,13885
56775,National Treasure: Book of Secrets (2007),Action|Adventure,6637
56782,There Will Be Blood (2007),Drama|Western,7345
56788,Charlie Wilson's War (2007),Comedy|Drama|War,6538
56801,AVPR: Aliens vs. Predator - Requiem (2007),Action|Horror|Sci-Fi,440
56805,Walk Hard: The Dewey Cox Story (2007),Comedy|Musical,6575
56885,"Great Debaters, The (2007)",Drama,14047
56941,P.S. I Love You (2007),Comedy|Drama|Romance,6023
56949,27 Dresses (2008),Comedy|Romance,6557
57183,Like Stars on Earth (Taare Zameen Par) (2007),Drama,7508
57223,D-War (Dragon Wars) (2007),Action|Adventure|Drama|Fantasy,10253
57243,"Band's Visit, The (Bikur Ha-Tizmoret) (2007)",Comedy|Drama,5259
57274,[REC] (2007),Drama|Horror|Thriller,8329
57368,Cloverfield (2008),Action|Mystery|Sci-Fi|Thriller,7191
57504,"Girl Who Leapt Through Time, The (Toki o kakeru shôjo) (2006)",Animation|Comedy|Drama|Romance|Sci-Fi,14069
57520,One Missed Call (2008),Horror|Mystery|Thriller,6933
57528,Rambo (Rambo 4) (2008),Action|Drama|Thriller|War,7555
57534,"Eye, The (2008)",Drama|Horror|Thriller,9030
57543,Fallen Art (Sztuka spadania) (2004),Action|Animation|Comedy,27357
57640,Hellboy II: The Golden Army (2008),Action|Adventure|Fantasy|Sci-Fi,11253
57669,In Bruges (2008),Comedy|Crime|Drama|Thriller,8321
57772,World on a Wire (Welt am Draht) (1973),Crime|Sci-Fi,53094
57951,Fool's Gold (2008),Action|Adventure|Comedy|Romance,8676
58025,Jumper (2008),Action|Adventure|Drama|Sci-Fi|Thriller,8247
58047,"Definitely, Maybe (2008)",Comedy|Drama|Romance,8390
58078,"Air I Breathe, The (2007)",Crime|Drama|Romance|Thriller,13641
58103,Vantage Point (2008),Action|Drama|Thriller,7461
58105,"Spiderwick Chronicles, The (2008)",Adventure|Children|Drama|Fantasy|IMAX,8204
58107,Step Up 2 the Streets (2008),Drama|Musical|Romance,8328
58111,Jodhaa Akbar (2008),Drama|Musical|Romance|War,14073
58154,"Other Boleyn Girl, The (2008)",Drama|Romance,12184
58156,Semi-Pro (2008),Comedy,13260
58191,Taxi to the Dark Side (2007),Documentary,13362
58293,"10,000 BC (2008)",Adventure|Romance|Thriller,7840
58295,"Bank Job, The (2008)",Action|Crime|Thriller,8848
58297,Doomsday (2008),Action|Drama|Sci-Fi|Thriller,13460
58299,Horton Hears a Who! (2008),Adventure|Animation|Children|Comedy,12222
58301,Funny Games U.S. (2007),Drama|Thriller,8461
58303,"Counterfeiters, The (Die Fälscher) (2007)",Crime|Drama|War,7862
58315,"Love Guru, The (2008)",Comedy,12177
58376,Zeitgeist: The Movie (2007),Documentary|War,13016
58490,Miss Pettigrew Lives for a Day (2008),Comedy|Romance,12178
58559,"Dark Knight, The (2008)",Action|Crime|Drama|IMAX,155
58578,Restless Natives (1985),Adventure|Comedy|Drama,29907
58627,Never Back Down (2008),Action,8456
58709,Tropical Malady (Sud pralad) (2004),Drama|Fantasy|Romance,11534
58803,21 (2008),Crime|Drama|Romance|Thriller,8065
58806,Smart People (2008),Comedy|Drama|Romance,12890
58839,Leatherheads (2008),Comedy|Drama|Romance,4942
58975,"Ruins, The (2008)",Horror|Thriller,11152
58998,Forgetting Sarah Marshall (2008),Comedy|Romance,9870
59016,Street Kings (2008),Crime|Drama|Thriller,1266
59018,"Visitor, The (2007)",Drama|Romance,12473
59022,Harold & Kumar Escape from Guantanamo Bay (2008),Adventure|Comedy,13335
59103,"Forbidden Kingdom, The (2008)",Action|Adventure|Comedy|Fantasy,1729
59126,Religulous (2008),Comedy|Documentary,13007
59258,Baby Mama (2008),Comedy,8780
59260,"Unknown Woman, The (La Sconosciuta) (2006)",Drama|Mystery|Thriller,10886
59306,Prom Night (2008),Horror|Mystery|Thriller,8617
59315,Iron Man (2008),Action|Adventure|Sci-Fi,1726
59333,Made of Honor (2008),Comedy|Romance,10761
59369,Taken (2008),Action|Crime|Drama|Thriller,8681
59387,"Fall, The (2006)",Adventure|Drama|Fantasy,14784
59418,"American Crime, An (2007)",Crime,13008
59421,What Happens in Vegas... (2008),Comedy|Romance,9029
59501,"Chronicles of Narnia: Prince Caspian, The (2008)",Adventure|Children|Fantasy,2454
59549,Shelter (2007),Drama|Romance,17483
59615,Indiana Jones and the Kingdom of the Crystal Skull (2008),Action|Adventure|Comedy|Sci-Fi,217
59669,Following Sean (2005),Documentary,82437
59684,Lake of Fire (2006),Documentary,44260
59725,Sex and the City (2008),Comedy|Romance,4564
59727,"Strangers, The (2008)",Horror|Thriller,10665
59784,Kung Fu Panda (2008),Action|Animation|Children|Comedy|IMAX,9502
59900,You Don't Mess with the Zohan (2008),Comedy,10661
60040,"Incredible Hulk, The (2008)",Action|Sci-Fi,1724
60069,WALL·E (2008),Adventure|Animation|Children|Romance|Sci-Fi,10681
60072,Wanted (2008),Action|Thriller,8909
60074,Hancock (2008),Action|Adventure|Comedy|Crime|Fantasy,8960
60126,Get Smart (2008),Action|Comedy,11665
60201,"Color of Pomegranates, The (Sayat Nova) (1968)",Drama,26302
60291,Gonzo: The Life and Work of Dr. Hunter S. Thompson (2008),Documentary,13003
60333,Encounters at the End of the World (2008),Documentary,12172
60376,White Light/Black Rain: The Destruction of Hiroshima and Nagasaki (2007),Documentary|Horror|War,33588
60397,Mamma Mia! (2008),Comedy|Musical|Romance,11631
60514,Journey to the Center of the Earth (2008),Action|Adventure|Sci-Fi,88751
60516,Meet Dave (2008),Adventure|Children|Comedy|Romance|Sci-Fi,11260
60551,Breath (Soom) (2007),Drama,25647
60684,Watchmen (2009),Action|Drama|Mystery|Sci-Fi|Thriller|IMAX,13183
60753,Felon (2008),Crime|Drama,13012
60756,Step Brothers (2008),Comedy,12133
60760,"X-Files: I Want to Believe, The (2008)",Drama|Mystery|Sci-Fi|Thriller,8836
60766,Man on Wire (2008),Documentary,14048
60937,"Mummy: Tomb of the Dragon Emperor, The (2008)",Action|Adventure|Fantasy|Thriller,1735
60941,"Midnight Meat Train, The (2008)",Horror|Mystery|Thriller,10185
60950,Vicky Cristina Barcelona (2008),Comedy|Drama|Romance,5038
61024,Pineapple Express (2008),Action|Comedy|Crime,10189
61123,High School Musical 2 (2007),Comedy|Drama|Musical|Romance,13649
61132,Tropic Thunder (2008),Action|Adventure|Comedy|War,7446
61160,Star Wars: The Clone Wars (2008),Action|Adventure|Animation|Sci-Fi,12180
61236,Waltz with Bashir (Vals im Bashir) (2008),Animation|Documentary|Drama|War,8885
61240,Let the Right One In (Låt den rätte komma in) (2008),Drama|Fantasy|Horror|Romance,13310
61246,Hamlet 2 (2008),Comedy,12621
61248,Death Race (2008),Action|Adventure|Sci-Fi|Thriller,10483
61255,"Rocker, The (2008)",Comedy,10186
61262,Mirrors (2008),Horror|Mystery|Thriller,13515
61323,Burn After Reading (2008),Comedy|Crime|Drama,4944
61348,Disaster Movie (2008),Comedy,13805
61350,Babylon A.D. (2008),Action|Adventure|Sci-Fi|Thriller,9381
61352,Traitor (2008),Crime|Drama|Thriller,13291
61361,"Women, The (2008)",Comedy|Drama,13972
61401,"Spirit, The (2008)",Action|Comedy|Fantasy|Thriller,8285
61465,Bangkok Dangerous (2008),Action|Crime|Thriller,13184
61493,Flash Point (a.k.a. Flashpoint) (Dou fo sin) (2007),Action,35854
61697,Righteous Kill (2008),Crime|Mystery|Thriller,13389
61705,Lakeview Terrace (2008),Drama|Thriller,13279
61729,Ghost Town (2008),Comedy|Fantasy|Romance,12797
62049,1984 (1956),Drama|Sci-Fi,1984
62081,Eagle Eye (2008),Action|Crime|Thriller|IMAX,13027
62155,Nick and Norah's Infinite Playlist (2008),Comedy|Drama|Romance,12182
62198,Marjoe (1972),Documentary,38616
62203,Martyrs (2008),Horror,9539
62265,"Accidental Husband, The (2009)",Comedy|Romance,13401
62344,Rachel Getting Married (2008),Drama|Romance,14976
62374,Body of Lies (2008),Action|Drama|Thriller,12113
62376,City of Ember (2008),Adventure|Children|Sci-Fi,13600
62394,Max Payne (2008),Action|Crime|Drama|Thriller,13051
62434,Zack and Miri Make a Porno (2008),Comedy|Drama|Romance,10358
62439,My Best Friend's Girl (2008),Comedy|Romance,13596
62511,"Synecdoche, New York (2008)",Comedy|Drama,4960
62553,"Secret Life of Bees, The (2008)",Drama,12837
62644,"Wave, The (Welle, Die) (2008)",Drama,7735
62849,RocknRolla (2008),Action|Crime,13809
62912,High School Musical 3: Senior Year (2008),Musical,11887
62999,Madagascar: Escape 2 Africa (2008),Action|Adventure|Animation|Children|Comedy|IMAX,10527
63001,Admiral (2008),Drama|War,13506
63062,Changeling (2008),Crime|Drama|Mystery,3580
63072,"Road, The (2009)",Adventure|Drama|Thriller,20766
63082,Slumdog Millionaire (2008),Crime|Drama|Romance,12405
63113,Quantum of Solace (2008),Action|Adventure|Thriller,10764
63131,Role Models (2008),Comedy,15373
63189,Sauna (2008),Horror|Mystery,16166
63222,JCVD (2008),Action|Drama|Thriller,13672
63436,Saw V (2008),Crime|Horror|Thriller,11917
63479,Sex Drive (2008),Comedy,13523
63540,Beverly Hills Chihuahua (2008),Adventure|Children|Comedy,14405
63808,"Class, The (Entre les murs) (2008)",Drama,8841
63826,Splinter (2008),Action|Horror|Thriller,13220
63828,Confessions of a Superhero (2007),Documentary,16509
63853,Australia (2008),Adventure|Drama|War|Western,6972
63859,Bolt (2008),Action|Adventure|Animation|Children|Comedy,13053
63876,Milk (2008),Drama,10139
63992,Twilight (2008),Drama|Fantasy|Romance|Thriller,8966
64030,Transporter 3 (2008),Action|Adventure|Crime|Thriller,13387
64032,Four Christmases (2008),Comedy,12193
64034,"Boy in the Striped Pajamas, The (Boy in the Striped Pyjamas, The) (2008)",Drama|War,14574
64114,Fireproof (2008),Drama|Romance,14438
64197,Hunger (2008),Drama,10360
64229,Cadillac Records (2008),Drama|Musical,14299
64231,Punisher: War Zone (2008),Action|Crime|Drama|Thriller,13056
64497,"Day the Earth Stood Still, The (2008)",Drama|Sci-Fi|Thriller|IMAX,10200
64575,Doubt (2008),Drama|Mystery,14359
64614,Gran Torino (2008),Crime|Drama,13223
64620,Frost/Nixon (2008),Drama,11499
64622,"Reader, The (2008)",Drama|Romance,8055
64701,I've Loved You So Long (Il y a longtemps que je t'aime) (2008),Drama|Mystery,8276
64716,Seven Pounds (2008),Drama,11321
64839,"Wrestler, The (2008)",Drama,12163
64957,"Curious Case of Benjamin Button, The (2008)",Drama|Fantasy|Mystery|Romance,4922
64969,Yes Man (2008),Comedy,10201
64983,Valkyrie (2008),Drama|Thriller|War,2253
64993,5 Centimeters per Second (Byôsoku 5 senchimêtoru) (2007),Animation|Drama|Romance,38142
64997,War of the Worlds (2005),Action|Sci-Fi,34812
65088,Bedtime Stories (2008),Adventure|Children|Comedy,10202
65130,Revolutionary Road (2008),Drama|Romance,4148
65188,Dear Zachary: A Letter to a Son About His Father (2008),Documentary,15584
65216,Defiance (2008),Drama|Thriller|War,13813
65230,Marley & Me (2008),Comedy|Drama,14306
65261,Ponyo (Gake no ue no Ponyo) (2008),Adventure|Animation|Children|Fantasy,12429
65418,Wendy and Lucy (2008),Drama,8942
65465,Last Chance Harvey (2008),Drama|Romance,16409
65514,Ip Man (2008),Action|Drama|War,14756
65603,Blood and Bones (Chi to hone) (2004),Drama,21966
65612,Castaway (1986),Adventure|Drama,52886
65660,"Secret of the Grain, The (La graine et le mulet) (2007)",Drama,8280
65669,"Streaks, The (Pregi) (2004)",Drama,36402
65682,Underworld: Rise of the Lycans (2009),Action|Fantasy|Horror|Thriller,12437
65685,Inkheart (2008),Adventure|Fantasy,2309
65709,This Filthy World (2006),Comedy|Documentary,47658
65772,"Lazarus Project, The (2008)",Drama|Thriller,13825
65802,Paul Blart: Mall Cop (2009),Action|Comedy|Crime,14560
65939,Kummeli Goldrush (Kummeli kultakuume) (1997),Comedy,38205
65982,Outlander (2008),Action|Adventure|Sci-Fi,10529
66090,Eden Lake (2008),Horror|Thriller,13510
66097,Coraline (2009),Animation|Fantasy|Thriller,14836
66130,Chocolate (2008),Action|Drama,15003
66171,Push (2009),Sci-Fi|Thriller,13455
66198,"International, The (2009)",Drama|Thriller,4959
66200,Two Lovers (2008),Drama|Romance,10362
66203,He's Just Not That Into You (2009),Comedy|Drama|Romance,10184
66246,Numbskull Emptybrook (Uuno Turhapuro) (1973),Comedy,36764
66323,Daddy (Tato) (1995),Drama,135938
66371,Departures (Okuribito) (2008),Drama,16804
66385,Taking Chance (2009),Drama|War,25405
66509,Funny People (2009),Comedy|Drama,20829
66659,Tyler Perry's Madea Goes to Jail (2009),Comedy|Crime|Drama,15670
66665,Away We Go (2009),Comedy|Drama|Romance,19255
66691,"Thick as Thieves (a.k.a. Code, The) (2009)",Crime,14979
66762,Paris (2008),Comedy|Drama|Romance,8279
66785,"Good, the Bad, the Weird, The (Joheunnom nabbeunnom isanghannom) (2008)",Action|Adventure|Comedy|Western,15067
66798,"Pink Panther 2, The (2009)",Adventure|Comedy|Mystery,15159
66897,Expecting Love (Mala wielka milosc) (2008),Comedy|Romance,47497
66915,Rock-A-Doodle (1991),Adventure|Animation|Children|Musical,20421
66934,Dr. Horrible's Sing-Along Blog (2008),Comedy|Drama|Musical|Sci-Fi,14301
67087,"I Love You, Man (2009)",Comedy,16538
67193,Duplicity (2009),Crime|Romance|Thriller,16558
67197,Knowing (2009),Action|Drama|Mystery|Sci-Fi|Thriller,13811
67252,Ong-Bak 2: The Beginning (Ong Bak 2) (2008),Action,16353
67255,"Girl with the Dragon Tattoo, The (Män som hatar kvinnor) (2009)",Crime|Drama|Mystery|Thriller,15472
67267,Sunshine Cleaning (2008),Comedy|Drama,13090
67314,Never Ever! (Nigdy w zyciu!) (2004),Comedy|Romance,143240
67363,Jasminum (2006),Comedy|Drama,113321
67408,Monsters vs. Aliens (2009),Animation|Sci-Fi|IMAX,15512
67501,Kogel mogel (1988),Comedy,36392
67508,"Baader Meinhof Komplex, Der (2008)",Action|Crime|Drama|Thriller,6968
67665,Anvil! The Story of Anvil (2008),Documentary|Musical,18094
67734,Adventureland (2009),Comedy|Drama,16614
67788,Confessions of a Shopaholic (2009),Comedy|Romance,20048
67867,Dragonball Evolution (2009),Action|Adventure|Fantasy|Sci-Fi,14164
67907,Kiler (1997),Comedy|Crime,31132
67923,"Fast & Furious (Fast and the Furious 4, The) (2009)",Action|Crime|Drama|Thriller,13804
67997,In the Loop (2009),Comedy,19833
68073,Pirate Radio (2009),Comedy|Drama,18947
68099,Apollo 13: To the Edge and Back (1994),Documentary,128857
68135,17 Again (2009),Comedy|Drama,16996
68157,Inglourious Basterds (2009),Action|Drama|War,16869
68159,State of Play (2009),Crime|Drama|Thriller,16995
68194,"Damned United, The (2009)",Drama,21641
68205,Crank: High Voltage (2009),Action|Comedy|Crime,15092
68226,Two Kilers (Kilerów 2-óch) (1999),Comedy|Crime,38872
68237,Moon (2009),Drama|Mystery|Sci-Fi|Thriller,17431
68319,X-Men Origins: Wolverine (2009),Action|Sci-Fi|Thriller,2080
68324,"Girlfriend Experience, The (2009)",Drama,17680
68358,Star Trek (2009),Action|Adventure|Sci-Fi|IMAX,13475
68392,Happy Campers (2001),Comedy,24273
68541,"Emergency Escape, The (Wyjscie awaryjne) (1982)",Comedy,38869
68554,Angels & Demons (2009),Crime|Drama|Mystery|Thriller,13448
68659,Fanboys (2009),Adventure|Comedy|Drama,13532
68791,Terminator Salvation (2009),Action|Adventure|Sci-Fi|Thriller,534
68793,Night at the Museum: Battle of the Smithsonian (2009),Action|Comedy|IMAX,18360
68835,Were the World Mine (2008),Adventure|Fantasy|Musical|Romance,19375
68868,Our Folks (Sami swoi) (1967),Comedy,8211
68874,"Jeanne Dielman, 23 Quai du Commerce, 1080 Bruxelles (1975)",Drama,44012
68941,"Last House on the Left, The (2009)",Drama|Horror|Thriller,18405
68952,Drag Me to Hell (2009),Comedy|Horror,16871
68954,Up (2009),Adventure|Animation|Children|Drama,14160
68963,Easy Virtue (2008),Comedy|Romance,16899
68965,Dance Flick (2009),Comedy|Musical,21724
69122,"Hangover, The (2009)",Comedy|Crime,18785
69134,Antichrist (2009),Drama|Fantasy,17609
69203,Show (2003),Comedy|Crime|Drama,200796
69253,New in Town (2009),Comedy|Romance,14536
69275,Dead Snow (Død snø) (2009),Action|Adventure|Comedy|Horror,14451
69278,Land of the Lost (2009),Action|Adventure|Comedy|Sci-Fi,18162
69304,Imagine That (2009),Comedy|Drama|Fantasy,19724
69306,"Taking of Pelham 1 2 3, The (2009)",Crime|Drama|Thriller,18487
69406,"Proposal, The (2009)",Comedy|Romance,18240
69436,Year One (2009),Adventure|Comedy,17610
69458,Tyson (2008),Documentary,8940
69481,"Hurt Locker, The (2008)",Action|Drama|Thriller|War,12162
69489,How I Unleashed World War II (Jak rozpetalem II wojne swiatowa) (1970),Comedy|War,75015
69524,Raiders of the Lost Ark: The Adaptation (1989),Action|Adventure|Thriller,62128
69526,Transformers: Revenge of the Fallen (2009),Action|Adventure|Sci-Fi|IMAX,8373
69604,Whatever Works (2009),Comedy|Romance,19265
69606,Ghosts of Girlfriends Past (2009),Comedy|Fantasy|Romance,12556
69640,Public Enemies (2009),Crime|Drama|Thriller,11322
69644,Ice Age: Dawn of the Dinosaurs (2009),Action|Adventure|Animation|Children|Comedy|Romance,8355
69712,My Sister's Keeper (2009),Drama,10024
69757,(500) Days of Summer (2009),Comedy|Drama|Romance,19913
69784,Brüno (Bruno) (2009),Comedy,18480
69844,Harry Potter and the Half-Blood Prince (2009),Adventure|Fantasy|Mystery|Romance|IMAX,767
69945,"Fast and the Furious, The (1955)",Crime|Mystery,20174
69951,"Imaginarium of Doctor Parnassus, The (2009)",Drama|Fantasy,8054
70093,Cheri (2009),Romance,22215
70159,Orphan (2009),Drama|Horror|Mystery|Thriller,21208
70183,"Ugly Truth, The (2009)",Comedy|Drama|Romance,20943
70286,District 9 (2009),Mystery|Sci-Fi|Thriller,17654
70293,Julie & Julia (2009),Comedy|Drama|Romance,24803
70336,G.I. Joe: The Rise of Cobra (2009),Action|Adventure|Sci-Fi|Thriller,14869
70342,Séraphine (2008),Drama|War,14415
70565,"Goods: Live Hard, Sell Hard, The (2009)",Comedy,19905
70567,Adam (2009),Drama|Romance,22051
70599,"Time Traveler's Wife, The (2009)",Drama|Romance|Sci-Fi,24420
70862,It Might Get Loud (2008),Documentary,22492
70932,My Life in Ruins (2009),Comedy,23049
70984,Taking Woodstock (2009),Comedy,26320
70994,Halloween II (2009),Horror|Thriller,24150
71033,"Secret in Their Eyes, The (El secreto de sus ojos) (2009)",Crime|Drama|Mystery|Romance|Thriller,25376
71057,9 (2009),Adventure|Animation|Sci-Fi,12244
71108,"White Ribbon, The (Das weiße Band) (2009)",Drama|Mystery,37903
71131,"Most Hated Family in America, The (2007)",Documentary,63581
71135,Pandorum (2009),Horror|Sci-Fi|Thriller,19898
71156,"Men Who Stare at Goats, The (2009)",Action|Comedy|Drama,10313
71205,Jennifer's Body (2009),Comedy|Horror|Sci-Fi|Thriller,19994
71252,"Final Destination, The (Final Destination 4) (Final Destination in 3-D, The) (2009)",Horror|Thriller,19912
71254,Gamer (2009),Action|Sci-Fi|Thriller,18501
71264,Cloudy with a Chance of Meatballs (2009),Animation|Children|Fantasy|IMAX,22794
71282,"Food, Inc. (2008)",Documentary,18570
71304,Thirst (Bakjwi) (2009),Drama|Horror,22536
71325,Love Happens (2009),Comedy|Drama|Romance,25643
71379,Paranormal Activity (2009),Horror|Thriller,23827
71429,World's Greatest Dad (2009),Comedy|Drama,20178
71438,Still Walking (Aruitemo aruitemo) (2008),Drama,25050
71450,Capitalism: A Love Story (2009),Documentary,22074
71462,"Cove, The (2009)",Documentary,23128
71464,"Serious Man, A (2009)",Comedy|Drama,12573
71472,"Cameraman's Revenge, The (Mest kinematograficheskogo operatora) (1912)",Animation|Comedy,90056
71484,Metropia (2009),Animation|Sci-Fi,36800
71500,Trick 'r Treat (2007),Comedy|Horror|Thriller,23202
71520,"Invention of Lying, The (2009)",Comedy,23082
71530,Surrogates (2009),Action|Sci-Fi|Thriller,19959
71535,Zombieland (2009),Action|Comedy|Horror,19908
71550,Assassination of a High School President (2008),Comedy|Drama|Mystery,18176
71573,Whiteout (2009),Action|Crime|Drama|Mystery|Thriller,22787
71668,Couples Retreat (2009),Comedy|Romance,19899
71670,All About Steve (2009),Comedy,23706
71691,Fifty Dead Men Walking (2008),Action|Drama|Thriller,17622
71730,"Windmill Movie, The (2008)",Documentary,70569
71745,Where the Wild Things Are (2009),Adventure|Children|Drama|Fantasy|IMAX,16523
71838,Law Abiding Citizen (2009),Drama|Thriller,22803
71878,"Stepfather, The (2009)",Horror|Thriller,19904
71902,Spread (2009),Drama|Romance,19918
72011,Up in the Air (2009),Drama|Romance,22947
72129,Saw VI (2009),Crime|Horror|Mystery|Thriller,22804
72209,Astro Boy (2009),Action|Animation|Children|Sci-Fi,16577
72226,Fantastic Mr. Fox (2009),Adventure|Animation|Children|Comedy|Crime,10315
72261,"Pebble and the Penguin, The (1995)",Animation|Musical,54648
72294,"Christmas Carol, A (2009)",Animation|Children|Drama|Fantasy|IMAX,17979
72356,Partly Cloudy (2009),Animation|Children|Comedy|Fantasy,24480
72378,2012 (2009),Action|Drama|Sci-Fi|Thriller,14161
72380,"Box, The (2009)",Drama|Horror|Mystery|Sci-Fi|Thriller,22825
72386,Broken Embraces (Los abrazos rotos) (2009),Drama|Romance|Thriller,8088
72395,Precious (2009),Drama,25793
72407,"Twilight Saga: New Moon, The (2009)",Drama|Fantasy|Horror|Romance|Thriller,18239
72479,"Messenger, The (2009)",Drama|Romance|War,28089
72489,Ninja Assassin (2009),Action|Crime|Drama|Thriller,22832
72641,"Blind Side, The  (2009)",Drama,22881
72701,Planet 51 (2009),Adventure|Animation|Children|Comedy|Sci-Fi,16866
72720,"Single Man, A (2009)",Drama,34653
72731,"Lovely Bones, The (2009)",Crime|Drama|Fantasy|Horror|Thriller,7980
72733,Invictus (2009),Drama,22954
72737,"Princess and the Frog, The (2009)",Animation|Children|Fantasy|Musical|Romance,10198
72947,Make the Yuletide Gay (2009),Comedy|Romance,26032
72998,Avatar (2009),Action|Adventure|Sci-Fi|IMAX,19995
73000,Nine (2009),Drama|Musical|Romance,10197
73015,It's Complicated (2009),Comedy|Romance,22897
73017,Sherlock Holmes (2009),Action|Crime|Mystery|Thriller,10528
73101,Looking for Eric (2009),Comedy|Drama|Fantasy,18898
73266,Youth in Revolt (2009),Comedy|Drama|Romance,22327
73268,Daybreakers (2010),Action|Drama|Horror|Thriller,19901
73276,"Age of Stupid, The (2009)",Documentary,24458
73290,Hachiko: A Dog's Story (a.k.a. Hachi: A Dog's Tale) (2009),Drama,28178
73319,Leap Year (2010),Comedy|Romance,25195
73321,"Book of Eli, The (2010)",Action|Adventure|Drama,20504
73323,"Girl Who Kicked the Hornet's Nest, The (Luftslottet som sprängdes) (2009)",Action|Crime|Mystery,33613
73511,Horsemen (2009),Crime|Drama|Horror|Mystery|Thriller,18476
73808,"Chaser, The (Chugyeogja) (2008)",Crime|Drama|Thriller,13855
73854,"Rudolph, the Red-Nosed Reindeer (1964)",Adventure|Animation|Children|Fantasy|Musical,13382
73858,"Dennis the Menace Christmas, A (2007)",Comedy,13358
73881,3 Idiots (2009),Comedy|Drama|Romance,20453
74154,When in Rome (2010),Comedy|Romance,13477
74228,Triangle (2009),Drama|Horror|Mystery|Thriller,26466
74275,I Love You Phillip Morris (2009),Comedy|Drama|Romance,8952
74370,"House of the Devil, The (2009)",Horror|Thriller,25983
74450,Valentine's Day (2010),Comedy|Romance,32856
74458,Shutter Island (2010),Drama|Mystery|Thriller,11324
74510,"Girl Who Played with Fire, The (Flickan som lekte med elden) (2009)",Action|Crime|Drama|Mystery|Thriller,24253
74530,Percy Jackson & the Olympians: The Lightning Thief (2010),Adventure|Fantasy,32657
74532,Cop Out (2010),Action|Comedy|Crime,23742
74545,"Ghost Writer, The (2010)",Drama|Mystery|Thriller,11439
74553,"Secret of Kells, The (2009)",Animation|Fantasy,26963
74624,Agora (2009),Adventure|Drama|Romance,26428
74668,District 13: Ultimatum (Banlieue 13 - Ultimatum) (2009),Action|Sci-Fi,15357
74685,"Crazies, The (2010)",Action|Drama|Horror|Sci-Fi|Thriller,29427
74688,Dear John (2010),Drama|Romance|War,22971
74727,Gentlemen of Fortune (Dzhentlmeny udachi) (1972),Comedy|Crime|Drama|Mystery,20871
74750,[REC]² (2009),Horror|Thriller,10664
74787,My Name is Khan (2010),Drama|Romance,26022
74789,Alice in Wonderland (2010),Adventure|Fantasy|IMAX,12155
74795,Green Zone (2010),Action|Drama|Thriller|War,22972
74851,From Paris with Love (2010),Action|Crime,26389
74868,Dorian Gray (2009),Drama|Horror|Sci-Fi,23488
74916,Greenberg (2010),Comedy|Drama,27583
74944,Brooklyn's Finest (2010),Crime|Drama|Thriller,26390
74946,She's Out of My League (2010),Comedy,34016
75341,Remember Me (2010),Drama|Romance,23169
75805,"Bounty Hunter, The (2010)",Action|Comedy|Romance,27573
75813,Leaves of Grass (2009),Comedy|Crime|Drama|Thriller,12834
76030,Case 39 (2009),Horror|Thriller,28355
76077,Hot Tub Time Machine (2010),Comedy|Sci-Fi,23048
76079,Chloe (2009),Drama|Thriller,28211
76093,How to Train Your Dragon (2010),Adventure|Animation|Children|Fantasy|IMAX,10191
76127,"You're a Good Man, Charlie Brown (1985)",Animation|Comedy|Musical,51330
76158,Air Doll (Kûki ningyô) (2009),Drama,25053
76173,Micmacs (Micmacs à tire-larigot) (2009),Comedy|Crime,27936
76175,Clash of the Titans (2010),Action|Adventure|Drama|Fantasy,18823
76251,Kick-Ass (2010),Action|Comedy,23483
76818,Cape No. 7 (Hái-kak chhit-ho) (2008),Comedy|Drama|Romance,19939
76866,Until the Light Takes Us (2008),Documentary,36124
77206,Diary of a Wimpy Kid (2010),Children|Comedy,33217
77240,I Am Love (Io sono l'amore) (2009),Drama|Romance,41110
77307,Dogtooth (Kynodontas) (2009),Drama,38810
77455,Exit Through the Gift Shop (2010),Comedy|Documentary,39452
77561,Iron Man 2 (2010),Action|Adventure|Sci-Fi|Thriller|IMAX,10138
77800,Four Lions (2010),Comedy|Drama,37495
77846,12 Angry Men (1997),Crime|Drama,12219
77866,Robin Hood (2010),Action|Adventure|Drama|Romance|War,20662
77907,"Red Chapel, The (Røde kapel, Det) (2009)",Comedy|Documentary,52249
78039,Blue Valentine (2010),Drama|Romance,46705
78041,Killers (2010),Action|Comedy,37821
78088,Buried (2010),Mystery|Thriller,26388
78105,Prince of Persia: The Sands of Time (2010),Action|Adventure|Fantasy|Romance|IMAX,9543
78174,Sex and the City 2 (2010),Comedy|Drama|Romance,37786
78209,Get Him to the Greek (2010),Comedy,32823
78264,"Back-up Plan, The (2010)",Comedy|Romance,34806
78316,Letters to Juliet (2010),Drama|Romance,37056
78335,"Mermaid, The (Rusalka) (2007)",Comedy|Drama|Fantasy,73576
78349,Exam (2009),Mystery|Thriller,29917
78459,Talhotblond: (2009),Documentary|Thriller,39246
78469,"A-Team, The (2010)",Action|Comedy|Thriller,34544
78499,Toy Story 3 (2010),Adventure|Animation|Children|Comedy|Fantasy|IMAX,10193
78574,Winter's Bone (2010),Drama|Thriller,39013
78637,Shrek Forever After (a.k.a. Shrek: The Final Chapter) (2010),Adventure|Animation|Children|Comedy|Fantasy|IMAX,10192
78703,TiMER (2009),Comedy|Drama|Fantasy|Romance,39545
78729,24: Redemption (2008),Action|Adventure|Crime|Drama|Thriller,13989
78746,Best Worst Movie (2009),Documentary,40819
78772,"Twilight Saga: Eclipse, The (2010)",Fantasy|Romance|Thriller|IMAX,24021
78836,Enter the Void (2009),Drama,34647
79057,Predators (2010),Action|Sci-Fi|Thriller,34851
79091,Despicable Me (2010),Animation|Children|Comedy|Crime,20352
79132,Inception (2010),Action|Crime|Drama|Mystery|Sci-Fi|Thriller|IMAX,27205
79134,Grown Ups (2010),Comedy,38365
79139,"Sorcerer's Apprentice, The (2010)",Action|Adventure|Children|Comedy|Fantasy,27022
79185,Knight and Day (2010),Action|Comedy|Romance,37834
79224,"Karate Kid, The (2010)",Action|Children|Drama,38575
79242,"Kids Are All Right, The (2010)",Comedy|Drama,39781
79251,"Serbian Film, A (Srpski film) (2010)",Horror|Thriller,73861
79293,Salt (2010),Action|Thriller,27576
79318,Winnebago Man (2009),Comedy|Documentary,42918
79357,Mr. Nobody (2009),Drama|Fantasy|Romance|Sci-Fi,31011
79428,Dinner for Schmucks (2010),Comedy,38778
79463,Nanny McPhee Returns (a.k.a. Nanny McPhee and the Big Bang) (2010),Children|Comedy|Fantasy,35019
79519,Trans-Europ-Express (1966),Thriller,90908
79553,Ip Man 2 (2010),Action,37472
79588,Charlie St. Cloud (2010),Drama|Fantasy|Romance,37950
79590,"Rebound, The (2009)",Comedy|Romance,24122
79592,"Other Guys, The (2010)",Action|Comedy,27581
79695,"Expendables, The (2010)",Action|Adventure|Thriller,27578
79702,Scott Pilgrim vs. the World (2010),Action|Comedy|Fantasy|Musical|Romance,22538
79798,I Killed My Mother (J'ai tué ma mère) (2009),Drama,26280
79910,According to Greta (2009),Drama|Romance,26035
79927,Terribly Happy (Frygtelig lykkelig) (2008),Crime|Drama|Film-Noir|Thriller,15952
79987,Gainsbourg (Vie Héroïque) (2010),Drama|Musical|Romance,31900
80094,"Last Exorcism, The (2010)",Horror|Thriller,38358
80166,"Switch, The (2010)",Comedy|Romance,41210
80219,Machete (2010),Action|Adventure|Comedy|Crime|Thriller,23631
80222,Step Up 3D (2010),Drama|Romance,41233
80281,Bill Bailey: Tinselworm (2008),Comedy|Documentary,13585
80350,Vampires Suck (2010),Comedy,40264
80363,Resident Evil: Afterlife (2010),Action|Horror|Sci-Fi|Thriller|IMAX,35791
80463,"Social Network, The (2010)",Drama,37799
80489,"Town, The (2010)",Crime|Drama|Thriller,23168
80549,Easy A (2010),Comedy|Romance,37735
80551,Eat Pray Love (2010),Drama|Romance,38167
80553,Howl (2010),Drama,38568
80584,"Patrik Age 1.5 (Patrik 1,5) (2008)",Comedy|Drama|Romance,15179
80586,Flipped (2010),Comedy|Drama|Romance,43949
80590,Wall Street: Money Never Sleeps (2010),Drama,33909
80693,It's Kind of a Funny Story (2010),Comedy|Drama,43923
80831,Let Me In (2010),Drama|Horror|Mystery,41402
80846,Devil (2010),Horror|Mystery|Thriller,44040
80860,Life as We Know It (2010),Comedy|Romance,38408
80862,Catfish (2010),Documentary|Mystery,42296
80864,You Will Meet a Tall Dark Stranger (2010),Comedy|Romance,38031
80906,Inside Job (2010),Documentary,44639
80917,Monsters (2010),Drama|Sci-Fi,43933
80969,Never Let Me Go (2010),Drama|Romance|Sci-Fi,42188
81018,"Illusionist, The (L'illusionniste) (2010)",Animation,41201
81229,Red (2010),Action|Comedy,39514
81456,Heartbeats (Les amours imaginaires) (2010),Drama|Romance,51241
81499,Tenderness (2009),Crime|Drama|Thriller,22398
81512,Hereafter (2010),Drama|Fantasy,44603
81537,Due Date (2010),Comedy,41733
81562,127 Hours (2010),Adventure|Drama|Thriller,44115
81564,Megamind (2010),Action|Animation|Children|Comedy|Sci-Fi|IMAX,38055
81591,Black Swan (2010),Drama|Thriller,44214
81782,Unstoppable (2010),Action|Drama|Thriller,44048
81784,Morning Glory (2010),Comedy|Drama|Romance,38357
81788,"Next Three Days, The (2010)",Crime|Drama|Romance|Thriller,43539
81819,Biutiful (2010),Drama,45958
81834,Harry Potter and the Deathly Hallows: Part 1 (2010),Action|Adventure|Fantasy|IMAX,12444
81845,"King's Speech, The (2010)",Drama,45269
81847,Tangled (2010),Animation|Children|Comedy|Fantasy|Musical|Romance|IMAX,38757
81932,"Fighter, The (2010)",Drama,45317
81949,"Romantics, The (2010)",Comedy|Drama|Romance,41556
82037,"Tillman Story, The (2010)",Documentary,43924
82143,Alone in the Wilderness (2004),Documentary,14463
82150,Bunny and the Bull (2009),Adventure|Comedy|Drama,35395
82152,Beastly (2011),Drama|Fantasy|Romance,38117
82167,Love and Other Drugs (2010),Comedy|Drama|Romance,43347
82169,"Chronicles of Narnia: The Voyage of the Dawn Treader, The (2010)",Adventure|Children|Fantasy,10140
82202,"Tourist, The (2010)",Drama|Thriller,37710
82242,Rare Exports: A Christmas Tale (Rare Exports) (2010),Action|Comedy,48395
82356,Boy Interrupted (2008),Documentary,36738
82459,True Grit (2010),Western,44264
82461,Tron: Legacy (2010),Action|Adventure|Sci-Fi|IMAX,20526
82499,How Do You Know (2010),Comedy|Drama|Romance,42888
82667,I Saw the Devil (Akmareul boatda) (2010),Crime|Thriller,49797
82744,Faster (2010),Action|Crime|Drama,41283
82852,Little Fockers (2010),Comedy,39451
82854,Gulliver's Travels (2010),Adventure|Comedy|Fantasy,38745
82926,Klown: The Movie (Klovn) (2010),Comedy,48748
83086,Burlesque (2010),Drama|Musical|Romance,42297
83132,"Secret World of Arrietty, The (Kari-gurashi no Arietti) (2010)",Animation|Children|Fantasy,51739
83134,Tucker & Dale vs Evil (2010),Comedy|Horror,46838
83270,Made in Dagenham (2010),Comedy|Drama,46138
83302,Last Night (2010),Drama|Romance,23830
83349,"Green Hornet, The (2011)",Action|Comedy|Crime|Fantasy|Thriller|IMAX,40805
83424,Ghajini (2008),Action|Romance|Thriller,14070
83613,Cowboys & Aliens (2011),Action|Sci-Fi|Thriller|Western|IMAX,49849
83803,Day & Night (2010),Animation|Children,40619
84152,Limitless (2011),Sci-Fi|Thriller,51876
84187,Evangelion: 2.0 You Can (Not) Advance (Evangerion shin gekijôban: Ha) (2009),Action|Animation|Drama|Sci-Fi,22843
84273,Zeitgeist: Moving Forward (2011),Documentary,54293
84312,Home Alone 4 (2002),Children|Comedy|Crime,12536
84374,No Strings Attached (2011),Comedy|Romance,41630
84392,"Lincoln Lawyer, The (2011)",Crime|Drama|Thriller,50348
84407,Dog Pound (2010),Drama,43920
84601,Unknown (2011),Drama|Mystery|Thriller,48138
84772,Paul (2011),Adventure|Comedy|Sci-Fi,39513
84775,Submarino (2010),Drama,46789
84834,Three Kingdoms: Resurrection of the Dragon (Saam gwok dzi gin lung se gap) (2008),Action|Drama|War,14538
84844,Brother 2 (Brat 2) (2000),Crime|Drama,20993
84944,Rango (2011),Action|Adventure|Animation|Children|Comedy|Western,44896
84954,"Adjustment Bureau, The (2011)",Romance|Sci-Fi|Thriller,38050
85020,"Mechanic, The (2011)",Action|Drama|Thriller,27582
85022,Hall Pass (2011),Comedy,48988
85056,I Am Number Four (2011),Action|Sci-Fi|Thriller|IMAX,46529
85131,Battle: Los Angeles (2011),Action|Sci-Fi|War,44943
85259,Winnie the Pooh and the Honey Tree (1966),Animation|Children,36540
85316,Winnie the Pooh and Tigger Too (1974),Animation|Children,72185
85342,Elite Squad: The Enemy Within (Tropa de Elite 2 - O Inimigo Agora É Outro) (2010),Action|Crime|Drama,47931
85367,Just Go with It (2011),Comedy|Romance,50546
85372,Potiche (2010),Comedy,51447
85397,Red Riding Hood (2011),Fantasy|Horror|Mystery|Thriller,49730
85414,Source Code (2011),Action|Drama|Mystery|Sci-Fi|Thriller,45612
85438,Jane Eyre (2011),Drama|Romance,38684
85510,Sucker Punch (2011),Action|Fantasy|Thriller|IMAX,23629
85774,Senna (2010),Documentary,58496
85788,Insidious (2010),Fantasy|Horror|Thriller,49018
85790,Meek's Cutoff (2010),Western,57120
86000,Boy (2010),Comedy|Drama,39356
86014,Diary of a Wimpy Kid: Rodrick Rules (2011),Comedy,60307
86190,Hanna (2011),Action|Adventure|Mystery|Thriller,50456
86293,Arthur (2011),Comedy,49012
86295,Scream 4 (2011),Comedy|Horror|Mystery|Thriller,41446
86298,Rio (2011),Adventure|Animation|Children|Comedy,46195
86320,Melancholia (2011),Drama|Sci-Fi,62215
86332,Thor (2011),Action|Adventure|Drama|Fantasy|IMAX,10195
86345,Louis C.K.: Hilarious (2010),Comedy,45523
86347,Louis C.K.: Chewed Up (2008),Comedy,30969
86377,Louis C.K.: Shameless (2007),Comedy,24447
86548,Water for Elephants (2011),Drama|Romance,55787
86644,"Fast Five (Fast and the Furious 5, The) (2011)",Action|Crime|Drama|Thriller|IMAX,51497
86781,Incendies (2010),Drama|Mystery|War,46738
86815,Soul Surfer (2011),Action|Drama,43959
86817,Something Borrowed (2011),Comedy|Drama|Romance,49022
86833,Bridesmaids (2011),Comedy,55721
86880,Pirates of the Caribbean: On Stranger Tides (2011),Action|Adventure|Fantasy|IMAX,1865
86882,Midnight in Paris (2011),Comedy|Fantasy|Romance,59436
86892,The Man from Nowhere (2010),Action|Crime|Thriller,51608
86898,"Tree of Life, The (2011)",Drama,8967
86911,"Hangover Part II, The (2011)",Comedy,45243
87028,"Roommate, The (2011)",Drama|Thriller,49950
87222,Kung Fu Panda 2 (2011),Action|Adventure|Animation|Children|Comedy|IMAX,49444
87232,X-Men: First Class (2011),Action|Adventure|Sci-Fi|Thriller|War,49538
87234,Submarine (2010),Comedy|Drama|Romance,49020
87304,Beginners (2010),Drama,55347
87306,Super 8 (2011),Mystery|Sci-Fi|Thriller|IMAX,37686
87430,Green Lantern (2011),Action|Adventure|Sci-Fi,44912
87483,Mr. Popper's Penguins (2011),Comedy,58224
87485,Bad Teacher (2011),Comedy,52449
87520,Transformers: Dark of the Moon (2011),Action|Adventure|Sci-Fi|War|IMAX,38356
87529,Your Highness (2011),Action|Adventure|Comedy|Fantasy,38319
87869,Horrible Bosses (2011),Comedy|Crime,51540
87876,Cars 2 (2011),Adventure|Animation|Children|Comedy|IMAX,49013
88022,Hot Coffee (2011),Documentary,68200
88125,Harry Potter and the Deathly Hallows: Part 2 (2011),Action|Adventure|Drama|Fantasy|Mystery|IMAX,12445
88129,Drive (2011),Crime|Drama|Film-Noir|Thriller,64690
88140,Captain America: The First Avenger (2011),Action|Adventure|Sci-Fi|Thriller|War,1771
88163,"Crazy, Stupid, Love. (2011)",Comedy|Drama|Romance,50646
88179,One Day (2011),Drama|Romance,51828
88299,No Impact Man: The Documentary (2009),Documentary,30873
88356,"Smurfs, The (2011)",Animation|Children|Comedy,41513
88405,Friends with Benefits (2011),Comedy|Romance,50544
88672,Our Idiot Brother (2011),Comedy,59968
88744,Rise of the Planet of the Apes (2011),Action|Drama|Sci-Fi|Thriller,61791
88785,"Change-Up, The (2011)",Comedy,49520
88810,"Help, The (2011)",Drama,50014
88812,30 Minutes or Less (2011),Action|Comedy|Crime,62206
89002,Spy Kids: All the Time in the World in 4D (2011),Action|Adventure|Children|Comedy|Sci-Fi,56288
89039,Another Earth (2011),Drama|Romance|Sci-Fi,55420
89087,Colombiana (2011),Action|Adventure|Drama|Thriller,62835
89102,Freakonomics (2010),Documentary,43942
89118,"Skin I Live In, The (La piel que habito) (2011)",Drama,63311
89190,Conan the Barbarian (2011),Action|Adventure|Fantasy,37430
89217,Waiting for Forever (2010),Drama|Romance,52338
89470,Contagion (2011),Sci-Fi|Thriller|IMAX,39538
89480,Sleeping Beauty (2011),Drama,64586
89490,Straw Dogs (2011),Thriller,64639
89492,Moneyball (2011),Drama,60308
89535,"Havre, Le (2011)",Comedy|Drama,73532
89554,Zindagi Na Milegi Dobara (2011),Adventure|Comedy|Drama|Romance,61202
89678,Northanger Abbey (2007),Drama|Romance,18093
89745,"Avengers, The (2012)",Action|Adventure|Sci-Fi|IMAX,24428
89753,Tinker Tailor Soldier Spy (2011),Drama|Film-Noir|Thriller,49517
89759,"Separation, A (Jodaeiye Nader az Simin) (2011)",Drama,60243
89774,Warrior (2011),Drama,59440
89804,"Ides of March, The (2011)",Drama,10316
89864,50/50 (2011),Comedy|Drama,40807
89904,The Artist (2011),Comedy|Drama|Romance,74643
90057,Take Shelter (2011),Drama,64720
90249,Real Steel (2011),Action|Drama|Sci-Fi|IMAX,39254
90345,"Thing, The (2011)",Horror|Mystery|Sci-Fi|Thriller,60935
90376,We Need to Talk About Kevin (2011),Drama|Thriller,71859
90378,Tabloid (2010),Documentary,69480
90403,"Three Musketeers, The (2011)",Action|Adventure,52451
90405,In Time (2011),Crime|Sci-Fi|Thriller,49530
90430,Carnage (2011),Comedy|Drama,72113
90439,Margin Call (2011),Drama|Thriller,50839
90476,"Little Bit of Heaven, A (2011)",Comedy|Drama|Romance,45156
90522,Johnny English Reborn (2011),Adventure|Comedy|Thriller,58233
90524,Abduction (2011),Action|Drama|Mystery|Thriller,59965
90531,Shame (2011),Drama,76025
90576,What's Your Number? (2011),Comedy|Romance,63492
90592,How to Die in Oregon (2011),Documentary|Drama,65992
90600,Headhunters (Hodejegerne) (2011),Action|Crime|Thriller,70670
90624,Machine Gun Preacher (2011),Action|Crime,45610
90647,Puss in Boots (2011),Adventure|Animation|Comedy|Fantasy|IMAX,58423
90717,Tower Heist (2011),Action|Comedy|Crime,59108
90746,"Adventures of Tintin, The (2011)",Action|Animation|Mystery|IMAX,17578
90866,Hugo (2011),Children|Drama|Mystery,44826
90890,Jack and Jill (2011),Comedy,71880
90943,Into the Abyss (2011),Documentary,77365
90947,"Oslo, August 31st (Oslo, 31. august) (2011)",Drama,75233
91077,"Descendants, The (2011)",Comedy|Drama,65057
91104,"Twilight Saga: Breaking Dawn - Part 1, The (2011)",Adventure|Drama|Fantasy|Romance,50619
91126,War Horse (2011),Drama|War,57212
91128,"Rum Diary, The (2011)",Comedy|Drama|Thriller,23514
91199,Weekend (2011),Drama|Romance,79120
91290,Sarah's Key (Elle s'appelait Sarah) (2010),Drama,53457
91323,"Sitter, The (2011)",Comedy,57431
91337,Play the Game (2009),Comedy|Romance,45708
91485,"Expendables 2, The (2012)",Action|Adventure,76163
91488,"Snowman, The (1982)",Animation|Children|Musical,13396
91500,The Hunger Games (2012),Action|Adventure|Drama|Sci-Fi|Thriller,70160
91529,"Dark Knight Rises, The (2012)",Action|Adventure|Crime|IMAX,49026
91535,"Bourne Legacy, The (2012)",Action|Adventure|Drama|Thriller|IMAX,49040
91542,Sherlock Holmes: A Game of Shadows (2011),Action|Adventure|Comedy|Crime|Mystery|Thriller,58574
91630,Mission: Impossible - Ghost Protocol (2011),Action|Adventure|Thriller|IMAX,56292
91653,We Bought a Zoo (2011),Comedy|Drama,74465
91658,"Girl with the Dragon Tattoo, The (2011)",Drama|Thriller,65754
91690,Friends with Kids (2011),Comedy,80038
91844,Chak De India! (2007),Drama,14163
91902,Elena (2011),Drama,78182
91974,Underworld: Awakening (2012),Action|Fantasy|Horror|IMAX,52520
91976,"Grey, The (2012)",Action|Drama,75174
91978,Man on a Ledge (2012),Crime|Thriller,49527
92118,"Terrorizers, The (Kong bu fen zi) (1986)",Drama,78450
92210,"Disappearance of Haruhi Suzumiya, The (Suzumiya Haruhi no shôshitsu) (2010)",Adventure|Animation|Drama|Mystery|Sci-Fi,36865
92259,Intouchables (2011),Comedy|Drama,77338
92264,One for the Money (2012),Action|Comedy|Crime,54054
92309,"Innkeepers, The (2011)",Horror|Thriller,58428
92352,Reel Injun (2009),Documentary,101520
92420,Chronicle (2012),Action|Sci-Fi|Thriller,76726
92439,"Art of Getting By, The (2011)",Drama|Romance,64678
92475,All Watched Over by Machines of Loving Grace (2011),Documentary,192695
92507,Safe House (2012),Action|Crime|Mystery|Thriller,59961
92509,"Vow, The (2012)",Drama|Romance,72570
92694,Perfect Sense (2011),Drama|Romance|Sci-Fi,51999
92719,Tim and Eric's Billion Dollar Movie (2012),Comedy,79940
92938,Ghost Rider: Spirit of Vengeance (2012),Action|Fantasy|Thriller,71676
92954,Prayers for Bobby (2009),Drama,21634
93040,"Civil War, The (1990)",Documentary|War,26397
93242,Gone (2012),Drama|Thriller,79548
93265,Courageous (2011),Drama,72213
93267,Flywheel (2003),Drama,17345
93270,Project X (2012),Comedy,57214
93272,Dr. Seuss' The Lorax (2012),Animation|Fantasy|Musical|IMAX,73723
93326,This Means War (2012),Action|Comedy|Romance,59962
93363,John Carter (2012),Action|Adventure|Sci-Fi|IMAX,49529
93443,Goon (2011),Comedy|Drama,74387
93510,21 Jump Street (2012),Action|Comedy|Crime,64688
93721,Jiro Dreams of Sushi (2011),Documentary,80767
93723,Damsels in Distress (2011),Comedy|Romance,82533
93766,Wrath of the Titans (2012),Action|Adventure|Fantasy|IMAX,57165
93821,There's Something Wrong with Aunt Diane (2011),Documentary,70845
93831,American Reunion (American Pie 4) (2012),Comedy,71552
93838,The Raid: Redemption (2011),Action|Crime,94329
93840,"Cabin in the Woods, The (2012)",Comedy|Horror|Sci-Fi|Thriller,22970
93855,God Bless America (2011),Comedy|Drama,74306
93939,Café de Flore (2011),Drama,85033
93982,"Raven, The (2012)",Mystery|Thriller,70436
93988,North & South (2004),Drama|Romance,147269
94015,Mirror Mirror (2012),Adventure|Comedy|Fantasy,62764
94018,Battleship (2012),Action|Sci-Fi|Thriller|IMAX,44833
94024,Louis Theroux: The Most Hated Family in America in Crisis (2011),Documentary,206953
94325,"Lucky One, The (2012)",Drama,77877
94405,Safe (2012),Action|Crime|Thriller,72387
94478,Dark Shadows (2012),Comedy|Horror|IMAX,62213
94677,"Dictator, The (2012)",Comedy,76493
94752,Gifted Hands: The Ben Carson Story (2009),Drama,22683
94777,Men in Black III (M.III.B.) (M.I.B.³) (2012),Action|Comedy|Sci-Fi|IMAX,41154
94780,Snow White and the Huntsman (2012),Action|Adventure|Drama,58595
94864,Prometheus (2012),Action|Horror|Sci-Fi|IMAX,70981
94896,Bernie (2011),Comedy|Crime|Drama,92591
94953,Wanderlust (2012),Comedy,50647
94959,Moonrise Kingdom (2012),Comedy|Drama|Romance,83666
94969,Kahaani (2012),Crime|Drama|Thriller,82825
94985,Get the Gringo (2012),Action|Crime|Drama|Thriller,80389
95088,Safety Not Guaranteed (2012),Comedy|Drama,84332
95105,Madagascar 3: Europe's Most Wanted (2012),Adventure|Animation|Children|Comedy|IMAX,80321
95167,Brave (2012),Action|Adventure|Animation|Children,62177
95309,Seeking a Friend for the End of the World (2012),Comedy|Drama|Romance,88005
95441,Ted (2012),Comedy|Fantasy,72105
95510,"Amazing Spider-Man, The (2012)",Action|Adventure|Sci-Fi|IMAX,1930
95543,Ice Age 4: Continental Drift (2012),Adventure|Animation|Comedy,57800
95567,People Like Us (2012),Drama,98548
95583,Savages (2012),Crime|Drama|Thriller,82525
95720,"Watch, The (2012)",Comedy|Sci-Fi,80035
95744,2 Days in New York (2012),Comedy,84165
95858,For the Birds (2000),Animation|Children|Comedy,13930
95873,Ruby Sparks (2012),Comedy|Fantasy|Romance,103332
95875,Total Recall (2012),Action|Sci-Fi|Thriller,64635
95898,The Craigslist Killer (2011),Crime|Drama|Thriller,55680
96020,Sidewalls (Medianeras) (2011),Drama,76696
96079,Skyfall (2012),Action|Adventure|Thriller|IMAX,37724
96110,"Campaign, The (2012)",Comedy,77953
96121,Hope Springs (2012),Comedy|Drama,82696
96150,"Queen of Versailles, The (2012)",Documentary,84327
96417,Premium Rush (2012),Action|Thriller,49526
96432,Lawless (2012),Crime|Drama,82633
96471,Prime Suspect 3 (1993),Crime|Drama|Mystery,202043
96473,Prime Suspect: Inner Circles (1995),Drama|Mystery,216035
96488,Searching for Sugar Man (2012),Documentary,84334
96501,Little White Lies (Les petits mouchoirs) (2010),Comedy|Drama,48034
96520,Prime Suspect: The Lost Child (1995),Drama|Mystery,215999
96588,Pitch Perfect (2012),Comedy|Musical,114150
96606,Samsara (2011),Documentary,89708
96610,Looper (2012),Action|Crime|Sci-Fi,59967
96616,That's My Boy (2012),Comedy,87428
96655,Robot & Frank (2012),Comedy|Drama|Sci-Fi,84329
96691,Resident Evil: Retribution (2012),Action|Horror|Sci-Fi|IMAX,71679
96728,"Master, The (2012)",Drama,68722
96737,Dredd (2012),Action|Sci-Fi,49049
96811,End of Watch (2012),Crime|Drama|Thriller,77016
96815,V/H/S (2012),Horror|Thriller,84348
96821,"Perks of Being a Wallflower, The (2012)",Drama|Romance,84892
96829,"Hunt, The (Jagten) (2012)",Drama,103663
96832,Holy Motors (2012),Drama|Fantasy|Musical|Mystery|Sci-Fi,103328
96861,Taken 2 (2012),Action|Crime|Drama|Thriller,82675
96966,Laurence Anyways (2012),Drama|Romance,110160
97172,Frankenweenie (2012),Animation|Comedy|Horror|IMAX,62214
97188,Sinister (2012),Horror|Thriller,82507
97225,Hotel Transylvania (2012),Animation|Children|Comedy,76492
97304,Argo (2012),Drama|Thriller,68734
97306,Seven Psychopaths (2012),Comedy|Crime,86838
97752,Cloud Atlas (2012),Drama|Sci-Fi|IMAX,83542
97785,Silent Hill: Revelation 3D (2012),Horror|Mystery|Thriller,61012
97836,Here Comes the Boom (2012),Action|Comedy,87826
97866,"Imposter, The (2012)",Documentary,84287
97913,Wreck-It Ralph (2012),Animation|Comedy,82690
97921,Silver Linings Playbook (2012),Comedy|Drama,82693
97923,Flight (2012),Drama,87502
97936,Anna Karenina (2012),Drama,96724
97938,Life of Pi (2012),Adventure|Drama|IMAX,87827
97984,Wake in Fright (1971),Drama|Thriller,26405
98056,Amour (2012),Drama|Romance,86837
98154,Lincoln (2012),Drama|War,72976
98175,Vamps (2012),Comedy|Horror|Romance,73935
98198,OMG Oh My God! (2012),Comedy|Drama,135718
98203,"Twilight Saga: Breaking Dawn - Part 2, The (2012)",Adventure|Drama|Fantasy|Romance|IMAX,50620
98243,Rise of the Guardians (2012),Adventure|Animation|Children|Fantasy|IMAX,81188
98373,Step Up Revolution (2012),Musical,85446
98491,Paperman (2012),Animation|Comedy|Romance,140420
98607,Redline (2009),Action|Animation|Sci-Fi,71883
98809,"Hobbit: An Unexpected Journey, The (2012)",Adventure|Fantasy|IMAX,49051
98838,Lay the Favorite (2012),Comedy,84305
98961,Zero Dark Thirty (2012),Action|Drama|Thriller,97630
98975,Antiviral (2012),Horror|Sci-Fi|Thriller,125490
99007,Warm Bodies (2013),Comedy|Horror|Romance,82654
99110,Save the Date (2012),Comedy|Romance,84333
99112,Jack Reacher (2012),Action|Crime|Thriller,75780
99114,Django Unchained (2012),Action|Drama|Western,68718
99117,This Is 40 (2012),Drama,89492
99145,"Impossible, The (Imposible, Lo) (2012)",Drama|Thriller,80278
99149,"Misérables, Les (2012)",Drama|Musical|Romance|IMAX,82695
99305,Kumaré (2011),Documentary,98886
99355,"Woodmans, The (2010)",Documentary,115400
99470,"Collection, The (2012)",Action|Horror|Thriller,134597
99530,Rurouni Kenshin (Rurôni Kenshin: Meiji kenkaku roman tan) (2012),Action|Drama,127533
99574,Promised Land (2012),Drama,133694
99642,Tiny Toon Adventures: How I Spent My Vacation (1992),Adventure|Animation|Comedy,36257
99706,"Hollywood Complex, The (2011)",Documentary,92662
99721,Texas Chainsaw 3D (2013),Horror|Mystery|Thriller,76617
99728,Gangster Squad (2013),Action|Crime|Drama,82682
99764,It's Such a Beautiful Day (2012),Animation|Comedy|Drama|Fantasy|Sci-Fi,147538
99912,Mama (2013),Horror,132232
99957,Broken City (2013),Crime|Drama|Thriller,98357
99996,It's a Disaster (2012),Comedy|Drama,114779
100083,Movie 43 (2013),Comedy,87818
100163,Hansel & Gretel: Witch Hunters (2013),Action|Fantasy|Horror|IMAX,60304
100302,Upside Down (2012),Drama|Romance|Sci-Fi,58244
100383,Side Effects (2013),Crime|Drama|Mystery|Thriller,109421
100390,Identity Thief (2013),Comedy|Crime,109431
100487,Beautiful Creatures (2013),Drama|Fantasy|Romance,109491
100498,"Good Day to Die Hard, A (2013)",Action|Crime|Thriller|IMAX,47964
100507,21 and Over (2013),Comedy,107811
100527,Safe Haven (2013),Drama|Mystery|Romance,112949
100556,"Act of Killing, The (2012)",Documentary,123678
100581,Room 237 (2012),Documentary,84330
100714,Before Midnight (2013),Drama|Romance,132344
100737,Snitch (2013),Action|Drama|Thriller,134411
100843,Oh Boy (A Coffee in Berlin) (2012),Comedy|Drama,130739
101025,Jack the Giant Slayer (2013),Adventure|Fantasy|IMAX,81005
101076,G.I. Joe: Retaliation (2013),Action|Adventure|Sci-Fi|Thriller|IMAX,72559
101088,Stoker (2013),Drama|Mystery|Thriller,86825
101112,Oz the Great and Powerful (2013),Action|Adventure|Fantasy|IMAX,68728
101142,"Croods, The (2013)",Adventure|Animation|Comedy,49519
101243,Klip (Clip) (2012),Drama|Romance,95775
101285,Spring Breakers (2013),Comedy|Crime|Drama,122081
101360,"Call, The (2013)",Drama|Thriller,158011
101362,Olympus Has Fallen (2013),Action|Thriller,117263
101415,"First Time, The (2012)",Comedy|Drama|Romance,84199
101498,In the House (2012),Comedy|Drama|Mystery|Thriller,121875
101525,"Place Beyond the Pines, The (2012)",Crime|Drama,97367
101577,"Host, The (2013)",Action|Adventure|Romance,72710
101612,Admission (2013),Comedy|Romance,144340
101739,Evil Dead (2013),Horror,109428
101864,Oblivion (2013),Action|Adventure|Sci-Fi|IMAX,75612
101895,42 (2013),Drama,109410
101962,Wolf Children (Okami kodomo no ame to yuki) (2012),Animation|Fantasy,110420
101973,Disconnect (2012),Drama|Thriller,127517
102033,Pain & Gain (2013),Action|Comedy|Crime,134374
102123,This Is the End (2013),Action|Comedy,109414
102125,Iron Man 3 (2013),Action|Sci-Fi|Thriller|IMAX,68721
102194,Mud (2012),Adventure|Crime|Drama,103731
102245,Small Apartments (2012),Comedy|Crime|Drama,95755
102407,"Great Gatsby, The (2013)",Drama,64682
102445,Star Trek Into Darkness (2013),Action|Adventure|Sci-Fi|IMAX,54138
102481,"Internship, The (2013)",Comedy,116741
102588,Stories We Tell (2012),Documentary,128216
102686,"Hangover Part III, The (2013)",Comedy,109439
102716,"Fast & Furious 6 (Fast and the Furious 6, The) (2013)",Action|Crime|Thriller|IMAX,82992
102720,Epic (2013),Adventure|Animation|Fantasy,116711
102800,Frances Ha (2012),Comedy|Drama,121986
102880,After Earth (2013),Action|Adventure|Sci-Fi|IMAX,82700
102903,Now You See Me (2013),Crime|Mystery|Thriller,75656
102993,"Way, Way Back, The (2013)",Comedy|Drama,147773
103042,Man of Steel (2013),Action|Adventure|Fantasy|Sci-Fi|IMAX,49521
103048,"Kings of Summer, The (2013)",Comedy,156700
103075,"Purge, The (2013)",Crime|Horror|Thriller,158015
103137,"Bling Ring, The (2013)",Crime|Drama,96936
103141,Monsters University (2013),Adventure|Animation|Comedy,62211
103228,Pacific Rim (2013),Action|Adventure|Sci-Fi|IMAX,68726
103249,World War Z (2013),Action|Drama|Horror|IMAX,72190
103253,Elysium (2013),Action|Drama|Sci-Fi|IMAX,68724
103306,Europa Report (2013),Sci-Fi|Thriller,174772
103315,Odd Thomas (2013),Drama|Fantasy|Mystery|Thriller,179826
103335,Despicable Me 2 (2013),Animation|Children|Comedy|IMAX,93456
103339,White House Down (2013),Action|Drama|Thriller|IMAX,117251
103341,"World's End, The (2013)",Action|Comedy|Sci-Fi,107985
103372,"Heat, The (2013)",Action|Comedy|Crime,136795
103384,"Lone Ranger, The (2013)",Action|Adventure|Western|IMAX,57201
103539,The Spectacular Now (2013),Comedy|Drama|Romance,157386
103543,"Lifeguard, The (2013)",Comedy|Drama,157375
103606,Stuck in Love (2012),Comedy|Drama|Romance,111969
103655,R.I.P.D. (2013),Action|Comedy|Fantasy,49524
103688,"Conjuring, The (2013)",Horror|Thriller,138843
103755,Turbo (2013),Adventure|Animation|Children|Comedy|Fantasy,77950
103772,"Wolverine, The (2013)",Action|Adventure|Fantasy|Sci-Fi,76170
103801,Drinking Buddies (2013),Comedy|Drama|Romance,172533
103810,Red 2 (2013),Action|Comedy|Crime|Thriller,146216
103816,"Battery, The (2012)",Drama|Horror,177221
103819,Coffee Town (2013),Comedy,198062
103883,2 Guns (2013),Action|Comedy|Crime,136400
103980,Blue Jasmine (2013),Drama,160588
104074,Percy Jackson: Sea of Monsters (2013),Adventure|Children|Fantasy,76285
104211,We're the Millers (2013),Comedy|Crime,138832
104218,Grown Ups 2 (2013),Comedy,109418
104241,Kick-Ass 2 (2013),Action|Comedy|Crime,59859
104243,Riddick (2013),Action|Sci-Fi|Thriller|IMAX,87421
104272,Blackfish (2013),Documentary,158999
104283,"Wind Rises, The (Kaze tachinu) (2013)",Animation|Drama|Romance,149870
104303,Jobs (2013),Drama,115782
104312,"Mortal Instruments: City of Bones, The (2013)",Action|Adventure|Drama|IMAX,123553
104339,In a World... (2013),Comedy,157360
104374,About Time (2013),Drama|Fantasy|Romance,122906
104457,You're Next (2011),Horror|Thriller,83899
104636,TT3D: Closer to the Edge (2011),Documentary,79628
104757,Evocateur: The Morton Downey Jr. Movie (2012),Documentary,185444
104841,Gravity (2013),Action|Sci-Fi|IMAX,49047
104863,What If (2013),Comedy|Drama|Romance,212716
104879,Prisoners (2013),Drama|Mystery|Thriller,146233
104908,Insidious: Chapter 2 (2013),Horror|Thriller,91586
104913,Rush (2013),Action|Drama,96721
104925,"Family, The (2013)",Action|Comedy|Crime,112205
104944,Short Term 12 (2013),Drama,169813
105197,Nebraska (2013),Adventure|Drama,129670
105211,Enough Said (2013),Comedy|Drama|Romance,209263
105213,Don Jon (2013),Comedy|Drama|Romance,138697
105246,Mood Indigo (L'écume des jours) (2013),Drama|Fantasy,157820
105250,"Century of the Self, The (2002)",Documentary,51452
105355,Blue Is the Warmest Color (La vie d'Adèle) (2013),Drama|Romance,152584
105429,Inequality for All (2013),Documentary,159008
105468,Cloudy with a Chance of Meatballs 2 (2013),Animation|Children|Comedy|Fantasy,109451
105504,Captain Phillips (2013),Adventure|Drama|Thriller|IMAX,109424
105593,Filth (2013),Comedy|Crime|Drama,85889
105653,Escape Plan (2013),Action|Mystery|Thriller,107846
105715,Just Wright (2010),Comedy|Romance,38093
105731,Carrie (2013),Drama|Horror,133805
105755,"Counselor, The (2013)",Crime|Drama|Thriller,109091
105801,Escape From Tomorrow (2013),Drama|Fantasy|Horror,158752
105811,Godzilla vs. Megaguirus (Gojira tai Megagirasu: Jî shômetsu sakusen) (2000),Action|Sci-Fi,39468
105835,"Double, The (2013)",Comedy|Drama|Thriller,146015
105844,12 Years a Slave (2013),Drama,76203
105869,Kill Your Darlings (2013),Crime|Drama|Romance|Thriller,157370
105943,Bridegroom (2013),Documentary,174366
106002,Ender's Game (2013),Action|Adventure|Sci-Fi|IMAX,80274
106030,"Last Days on Mars, The (2013)",Horror|Sci-Fi,190847
106062,Jackass Presents: Bad Grandpa (2013),Comedy,208134
106072,Thor: The Dark World (2013),Action|Adventure|Fantasy|IMAX,76338
106100,Dallas Buyers Club (2013),Drama,152532
106163,"Touch of Sin, A (Tian zhu ding) (2013)",Drama,187022
106195,How I Live Now (2013),Action|Drama|Thriller,162215
106204,Pieta (2013),Drama,123377
106230,Free Radicals:  A History of Experimental Film (2012),Documentary,85822
106300,"Day The Earth Froze, The (Sampo) (1959)",Adventure|Fantasy,155399
106441,"Book Thief, The (2013)",Children|Drama|War,203833
106487,The Hunger Games: Catching Fire (2013),Action|Adventure|Sci-Fi|IMAX,101299
106489,"Hobbit: The Desolation of Smaug, The (2013)",Adventure|Fantasy|IMAX,57158
106540,Delivery Man (2013),Comedy,146239
106696,Frozen (2013),Adventure|Animation|Comedy|Fantasy|Musical|Romance,109445
106766,Inside Llewyn Davis (2013),Drama,86829
106782,"Wolf of Wall Street, The (2013)",Comedy|Crime|Drama,106646
106916,American Hustle (2013),Crime|Drama,168672
106918,"Secret Life of Walter Mitty, The (2013)",Adventure|Comedy|Drama,116745
106920,Her (2013),Drama|Romance|Sci-Fi,152601
106983,Young & Beautiful (2013),Drama,184314
107069,Lone Survivor (2013),Action|Drama|Thriller|War,193756
107083,Geography Club (2013),Comedy|Drama|Romance,197033
107137,Star Trek: Of Gods and Men (2007),Action|Adventure|Sci-Fi,18231
107314,Oldboy (2013),Action|Drama|Mystery,87516
107348,Anchorman 2: The Legend Continues (2013),Comedy,109443
107406,Snowpiercer (2013),Action|Drama|Sci-Fi,110415
107412,"Kidnapping, Caucasian Style (Kavkazskaya plennitsa) (1967)",Comedy|Romance,20878
107700,I Am Divine (2013),Documentary,171910
107771,Only Lovers Left Alive (2013),Drama|Horror|Romance,152603
107910,I Know That Voice (2013),Documentary,124623
107987,Diana (2013),Drama|Romance,118289
108056,Pokémon Origins (2013),Adventure|Animation,245170
108156,Ride Along (2014),Action|Comedy,168530
108188,Jack Ryan: Shadow Recruit (2014),Action|Drama|Thriller|IMAX,137094
108190,Divergent (2014),Adventure|Romance|Sci-Fi|IMAX,157350
108727,Nymphomaniac: Volume I (2013),Drama,110414
108729,Enemy (2013),Mystery|Thriller,181886
108780,Labor Day (2013),Drama|Romance,130150
108787,Tom at the Farm (Tom à la ferme) (2013),Drama,184352
108791,"Noordzee, Texas (North Sea Texas) (2011)",Drama,100898
108928,"Monuments Men, The (2014)",Action|Drama|War,152760
108932,The Lego Movie (2014),Action|Adventure|Animation|Children|Comedy|Fantasy,137106
108945,RoboCop (2014),Action|Crime|Sci-Fi|IMAX,97020
108949,"Art of the Steal, The (2013)",Crime,209247
108981,Nymphomaniac: Volume II (2013),Drama|Mystery,249397
108983,La Luna (2011),Animation,83564
109072,Sabotage (2014),Action|Crime|Drama,144336
109181,Adult World (2013),Comedy,143049
109183,Date and Switch (2014),Comedy,99367
109185,Night on the Galactic Railroad (Ginga-tetsudo no yoru) (1985),Animation|Drama,37585
109189,Endless Love (2014),Drama|Romance,226857
109374,"Grand Budapest Hotel, The (2014)",Comedy|Drama,120467
109483,That Awkward Moment (2014),Comedy|Romance,225565
109487,Interstellar (2014),Sci-Fi|IMAX,157336
109578,Non-Stop (2014),Action|Mystery|Thriller,225574
109633,"Garden of Words, The (Koto no ha no niwa) (2013)",Animation|Romance,198375
109673,300: Rise of an Empire (2014),Action|Drama|War|IMAX,53182
109720,Contracted (2013),Drama|Horror|Thriller,204349
109740,Obvious Child (2014),Comedy|Romance,248774
109846,Mr. Peabody & Sherman (2014),Adventure|Animation|Comedy,82703
109848,Under the Skin (2013),Horror|Sci-Fi|Thriller,97370
109850,Need for Speed (2014),Action|Crime|Drama|IMAX,136797
109895,Bad Words (2013),Comedy,209403
110102,Captain America: The Winter Soldier (2014),Action|Adventure|Sci-Fi|IMAX,100402
110110,Starred Up (2013),Drama,209276
110127,Noah (2014),Adventure|Drama|IMAX,86834
110328,Electrick Children (2012),Drama,89237
110407,"Machine, The (2013)",Sci-Fi|Thriller,174675
110486,Big Jim McLain (1952),Action|Crime|Drama|Romance|Thriller,40715
110553,The Amazing Spider-Man 2 (2014),Action|Sci-Fi|IMAX,102382
110591,Oculus (2013),Horror,157547
110655,Rio 2 (2014),Adventure|Animation|Children|Comedy,172385
110730,Transcendence (2014),Drama|Sci-Fi|IMAX,157353
110771,"Other Woman, The (2014)",Comedy|Romance,193610
110826,Brick Mansions (2014),Action|Crime|Drama,254473
110882,Locke (2013),Drama,210479
111113,Neighbors (2014),Comedy,195589
111130,Powers of Ten (1977),Documentary,53223
111303,I Think We're Alone Now (2008),Documentary,56967
111360,Lucy (2014),Action|Sci-Fi,240832
111362,X-Men: Days of Future Past (2014),Action|Adventure|Sci-Fi,127585
111364,Godzilla (2014),Action|Adventure|Sci-Fi|IMAX,124905
111384,Blue Ruin (2013),Thriller,188166
111387,Palo Alto (2013),Drama,192132
111443,Chef (2014),Comedy,212778
111617,Blended (2014),Comedy,232672
111622,Begin Again (2013),Comedy|Romance,198277
111626,"Brony Tale, A (2014)",Documentary,276122
111659,Maleficent (2014),Action|Adventure|Children|IMAX,102651
111663,Zombeavers (2014),Action|Comedy|Horror,254474
111743,A Million Ways to Die in the West (2014),Comedy|Western,188161
111759,Edge of Tomorrow (2014),Action|Sci-Fi|IMAX,137113
111781,Mission: Impossible - Rogue Nation (2015),Action|Adventure|Thriller,177677
111921,The Fault in Our Stars (2014),Drama|Romance,222935
112019,Against All Flags (1952),Action|Adventure|Drama|Romance,44631
112138,22 Jump Street (2014),Action|Comedy|Crime,187017
112171,"Equalizer, The (2014)",Action|Crime|Thriller,156022
112175,How to Train Your Dragon 2 (2014),Action|Adventure|Animation,82702
112183,Birdman: Or (The Unexpected Virtue of Ignorance) (2014),Comedy|Drama,194662
112290,Boyhood (2014),Drama,85350
112370,Transformers: Age of Extinction (2014),Action|Adventure|Sci-Fi,91314
112381,Metalhead (Málmhaus) (2013),Drama,215042
112421,Frank (2014),Comedy|Drama|Mystery,171372
112497,Tammy (2014),Comedy,226486
112552,Whiplash (2014),Drama,244786
112556,Gone Girl (2014),Drama|Thriller,210577
112623,Dawn of the Planet of the Apes (2014),Sci-Fi,119450
112733,Jonestown: Paradise Lost (2007),Documentary,121135
112788,Sex Tape (2014),Comedy,225886
112804,I Origins (2014),Drama|Sci-Fi,244267
112818,"Purge: Anarchy, The (2014)",Action|Horror|Thriller,238636
112852,Guardians of the Galaxy (2014),Action|Adventure|Sci-Fi,118340
112897,The Expendables 3 (2014),Action|Adventure,138103
112911,Hercules (2014),Action|Adventure,184315
113103,Step Up All In (2014),Drama|Musical|Romance,243683
113225,Magic in the Moonlight (2014),Comedy|Drama|Romance,229297
113240,Winter Sleep (Kis Uykusu) (2014),Drama,265169
113263,Very Happy Alexander (Alexandre le bienheureux) (1968),Comedy|Romance,18628
113275,The Hundred-Foot Journey (2014),Comedy|Drama,228194
113345,Jupiter Ascending (2015),Action|Adventure|Sci-Fi,76757
113348,Teenage Mutant Ninja Turtles (2014),Action|Adventure|Comedy,98566
113378,"Giver, The (2014)",Drama|Sci-Fi,227156
113453,Let's Be Cops (2014),Comedy|Crime,193893
113573,Sin City: A Dame to Kill For (2014),Action|Crime|Thriller,189
113604,If I Stay (2014),Drama,249164
113705,"Two Days, One Night (Deux jours, une nuit) (2014)",Drama,221902
113741,Coherence (2013),Drama|Mystery|Sci-Fi|Thriller,220289
113780,"As Above, So Below (2014)",Horror|Thriller,256274
113829,"One I Love, The (2014)",Comedy|Drama|Romance,242090
114028,Pride (2014),Comedy|Drama,234200
114126,Beautiful Losers (2008),Documentary,27286
114180,"Maze Runner, The (2014)",Action|Mystery|Sci-Fi,198663
114182,No Good Deed (2014),Thriller,136835
114265,Laggies (2014),Comedy|Romance,244264
114439,"November Man, The (2014)",Action|Crime|Thriller,254904
114494,Who Am I (Kein System Ist Sicher) (2014),Thriller,284427
114554,"Tale of Princess Kaguya, The (Kaguyahime no monogatari) (2013)",Animation|Drama|Fantasy,149871
114563,Gore Vidal: The United States of Amnesia (2013),Documentary,174324
114601,This Is Where I Leave You (2014),Comedy|Drama,239678
114662,American Sniper (2014),Action|War,190859
114678,Hector and the Search for Happiness (2014),Adventure|Comedy|Drama,254375
114713,Annabelle (2014),Horror,250546
114762,Two Night Stand (2014),Comedy|Romance,286554
114795,Dracula Untold (2014),Action|Drama|Fantasy,49017
114847,Autómata (Automata) (2014),Sci-Fi|Thriller,262543
114935,Predestination (2014),Action|Mystery|Sci-Fi|Thriller,206487
115122,What We Do in the Shadows (2014),Comedy|Horror,246741
115149,John Wick (2014),Action|Thriller,245891
115170,"Judge, The (2014)",Drama,205587
115210,Fury (2014),Action|Drama|War,228150
115231,St. Vincent (2014),Comedy,239563
115242,"Mine, The (2012)",Adventure|Horror|Mystery,203186
115309,"Swan Princess: The Mystery of the Enchanted Treasure, The (1998)",Animation|Children|Fantasy|Mystery,28302
115569,Nightcrawler (2014),Crime|Drama|Thriller,242582
115617,Big Hero 6 (2014),Action|Animation|Comedy,177572
115664,The Book of Life (2014),Adventure|Animation|Romance,228326
115667,"Love, Rosie (2014)",Comedy|Romance,200727
115708,"Big Snit, The (1985)",Animation|Comedy,48504
115713,Ex Machina (2015),Drama|Sci-Fi|Thriller,264660
115748,Strange Invaders (2002),Animation|Comedy,48488
115903,Young Goethe in Love (2011),Drama|Romance,52475
115945,The Land Before Time VI: The Secret of Saurus Rock (1998),Animation|Children,17337
115949,An American Tail: The Mystery of the Night Monster (1999),Adventure|Animation|Children|Fantasy|Mystery|Sci-Fi,27653
116138,Leviathan (2014),Drama,265180
116217,Secret of the Wings (2012),Adventure|Animation|Children|Fantasy,75258
116413,Life Partners (2014),Comedy|Romance,260001
116797,The Imitation Game (2014),Drama|Thriller|War,205596
116823,The Hunger Games: Mockingjay - Part 1 (2014),Adventure|Sci-Fi|Thriller,131631
116855,The Way He Looks (2014),Drama|Romance,237791
116897,Wild Tales (2014),Comedy|Drama|Thriller,265195
116951,Bo Burnham: what. (2013),Comedy,244001
116977,Dumb and Dumber To (2014),Comedy,100042
117176,The Theory of Everything (2014),Drama|Romance,266856
117444,Song of the Sea (2014),Animation|Children|Fantasy,110416
117529,Jurassic World (2015),Action|Adventure|Drama|Sci-Fi|Thriller,135397
117533,Citizenfour (2014),Documentary,293310
117545,Asterix: The Land of the Gods (Astérix: Le domaine des dieux) (2014),Animation,170522
117590,Horrible Bosses 2 (2014),Comedy|Crime,227159
117851,Penguins of Madagascar (2014),Adventure|Animation|Children|Comedy,270946
117881,Still Alice (2014),Drama,284293
117887,Paddington (2014),Children|Comedy,116149
117895,Maze Runner: Scorch Trials (2015),Action|Thriller,294254
118696,The Hobbit: The Battle of the Five Armies (2014),Adventure|Fantasy,122917
118700,Selma (2014),Drama,273895
118880,"Girl Walks Home Alone at Night, A (2014)",Horror|Romance|Thriller,252171
118896,Mommy (2014),Drama,265177
118900,Wild (2014),Drama,228970
118930,Bill Burr: I'm Sorry You Feel That Way (2014),Comedy,308571
118985,Big Eyes (2014),Drama,87093
119141,The Interview (2014),Action|Comedy,228967
119145,Kingsman: The Secret Service (2015),Action|Adventure|Comedy|Crime,207703
119153,Bill Burr: You People Are All the Same (2012),Comedy,191489
119155,Night at the Museum: Secret of the Tomb (2014),Adventure|Children|Comedy|Fantasy,181533
120138,PK (2014),Comedy|Drama|Fantasy|Mystery|Romance,297222
120466,Chappie (2015),Action|Thriller,198184
120635,Taken 3 (2015),Action|Crime|Thriller,260346
120799,Terminator Genisys (2015),Action|Adventure|Sci-Fi|Thriller,87101
120867,Tropico (2013),Drama|Fantasy|Romance,241287
121155,Kevin Hart: Let Me Explain (2013),Comedy|Documentary,181330
121231,It Follows (2014),Horror,270303
121372,Bill Burr: Let It Go (2010),Comedy,46967
121374,Bill Burr: Why Do I Do This? (2008),Comedy,32836
122104,Kevin Hart: Seriously Funny (2010),Comedy,42189
122882,Mad Max: Fury Road (2015),Action|Adventure|Sci-Fi|Thriller,76341
122886,Star Wars: Episode VII - The Force Awakens (2015),Action|Adventure|Fantasy|Sci-Fi|IMAX,140607
122888,Ben-hur (2016),(no genres listed),271969
122890,Warcraft (2016),Action|Adventure|Fantasy,68735
122892,Avengers: Age of Ultron (2015),Action|Adventure|Sci-Fi,99861
122896,Pirates of the Caribbean: Dead Men Tell No Tales (2017),(no genres listed),166426
122898,Justice League (2017),Action|Adventure|Sci-Fi,141052
122900,Ant-Man (2015),Action|Adventure|Sci-Fi,102899
122902,Fantastic Four (2015),Action|Adventure|Fantasy|Sci-Fi,166424
122904,Deadpool (2016),Action|Adventure|Comedy|Sci-Fi,293660
122906,Black Panther (2017),Action|Adventure|Sci-Fi,284054
122910,Captain Marvel (2018),Action|Adventure|Sci-Fi,299537
122912,Avengers: Infinity War - Part I (2018),Action|Adventure|Sci-Fi,299536
122914,Avengers: Infinity War - Part II (2019),Action|Adventure|Sci-Fi,299534
122916,Thor: Ragnarok (2017),Action|Adventure|Sci-Fi,284053
122918,Guardians of the Galaxy 2 (2017),Action|Adventure|Sci-Fi,283995
122920,Captain America: Civil War (2016),Action|Sci-Fi|Thriller,271110
122922,Doctor Strange (2016),Action|Adventure|Sci-Fi,284052
122924,X-Men: Apocalypse (2016),Action|Adventure|Fantasy|Sci-Fi,246655
122926,Untitled Spider-Man Reboot (2017),Action|Adventure|Fantasy,202249
123571,Jim Jefferies: Alcoholocaust (2010),Comedy,49505
123888,The Seven Deadly Sins (1952),Drama,300503
124631,Le joli mai (1966),(no genres listed),128779
124705,Marathon Boy (2010),Documentary,81646
125661,Paper Planes (2014),Children,286875
125914,Mortdecai (2015),Adventure|Comedy|Mystery|Romance,210860
125916,Fifty Shades of Grey (2015),Drama|Romance,216015
126016,The Dot and the Line : A Romance in Lower Mathematics (1965),Animation|Children|Comedy,84617
126426,Solyaris (1968),Drama|Sci-Fi,321130
126430,The Pacific (2010),Action|Adventure|Drama|War,189197
126548,The DUFF (2015),Comedy,272693
127052,Operation 'Y' & Other Shurik's Adventures (1965),Comedy|Crime|Romance,20875
127096,Project Almanac (2015),Sci-Fi|Thriller,227719
127098,Louis C.K.: Live at The Comedy Store (2015),Comedy,321594
127108,Brooklyn (2015),Drama|Romance,167073
127112,Don Verdean (2015),Comedy,309298
127114,The End of the Tour (2015),Drama,249688
127118,I Am Michael (2015),Drama,291869
127130,Mistress America (2015),Comedy,309245
127140,Sleeping with Other People (2015),Comedy|Drama|Romance,288036
127152,Going Clear: Scientology and the Prison of Belief (2015),Documentary,318224
127198,Dope (2015),Comedy|Drama,308639
127202,Me and Earl and the Dying Girl (2015),Drama,308369
127583,Chuck Norris vs Communism (2015),Documentary,312152
128089,Kevin Hart: I'm a Grown Little Man (2009),Comedy,27866
128095,Kathleen Madigan: Gone Madigan (2010),Comedy,67952
128099,Jim Jefferies: BARE (2014),Comedy,289333
128360,The Hateful Eight (2015),Western,273248
128512,Paper Towns (2015),Drama|Mystery|Romance,286565
128520,The Wedding Ringer (2015),Comedy,252838
128540,The Gruffalo's Child (2011),Adventure|Animation|Children|Fantasy,81684
128620,Victoria (2015),Crime|Drama|Romance,320007
128671,Timbuktu (2014),Drama,265228
128838,Crimson Peak (2015),Horror,201085
128852,Chris Rock: Bigger & Blacker (1999),Comedy,17870
128975,Hot Tub Time Machine 2 (2015),Comedy|Sci-Fi,243938
129250,Superfast! (2015),(no genres listed),325358
129354,Focus (2015),Comedy|Crime|Drama|Romance,256591
129514,George Carlin: It's Bad for Ya! (2008),Comedy,13643
129845,Falcon Rising (2014),Action|Adventure,270938
129951,Rich Hill (2014),Documentary,250668
130073,Cinderella (2015),Children|Drama|Fantasy|Romance,150689
130075,Frozen Fever (2015),Adventure|Animation,326359
130085,The Drop Box (2014),Documentary,319975
130450,Pan (2015),Adventure|Children|Fantasy,266647
130490,Insurgent (2015),Action|Sci-Fi|Thriller,262500
130520,Home (2015),Adventure|Animation|Children|Comedy|Fantasy|Sci-Fi,228161
130522,The Brave Little Toaster Goes to Mars (1998),Animation|Children,20377
130576,Midnight Special (2015),Drama|Sci-Fi,245703
130628,Boys (2014),Drama,244063
130634,Furious 7 (2015),Action|Crime|Thriller,168259
130684,We Are Still Here (2015),Horror,291272
130978,Love and Pigeons (1985),Comedy|Romance,32334
131013,Get Hard (2015),Comedy|Crime,257091
131029,Mara und der Feuerbringer (2015),(no genres listed),328032
131080,Cinderella III: A Twist in Time (2007),Animation|Children|Fantasy|Musical|Romance,16119
131168,Phoenix (2014),Drama,254578
131248,Brother Bear 2 (2006),Adventure|Animation|Children|Comedy|Fantasy,10010
131444,Rurouni Kenshin: The Legend Ends (2014),Action|Adventure|Drama,221732
131446,Rurouni Kenshin: Kyoto Inferno (2014),Action|Adventure|Animation|Drama,221731
131724,The Jinx: The Life and Deaths of Robert Durst (2015),Documentary,321640
131796,Woman in Gold (2015),Drama,304357
131830,Samba (2014),Comedy|Drama,269148
132046,Tomorrowland (2015),Action|Adventure|Children|Mystery|Sci-Fi,158852
132424,The Longest Ride (2015),Drama|Romance,228205
132480,The Age of Adaline (2015),Drama|Fantasy|Romance,293863
132630,Tinker Bell and the Legend of the NeverBeast (2014),Adventure|Animation|Children,297270
132796,San Andreas (2015),Action|Drama|Thriller,254128
133127,Barbie of Swan Lake (2003),Animation|Children,15016
133133,Barbie: Princess Charm School (2011),Animation|Children|Fantasy,73456
133139,Barbie in the 12 Dancing Princesses (2006),Animation|Children,13002
133149,Barbie in A Mermaid Tale 2 (2012),Animation|Children,91342
133151,Barbie and the Three Musketeers (2009),Animation|Children,23566
133165,Barbie Fairytopia: Mermaidia (2006),Adventure|Animation|Children|Fantasy,13285
133167,Barbie as Rapunzel (2002),Animation|Children,15015
133195,Hitman: Agent 47 (2015),Action|Crime|Thriller,249070
133367,LFO (2013),Drama|Sci-Fi,168758
133419,Pitch Perfect 2 (2015),Comedy,254470
133645,Carol (2015),Drama|Romance,258480
133712,Office Romance (1977),Comedy|Romance,31139
133771,The Lobster (2015),Comedy|Romance|Sci-Fi,254320
133798,Hot Pursuit (2015),Action|Comedy,268920
133867,Barely Lethal (2015),Action|Adventure|Comedy,248574
134021,5 to 7 (2014),Comedy|Drama|Romance,259954
134107,The Stroll (2003),(no genres listed),23898
134117,San Andreas Quake (2015),Action|Sci-Fi,339533
134130,The Martian (2015),Adventure|Drama|Sci-Fi,286217
134166,Magical Universe (2014),Documentary,294862
134182,Holiday (2014),Action|Romance|Thriller,273886
134184,Elections Day (2007),Comedy,20963
134252,That Munchhausen (1979),Comedy|Drama|Fantasy,27937
134368,Spy (2015),Action|Comedy|Crime,238713
134393,Trainwreck (2015),Comedy|Romance,271718
134528,Aloha (2015),Comedy|Drama|Romance,222936
134821,Tu dors Nicole (2014),Comedy|Drama,270886
134853,Inside Out (2015),Adventure|Animation|Children|Comedy|Drama|Fantasy,150540
135133,The Hunger Games: Mockingjay - Part 2 (2015),Adventure|Sci-Fi,131634
135137,Pixels (2015),Action|Comedy|Sci-Fi,257344
135141,Allegiant: Part 1 (2016),Adventure|Sci-Fi,262504
135143,Fantastic Beasts and Where to Find Them (2016),Fantasy,259316
135216,The Star Wars Holiday Special (1978),Adventure|Children|Comedy|Sci-Fi,74849
135426,Fantastic Beasts and Where to Find Them 2 (2018),(no genres listed),338952
135436,The Secret Life of Pets (2016),Animation|Comedy,328111
135442,The Skeleton Dance (1929),Animation,88018
135480,The Emperor's New Clothes (2015),Documentary,333346
135532,The Last Witch Hunter (2015),Action|Adventure|Fantasy,274854
135536,Suicide Squad (2016),Action|Crime|Sci-Fi,297761
135569,Star Trek Beyond (2016),Action|Adventure|Sci-Fi,188927
135623,The Fluffy Movie (2014),Comedy,256273
135831,Never Back Down 2: The Beatdown (2011),Action|Drama,70006
135861,Ted 2 (2015),Comedy,214756
135867,Rabbit Fire (1951),Animation|Children|Comedy,53220
135887,Minions (2015),Adventure|Animation|Children|Comedy,211672
136016,The Good Dinosaur (2015),Adventure|Animation|Children|Comedy|Fantasy,105864
136018,Black Mass (2015),Crime|Drama,261023
136020,Spectre (2015),Action|Adventure|Crime,206647
136024,The Professional: Golgo 13 (1983),Action|Animation|Crime,17922
136190,Rover Dangerfield (1991),Animation|Children|Comedy,22466
136247,Scooby-Doo on Zombie Island (1998),Animation|Children|Comedy|Mystery,13151
136305,Sharknado 3: Oh Hell No! (2015),Horror|Sci-Fi,331446
136369,The Jetsons Meet the Flintstones (1987),Animation|Children,36868
136445,George Carlin: Back in Town (1996),Comedy,34509
136449,Ghost in the Shell 2.0 (2008),Action|Animation|Sci-Fi,14092
136467,Kim Possible: A Sitch in Time (2003),Action|Adventure|Animation|Children,51786
136471,Kevin Hart: Laugh at My Pain (2011),Comedy|Documentary,74510
136562,Steve Jobs (2015),Drama,321697
136598,Vacation (2015),Adventure|Comedy,296099
136640,Back to the Jurassic (2015),Adventure|Animation|Children,341984
136864,Batman v Superman: Dawn of Justice (2016),Action|Adventure|Fantasy|Sci-Fi,209112
137282,The Genius of Marian (2013),Documentary,174350
137337,Amy (2015),Documentary,331781
137387,Tom and Jerry: The Magic Ring (2002),Animation|Children|Comedy,14787
137857,The Jungle Book (2016),Adventure|Drama|Fantasy,278927
137863,Dragon Ball Z: Resurrection of F (2015),Action|Adventure|Animation|Fantasy,303857
138036,The Man from U.N.C.L.E. (2015),Action|Adventure|Comedy,203801
138208,The Walk (2015),Adventure|Drama|Thriller,285783
138210,13 Hours (2016),Drama,300671
138702,Feast (2014),Animation|Children|Comedy|Drama|Romance,293299
139084,Boulevard (2014),Drama,259963
139385,The Revenant (2015),Adventure|Drama,281957
139415,Irrational Man (2015),Crime|Drama,282984
139513,"I Love You, I Don't (1976)",Drama,4580
139642,Southpaw (2015),Action|Drama,307081
139644,Sicario (2015),Crime|Drama|Mystery,273481
139721,X+Y (2014),Comedy|Drama,278236
139747,Before We Go (2014),Romance,283350
139757,Best of Enemies (2015),Documentary,319067
139775,I Am Big Bird: The Caroll Spinney Story (2014),Documentary,266619
139855,Anomalisa (2015),Animation|Comedy|Fantasy,291270
139857,Colonia (2016),Thriller,318781
139879,Stephen Fry: The Secret Life of the Manic Depressive (2006),Documentary,99022
140110,The Intern (2015),Comedy,257211
140162,Love (2015),Drama|Romance,292431
140174,Room (2015),Drama,264644
140247,The Gift (2015),Drama|Horror,328425
140267,The Witch (2015),Horror,310131
140279,Eldorado (2008),Comedy|Drama,15126
140289,Men & Chicken (2015),Comedy|Drama,296313
140345,The Man Called Flintstone (1966),Adventure|Animation|Children|Mystery|Romance,42515
140511,Hellboy Animated: Blood and Iron (2007),Action|Animation|Fantasy|Horror|Sci-Fi|Thriller,13204
140523,"Visit, The (2015)",Comedy|Horror,298312
140529,Sinister 2 (2015),Horror|Mystery|Thriller,283445
140581,I Am Chris Farley (2015),Documentary,345944
140711,American Ultra (2015),Action|Comedy|Sci-Fi|Thriller,261392
140715,Straight Outta Compton (2015),Drama,277216
140805,Attack on Titan (2015),Drama|Horror,295830
140928,Joy (2015),Comedy|Drama,274479
140956,Ready Player One,Action|Sci-Fi|Thriller,333339
141004,Victor Frankenstein (2015),Drama|Horror|Sci-Fi,228066
141251,Demetri Martin: Live (At The Time) (2015),Comedy,354544
141397,Equals (2015),Drama|Sci-Fi,301875
141408,Scouts Guide to the Zombie Apocalypse (2015),Action|Comedy|Horror,273477
141544,Turbo Kid (2015),Action|Adventure|Sci-Fi,310135
141688,Legend (2015),Crime|Thriller,276907
141749,The Danish Girl (2015),Drama,306819
141751,The Man Whose Mind Exploded (2014),Documentary,224894
141844,12 Chairs (1971),Adventure|Comedy,31648
141866,Green Room (2015),(no genres listed),313922
141890,Beasts of No Nation (2015),Drama|War,283587
141942,Pokémon: Zoroark: Master of Illusions (2010),Adventure|Animation|Children,50087
141956,Contracted: Phase II (2015),Drama|Horror|Thriller,345468
141964,White Settlers (2014),Horror|Mystery|Thriller,279968
142074,Knock Knock (2015),Crime|Horror|Thriller,263472
142115,The Blue Planet (2001),Documentary,200813
142222,Demolition (2016),Drama,303991
142422,The Night Before (2015),Comedy,296100
142424,Into the Forest (2015),Drama|Sci-Fi,334538
142456,The Brand New Testament (2015),(no genres listed),330764
142488,Spotlight (2015),Thriller,314365
142509,Hardcore Henry (2015),Action|Adventure|Sci-Fi,325348
142598,Last Shift (2014),Horror,296065
142628,The Brave Little Toaster to the Rescue (1997),Animation|Children|Comedy,20378
142997,Hotel Transylvania 2 (2015),Animation|Comedy,159824
143237,Freeheld (2015),Drama|Romance,306745
143257,Ashby (2015),Comedy|Drama,330112
143345,Shazam! (2019),Action|Adventure|Fantasy|Sci-Fi,287947
143347,Aquaman (2018),Action|Fantasy|Sci-Fi,297802
143355,Wonder Woman (2017),Action|Adventure|Fantasy,297762
143365,The Circle (2016),Drama|Sci-Fi|Thriller,339988
143367,Silence (2016),Drama|Thriller,68730
143385,Bridge of Spies (2015),Drama|Thriller,296098
143387,Pitch Perfect 3 (2017),(no genres listed),353616
143462,Iris (2014),Documentary,295799
143969,Er ist wieder da (2015),Comedy,318917
144174,"Just, Melvin: Just Evil (2000)",Documentary,113097
144382,Jim Jefferies: Contraband (2008),Comedy,32946
144620,Goosebumps (2015),Adventure|Comedy|Horror,257445
144950,Aanmodderfakker (2014),Comedy,292035
145064,Suburra (2015),Crime|Drama,356296
145839,Concussion (2015),Drama,321741
146156,Mr India (1987),Action|Adventure|Sci-Fi,41903
146309,The Boy and the Beast (2015),Action|Adventure|Animation,315465
146327,Can't Change the Meeting Place (1979),Action|Crime,67467
146656,Creed (2015),Drama,312221
147750,Rams (2015),(no genres listed),336222
148172,The 5th Wave (2016),Adventure|Sci-Fi|Thriller,299687
148486,Another Gay Sequel: Gays Gone Wild! (2008),Comedy,15706
148626,"Big Short, The (2015)",Drama,318846
148667,John Mulaney: The Comeback Kid (2015),Comedy,367735
148836,Maidan (2014),Documentary,270926
148853,Beltracchi - The Art of the Forgery (2014),Crime|Documentary,256314
148956,How to Be Single (2016),Comedy|Romance,259694
148984,The Propaganda Game (2015),Documentary,359746
149334,Nocturnal Animals,Drama|Thriller,340666
149352,Daddy's Home (2015),Comedy,274167
149354,Sisters (2015),Children|Comedy,266294
149406,Kung Fu Panda 3 (2016),Action|Adventure|Animation,140300
151315,Ride Along 2 (2016),Action|Comedy,323675
151317,Maggie's Plan (2015),Comedy,312669
151639,The Boy (2016),Horror|Thriller,321258
151739,Dirty Grandpa (2016),Comedy,291870
151759,Requiem for the American Dream (2015),Documentary,333377
152017,Me Before You (2016),Drama|Romance,296096
152065,Embrace of the Serpent (2016),Adventure|Drama,336808
152077,10 Cloverfield Lane (2016),Thriller,333371
152079,London Has Fallen (2016),Action|Crime|Thriller,267860
152081,Zootopia (2016),Action|Adventure|Animation|Children|Comedy,269149
152083,Whiskey Tango Foxtrot (2016),Comedy|War,279641
152091,The Brothers Grimsby (2016),Comedy,267193
152123,James White (2015),Drama,312804
152238,God Loves Uganda (2013),Documentary,159006
152970,Hunt for the Wilderpeople (2016),Adventure|Comedy,371645
153448,The Giants (2011),Drama,78563
154358,The Barkley Marathons: The Race That Eats Its Young (2015),Documentary,334495
155064,The Neon Demon (2016),Drama|Horror|Mystery,301365
155288,Eye in the Sky (2016),Drama|Thriller|War,333352
155392,"Hello, My Name Is Doris (2016)",Drama,320588
155509,Mr. Right (2016),Action|Comedy|Romance,333385
155812,Get a Job (2016),Comedy,186759
156371,Everybody Wants Some (2016),Comedy,295699
156387,Sing Street (2016),Drama,369557
156605,Paterson,(no genres listed),370755
156607,The Huntsman Winter's War (2016),Action|Adventure|Drama|Fantasy,290595
156609,Neighbors 2: Sorority Rising (2016),Comedy,325133
156726,Hush (2016),Thriller,376570
156903,The Waiting (2016),Thriller,339994
157122,The Man Who Knew Infinity (2016),Drama,353326
157200,Money Monster (2016),Drama|Thriller,303858
157232,"It's Not You, It's Me (2004)",Comedy|Romance,83266
157268,Don't Think Twice (2016),Comedy|Drama,356298
157296,Finding Dory (2016),Adventure|Animation|Comedy,127380
157312,The Boss (2016),Comedy,323676
157318,Perfect Strangers (2016),Comedy|Drama,381341
157338,Free State of Jones (2016),Action|Drama|Thriller,316152
157340,The Angry Birds Movie (2016),Animation|Comedy,153518
157342,Embers (2015),Sci-Fi,358644
157361,Tickled (2016),Documentary,373072
157699,Snowden (2016),Drama|Thriller,302401
157961,Synchronicity (2015),Mystery|Sci-Fi|Thriller,347945
158238,The Nice Guys (2016),Crime|Mystery|Thriller,290250
158528,The Shallows (2016),Drama|Thriller,332567
158571,Mickybo and Me (2005),Comedy|Drama,55134
158783,The Handmaiden (2016),Drama|Romance|Thriller,290098
158813,Alice Through the Looking Glass (2016),Adventure|Children|Fantasy,241259
158850,Louis Theroux: America's Most Dangerous Pets (2011),Documentary,238997
158856,Louis Theroux: America's Medicated Kids (2010),Documentary,68213
158872,Sausage Party (2016),Animation|Comedy,223702
158966,Captain Fantastic (2016),Drama,334533
158972,Toni Erdmann (2016),Drama,374475
159093,Now You See Me 2 (2016),Action|Comedy|Thriller,291805
159191,Julieta (2016),Drama,332872
159193,Café Society (2016),Comedy|Drama|Romance,339397
159415,Swiss Army Man (2016),Comedy|Drama|Romance,347031
159441,The Do-Over (2016),Comedy,389053
159690,Teenage Mutant Ninja Turtles: Out of the Shadows (2016),Action|Adventure|Comedy,308531
159717,The Fundamentals of Caring (2016),Drama,318121
159813,Urge (2015),Thriller,353433
159817,Planet Earth (2006),Documentary,192040
159849,Bo Burnham: Make Happy (2016),Comedy,400608
159858,The Conjuring 2 (2016),Horror,259693
160080,Ghostbusters (2016),Action|Comedy|Horror|Sci-Fi,43074
160271,Central Intelligence (2016),Action|Comedy,302699
160438,Jason Bourne (2016),Action,324668
160563,The Legend of Tarzan (2016),Action|Adventure,258489
160565,The Purge: Election Year (2016),Action|Horror|Sci-Fi,316727
160567,Mike & Dave Need Wedding Dates (2016),Comedy,316023
160718,Piper (2016),Animation,399106
160848,The Red Turtle (2016),Animation,337703
160954,Nerve (2016),Drama|Thriller,328387
160980,Sully (2016),Drama,363676
161127,The Infiltrator (2016),Crime|Drama,325789
161131,War Dogs (2016),Comedy,308266
161580,Bad Moms (2016),Comedy,376659
161582,Hell or High Water (2016),Crime|Drama,338766
161634,Don't Breathe (2016),Thriller,300669
161852,King Cobra (2016),Crime|Drama,390584
161922,The Edge of Seventeen (2016),Comedy,376660
162082,Train to Busan (2016),Action|Thriller,396535
162322,Mechanic: Resurrection (2016),Action|Crime|Thriller,278924
162350,The Magnificent Seven (2016),Action|Western,333484
162414,Moonlight,Drama,376867
162478,Masterminds (2016),Action|Comedy|Crime,213681
162578,Kubo and the Two Strings (2016),Adventure|Animation|Children|Fantasy,313297
162590,Bridget Jones's Baby (2016),Comedy|Romance,95610
162598,Deepwater Horizon (2016),Drama,296524
162600,Miss Peregrine's Home for Peculiar Children (2016),Fantasy,283366
162602,The Girl on the Train (2016),Thriller,346685
162606,The Accountant (2016),Crime|Drama|Thriller,302946
162608,Kevin Hart: What Now? (2016),(no genres listed),339927
162634,High Strung (2016),Drama|Romance,382399
162738,American Honey (2016),Comedy|Drama,340485
163056,Shin Godzilla (2016),Action|Adventure|Fantasy|Sci-Fi,315011
163134,Your Name. (2016),Animation|Drama|Fantasy|Romance,372058
163508,Certain Women (2016),Drama,340487
163645,Hacksaw Ridge (2016),Drama|War,324786
163809,Over the Garden Wall (2013),Adventure|Animation|Drama,409696
163959,Loving (2016),Drama,339419
163981,31 (2016),Horror,284564
163985,ARQ (2016),Sci-Fi|Thriller,410199
164179,Arrival (2016),Sci-Fi,329865
164200,Storks (2016),Animation|Children|Comedy,332210
164909,La La Land (2016),Comedy|Drama|Romance,313369
164981,Allied (2016),Action|Drama|Romance|Thriller|War,369885
165101,Inferno (2016),Mystery|Thriller,207932
165103,Keeping Up with the Joneses (2016),Comedy,331313
165105,Ouija: Origin of Evil (2016),Horror|Thriller,335796
165141,Trolls (2016),Adventure|Animation|Children,136799
165347,Jack Reacher: Never Go Back (2016),Action|Crime|Drama|Mystery|Thriller,343611
165395,Legally Blonde: The Musical (2007),Comedy,38584
165503,Mr. Church (2016),Drama,374461
165549,Manchester by the Sea (2016),Drama,334541
165551,Lion (2016),Drama,334543
165603,The Autopsy of Jane Doe (2016),Horror,397243
165699,Angel Has Fallen,Action|Thriller,423204
165937,Collateral Beauty (2016),Drama,345920
165969,HyperNormalisation (2016),Documentary,419546
166024,Whiplash (2013),(no genres listed),367412
166149,A United Kingdom (2016),Drama,347026
166291,A Silent Voice (2016),Animation|Drama|Romance,378064
166461,Moana (2016),Adventure|Animation|Children|Comedy|Fantasy,277834
166526,The Space Between Us (2016),Adventure|Sci-Fi,365942
166528,Rogue One: A Star Wars Story (2016),Action|Adventure|Fantasy|Sci-Fi,330459
166534,Split (2017),Drama|Horror|Thriller,381288
166558,Underworld: Blood Wars (2016),Action|Horror,346672
166635,Passengers (2016),Adventure|Drama|Romance|Sci-Fi,274870
166643,Hidden Figures (2016),Drama,381284
166705,Fences (2016),Drama,393457
166788,20th Century Women (2016),Drama,342737
166940,This Beautiful Fantastic (2016),Drama,352490
166946,The Founder (2016),Drama,310307
167018,Why Him? (2016),Comedy,356305
167036,Sing (2016),Animation|Children|Comedy,335797
167370,Assassin's Creed (2016),Action|Adventure|Sci-Fi,121856
167392,Dangal (2016),Drama,360814
167544,Patriots Day (2016),Drama|Thriller,388399
167640,A Cure for Wellness (2017),Drama|Horror|Mystery|Thriller,340837
167698,Viking (2016),Action|Drama,369698
167738,xXx: Return of Xander Cage (2017),Action|Adventure|Crime|Thriller,47971
167746,The Lego Batman Movie (2017),Action|Animation|Comedy,324849
167794,Frantz (2016),Drama,377263
167832,The Invisible Guest (2016),Thriller,411088
168248,John Wick: Chapter Two (2017),Action|Crime|Thriller,324552
168250,Get Out (2017),Horror,419430
168252,Logan (2017),Action|Sci-Fi,263115
168254,Kong: Skull Island (2017),Action|Adventure|Fantasy,293167
168286,Before I Fall (2017),Drama,397837
168326,The Big Sick (2017),Comedy|Romance,416477
168328,Ingrid Goes West (2017),Comedy|Drama,411741
168330,I Don't Feel at Home in This World Anymore (2017),Crime|Drama,425591
168366,Beauty and the Beast (2017),Fantasy|Romance,321612
168418,The Boss Baby (2017),Animation|Children|Comedy,295693
168492,Call Me by Your Name (2017),Drama|Romance,398818
168554,iBoy (2017),Action|Crime|Sci-Fi|Thriller,414190
168632,Bill Burr: Walk Your Way Out (2017),Comedy,437752
168636,Nocturama (2016),Thriller,380623
168712,Fifty Shades Darker (2017),Drama|Romance,341174
169370,Kathleen Madigan: Bothering Jesus (2016),Comedy,425841
169656,The Glass Castle,Drama,336000
169864,Life (2017),Horror|Sci-Fi|Thriller,395992
169900,The Lost City of Z (2017),Action|Adventure|Drama,314095
169906,The Night Of (2016),Crime|Drama,414399
169982,Power Rangers (2017),Action|Adventure|Sci-Fi,305470
169984,Alien: Covenant (2017),Action|Horror|Sci-Fi|Thriller,126889
170024,Casting JonBenet (2017),Documentary,430826
170263,Trevor Noah: Afraid of the Dark (2017),Comedy,440767
170355,Mulholland Dr. (1999),Drama|Mystery|Romance,185789
170401,Table 19 (2017),Comedy|Drama,353569
170403,Going in Style (2017),Comedy,353070
170411,Dave Chappelle: Deep in the Heart of Texas (2017),Comedy,444706
170481,The Most Hated Woman in America (2017),Crime|Drama,401743
170697,Gifted (2017),Drama,400928
170705,Band of Brothers (2001),Action|Drama|War,331214
170745,13 reasons why,(no genres listed),450980
170787,"Everything, Everything (2017)",Drama|Romance,417678
170813,Baywatch (2017),Action|Comedy,339846
170817,Snatched (2017),Action|Comedy,373569
170827,The Mummy (2017),Action|Adventure|Fantasy|Horror|Thriller,282035
170897,Sandy Wexler (2017),Comedy,419700
170957,Cars 3 (2017),Adventure|Animation|Comedy,260514
171007,The Book of Henry (2017),Drama,382614
171011,Planet Earth II (2016),Documentary,420714
171141,Handsome Devil (2016),Drama,412202
171261,Lucas Brothers: On Drugs (2017),Comedy,451709
171751,Munna bhai M.B.B.S. (2003),Comedy,19625
171763,Baby Driver (2017),Action|Crime|Thriller,339403
171765,Okja (2017),Action|Adventure|Drama|Sci-Fi,387426
171867,Rough Night (2017),Comedy|Drama,397422
172547,Despicable Me 3 (2017),Adventure|Animation|Children|Comedy,324852
173007,Blame! (2017),Action|Animation|Drama|Horror|Sci-Fi,409421
173145,War for the Planet of the Apes (2017),Action|Adventure|Drama|Sci-Fi,281338
173197,The Square (2017),Drama,401246
173275,Lana Del Rey: The Greatest Story Never Told (2013),(no genres listed),424235
173291,Valerian and the City of a Thousand Planets (2017),Action|Adventure|Sci-Fi,339964
173827,Fanaa (2006),Action|Drama|Romance|Thriller,8453
173925,Seven Sisters (2017),Sci-Fi|Thriller,406990
173941,Atomic Blonde (2017),Thriller,341013
173965,Sanctuary (2015),Drama,315196
174055,Dunkirk (2017),Action|Drama|Thriller|War,374720
174585,Transformers: The Last Knight (2017),Action|Adventure|Sci-Fi|Thriller,335988
174909,Logan Lucky (2017),Comedy,399170
175197,The Dark Tower (2017),Fantasy|Horror|Sci-Fi|Western,353491
175199,Annabelle: Creation (2017),Horror,396422
175303,It (2017),Horror,346364
175429,On Your Mark (1995),Animation|Sci-Fi,10840
175485,Death Note (2017),Horror|Thriller,351460
175569,Wind River (2017),Action|Crime|Mystery|Thriller,395834
175585,Shot Caller (2017),Action|Crime|Drama|Thriller,339692
175655,Girls Trip (2017),Comedy,417870
175659,Detroit (2017),Crime|Drama|Thriller,407448
175661,The Hitman's Bodyguard (2017),Action|Comedy,390043
175669,Tulip Fever (2017),Drama|Romance,257785
175755,The Double Lover (2017),Thriller,451955
176101,Kingsman: The Golden Circle (2017),Action|Adventure|Comedy,343668
176371,Blade Runner 2049 (2017),Sci-Fi,335984
176419,Mother! (2017),Drama|Horror|Mystery|Thriller,381283
176601,Black Mirror,(no genres listed),452830
176751,American Made (2017),Crime|Thriller,337170
176801,Suspiria (2017),Horror|Thriller,361292
176829,6 Days (2017),Action,347984
176929,Happy Death Day (2017),Horror|Mystery|Thriller,440021
176933,The Foreigner (2017),Action|Thriller,379149
176935,Geostorm (2017),Action,274855
176937,Jigsaw (2017),Horror|Thriller,298250
177225,Home Again (2017),Comedy|Drama,427900
177497,Hostiles (2017),Adventure|Drama|Western,384680
177593,"Three Billboards Outside Ebbing, Missouri (2017)",Crime|Drama,359940
177615,Lady Bird (2017),Comedy,391713
177651,The Florida Project (2017),Drama,394117
177689,The Killing of a Sacred Deer (2017),Drama|Horror|Mystery|Thriller,399057
177763,Murder on the Orient Express (2017),Crime|Drama|Mystery,392044
177765,Coco (2017),Adventure|Animation|Children,354912
178061,"I, Tonya (2017)",Drama,389015
178335,Thelma (2017),Fantasy|Romance|Thriller,401898
178667,Gerald's Game (2017),Horror|Thriller,343674
179135,Blue Planet II (2017),Documentary,463612
179221,Brawl in Cell Block 99 (2017),Action|Crime|Thriller,398175
179401,Jumanji: Welcome to the Jungle (2017),Action|Adventure|Children,353486
179409,OtherLife (2017),Crime|Mystery|Sci-Fi,411999
179593,Passport to Paris (1999),Children|Comedy|Drama,54004
179749,Creep 2 (2017),Comedy|Horror,396493
179819,Star Wars: The Last Jedi (2017),Action|Adventure|Fantasy|Sci-Fi,181808
179881,Downsizing (2017),Comedy|Drama|Sci-Fi,301337
180031,The Shape of Water (2017),Adventure|Drama|Fantasy,399055
180045,Molly's Game (2017),Drama,396371
180095,Wonder (2017),Drama,406997
180231,Daddy's Home 2 (2017),Comedy|Drama,419680
180297,The Disaster Artist (2017),Comedy|Drama,371638
180737,A Christmas Prince (2017),Romance,483104
180985,The Greatest Showman (2017),Drama,316029
181315,Phantom Thread (2017),Drama|Romance,400617
182715,Annihilation (2018),Adventure|Mystery|Sci-Fi|Thriller,300668
182823,Bright (2017),Action|Crime|Fantasy,400106
183011,The Commuter (2018),Crime|Drama|Mystery|Thriller,399035
183227,Dave Chappelle: The Bird Revelation (2017),Comedy,494368
183295,Insidious: The Last Key (2018),Horror|Mystery|Thriller,406563
183309,Every Day (2018),Children|Drama|Fantasy|Romance,465136
183423,AlphaGo (2017),Documentary,455008
183589,Fifty Shades Freed (2018),Drama|Romance,337167
183611,Game Night (2018),Action|Comedy|Crime|Horror,445571
183619,Den of Thieves (2018),Crime,449443
183635,Maze Runner: The Death Cure (2018),Action|Mystery|Sci-Fi|Thriller,336843
183701,12 Strong (2018),Drama|War,429351
183827,Lizzie (2018),Crime|Drama,460071
183837,The Favourite,Drama,375262
183869,Hereditary (2018),(no genres listed),493922
183897,Isle of Dogs (2018),Animation|Comedy,399174
183985,Let the Corpses Tan (2017),Thriller,422708
184015,When We First Met (2018),Comedy,433310
184023,Unsane (2018),Drama|Horror,467660
184169,Wild Boys (2017),(no genres listed),474444
184253,The Cloverfield Paradox (2018),Horror|Mystery|Sci-Fi|Thriller,384521
184257,Making a Murderer (2015),Crime|Documentary,502892
184399,Eighth Grade (2018),(no genres listed),489925
184471,Tomb Raider (2018),Action|Adventure|Fantasy,338970
184721,First Reformed (2017),Drama|Thriller,458737
185001,I Feel Pretty (2018),Comedy,460668
185029,A Quiet Place (2018),Drama|Horror|Thriller,447332
185031,Alpha (2018),Adventure|Thriller,399360
185319,Prospect (2018),Sci-Fi|Western,506072
185385,Midnight Sun (2018),Drama|Romance,419478
185957,I Dream in Another Language (2017),Drama|Fantasy,355196
185989,Truth or Dare (2018),Horror|Thriller,460019
185997,Life of the Party (2018),Comedy,399796
186311,The Guernsey Literary and Potato Peel Pie Society (2018),Drama|Romance,451480
186587,Rampage (2018),Action|Adventure|Sci-Fi,427641
186991,About Love (2017),Romance,435901
187031,Jurassic World: Fallen Kingdom (2018),Action|Adventure|Drama|Sci-Fi|Thriller,351286
187501,Leave No Trace (2018),Drama,443463
187541,Incredibles 2 (2018),Action|Adventure|Animation|Children,260513
187593,Deadpool 2 (2018),Action|Comedy|Sci-Fi,383498
187595,Solo: A Star Wars Story (2018),Action|Adventure|Children|Sci-Fi,348350
187611,Adrift (2018),Drama,429300
187613,The Kissing Booth (2018),Comedy|Romance,454983
187717,Won't You Be My Neighbor? (2018),Documentary,490003
187723,Set It Up (2018),Comedy|Romance,384677
187815,RBG (2018),Documentary,493099
188187,Breaking In (2018),Thriller,497814
188189,Sorry to Bother You (2018),Comedy|Fantasy|Sci-Fi,424781
188207,Cold War (2018),Drama,440298
188301,Ant-Man and the Wasp (2018),Action|Adventure|Comedy|Fantasy|Sci-Fi,363088
188303,The First Purge (2018),Action|Horror|Sci-Fi|Thriller,442249
188307,Hotel Transylvania 3: Summer Vacation (2018),Animation|Children|Comedy|Fantasy,400155
188623,Burning (2018),Drama|Mystery,491584
188679,Fahrenheit 451 (2018),Drama|Sci-Fi,401905
188749,The Equalizer 2 (2018),Action|Crime|Thriller,345887
188751,Mamma Mia: Here We Go Again! (2018),Comedy|Romance,458423
188773,Shoplifters (2018),Drama,505192
188785,Gewoon Vrienden (2018),Comedy|Drama|Romance,501902
188797,Tag (2018),Comedy,455980
188829,Capernaum (2018),Drama,517814
189203,Upgrade (2018),Action|Comedy|Horror|Sci-Fi|Thriller,500664
189331,The Spy Who Dumped Me (2018),Action|Comedy,454992
189333,Mission: Impossible - Fallout (2018),Action|Adventure|Thriller,353081
189363,Ocean's 8 (2018),Action|Comedy|Crime|Thriller,402900
189381,SuperFly (2018),Action|Crime|Thriller,500475
189713,BlacKkKlansman (2018),Comedy|Crime|Drama,487558
189805,Papillon (2018),Drama,433498
189885,The Guilty (2018),Thriller,486947
190089,Hannah Gadsby: Nanette (2018),Comedy,529531
190183,The Darkest Minds (2018),Sci-Fi|Thriller,445651
190287,Slender Man (2018),Horror,439015
190349,"Juliet, Naked (2018)",Comedy|Drama,458344
190391,Axolotl Overkill (2017),Drama,427025
190551,Blindspotting (2018),Comedy|Drama,489930
190555,Searching (2018),Drama,489999
190939,A Simple Favor (2018),Crime|Mystery|Thriller,484247
191351,To All the Boys I've Loved Before (2018),Comedy|Romance,466282
191479,Smallfoot (2018),Animation|Comedy,446894
191489,Peppermint (2018),Action|Crime|Thriller,458594
191799,Extinction (2018),Sci-Fi,429415
191965,Comedy Central Roast of Bruce Willis (2018),Comedy,536056
192045,If Beale Street Could Talk (2018),Drama|Romance,465914
192245,Bad Times at the El Royale (2018),Horror|Thriller,446021
192283,Crazy Rich Asians (2018),Comedy,455207
192307,The Meg (2018),Action|Horror|Sci-Fi|Thriller,345940
192379,First Man (2018),Drama,369972
192381,Apostle (2018),Horror|Thriller,424121
192385,A Star Is Born (2018),Drama|Romance,332562
192389,Venom (2018),Action|Horror|Sci-Fi|Thriller,335983
192579,Johnny English Strikes Again (2018),Action|Adventure|Children|Comedy,463272
192803,Bohemian Rhapsody (2018),Drama,424694
193065,Roma (2018),Drama,426426
193147,The House That Jack Built (2018),Drama|Horror|Thriller,398173
193243,Next Gen (2018),Action|Adventure|Animation,523777
193445,Assassination Nation (2018),Thriller,446101
193449,Mid90s (2018),Comedy|Drama,437586
193697,High Life (2018),Drama|Horror|Mystery|Sci-Fi,376865
193779,We Have Always Lived in the Castle (2018),Drama|Mystery|Thriller,411144
193942,Instant Family (2018),Comedy,491418
193944,The Ballad of Buster Scruggs (2018),Comedy|Drama|Western,537996
193950,Free Solo (2018),Documentary,515042
193960,Wildlife (2018),Drama,417812
194004,Halloween (2018),Horror,424139
194016,Ralph Breaks the Internet (2018),Animation|Children,404368
194074,The Hate U Give (2018),Crime|Drama,470044
194192,The Real Inglorious Bastards (2012),Documentary,255392
194348,Can You Ever Forgive Me? (2018),Comedy|Crime|Drama,401847
194396,Overlord (2018),Action|Horror|Sci-Fi|Thriller|War,438799
194448,Green Book (2018),Comedy|Drama,490132
194638,The Kindergarten Teacher (2018),Drama,489927
194762,The Clovehitch Killer (2018),Horror|Thriller,544431
194951,Bird Box (2018),Drama|Sci-Fi|Thriller,405774
195159,Spider-Man: Into the Spider-Verse (2018),Action|Adventure|Animation|Sci-Fi,324857
195163,Bumblebee (2018),Action|Adventure|Sci-Fi,424783
195639,The Princess Switch (2018),Comedy|Romance,556803
195745,A Private War (2018),Drama|War,475132
195849,Dumplin' (2018),Comedy|Drama,472734
196029,"No, or the Vain Glory of Command (1990)",Drama|War,103417
196223,Hellboy (2019),Action|Adventure|Fantasy,456740
196369,Pixie Hollow Games (2011),Animation|Children,86130
196417,How to Train Your Dragon: The Hidden World (2019),Adventure|Animation|Children,166428
196889,Glass (2019),Drama|Horror|Mystery|Sci-Fi|Thriller,450465
196891,The Lego Movie 2: The Second Part (2019),Action|Adventure|Animation|Children|Comedy,280217
196997,Black Mirror: Bandersnatch (2018),Drama|Mystery|Sci-Fi|Thriller,569547
197175,Alita: Battle Angel (2019),Action|Romance|Sci-Fi|Thriller,399579
197207,Arctic (2018),Drama|Thriller,453755
197343,Escape Room (2019),Action|Horror|Thriller,522681
197529,The Upside (2019),Comedy|Drama,440472
197651,The King,Drama,504949
197689,Polar (2019),Action,483906
197691,FYRE: The Greatest Party That Never Happened (2019),Documentary,567860
197697,Once Upon a Deadpool (2018),Action|Comedy,567604
197711,Us (2019),Horror|Thriller,458723
197875,"Extremely Wicked, Shockingly Evil and Vile (2019)",Crime|Thriller,457799
197883,The Farewell (2019),Comedy,565310
197885,Honey Boy (2019),Drama,512263
197889,Close (2019),Action|Thriller,460321
198145,The Perfect Date,Romance,543540
198157,A Rainy Day in New York,Comedy|Romance,475303
198185,Twin Peaks (1989),Drama|Mystery,452522
198843,Candiland (2016),Drama|Horror|Thriller,409361
199223,Pet Sematary (2019),Horror|Thriller,157433
199237,Paddleton (2019),Drama,525183
199340,Who You Think I Am (2019),Drama,544404
199974,Hotel Mumbai (2019),Drama|Thriller,416144
200008,After (2019),Drama|Romance|Thriller,537915
200042,The Mustang (2019),Drama,500860
200252,The Ethereal Melancholy of Seeing Horses in the Cold (2012),(no genres listed),340482
200306,Booksmart (2019),Comedy,505600
200328,All the Bright Places (2019),Drama|Romance,342470
200540,Aladdin (2019),Adventure|Fantasy|Romance,420817
200630,Missing Link (2019),Adventure|Animation|Children|Comedy|Fantasy,458253
200652,Milla (2018),Drama,465672
200678,A Vigilante (2019),Drama|Thriller,500904
200818,John Wick: Chapter 3 – Parabellum (2019),Action|Crime|Thriller,458156
200824,The Secret Life of Pets 2 (2019),Adventure|Animation|Children|Comedy,412117
200838,Pokémon: Detective Pikachu (2019),Action|Children|Crime|Fantasy|Mystery,447404
200864,Batman: Hush (2019),Action|Animation|Crime|Mystery,537056
200938,The Dead Don't Die (2019),Comedy|Horror,535581
201228,Bol Bachchan (2012),Comedy,112936
201340,The Lighthouse (2019),Drama|Fantasy|Horror,503919
201368,Long Shot (2019),Comedy,459992
201588,Toy Story 4 (2019),Adventure|Animation|Children|Comedy,301528
201646,Midsommar (2019),Drama|Horror|Mystery,530385
201654,The Intruder (2019),Drama|Thriller,524247
201773,Spider-Man: Far from Home (2019),Action|Adventure|Sci-Fi,429617
201811,Yesterday (2019),Comedy|Romance,515195
201993,And Then We Danced (2019),(no genres listed),597088
202103,I Am Mother (2019),Sci-Fi|Thriller,505948
202393,Always Be My Maybe (2019),Comedy|Romance,513576
202429,Once Upon a Time in Hollywood (2019),Comedy|Drama,466272
202439,Parasite (2019),Comedy|Drama,496243
202449,A Brother's Love (2019),Drama,592800
202749,Portrait of a Lady on Fire (2019),Drama|Romance,531428
202934,Anna (2019),Action|Thriller,484641
203206,This Is Not Berlin (2019),Drama,555795
203218,Good Boys (2019),Comedy,521777
203224,Dora and the Lost City of Gold (2019),Adventure|Children|Comedy,499701
203278,Plus One (2019),Comedy|Romance,508101
203322,The Peanut Butter Falcon (2019),Adventure,463257
203375,Ford v. Ferrari (2019),Action|Drama,359724
204268,Rambo: Last Blood (2019),Action,522938
204318,The Nightingale (2019),Drama,400090
204352,Ad Astra (2019),Adventure|Drama|Mystery|Sci-Fi|Thriller,419704
204388,Honeyland (2019),Documentary,566213
204694,Spies in Disguise (2019),Action|Adventure|Animation,431693
204698,Joker (2019),Crime|Drama|Thriller,475557
205048,21 Bridges (2019),Action|Crime|Thriller,535292
205072,Zombieland: Double Tap (2019),Action|Comedy|Horror,338967
205074,Falling Inn Love,Comedy|Romance,623195
205156,Jojo Rabbit (2019),Comedy|War,515001
205287,Bacurau (2019),Action|Adventure|Drama|Mystery,446159
205297,Gemini Man (2019),Action|Drama|Sci-Fi|Thriller,453405
205303,Sherlock: The Abominable Bride (2016),Crime|Drama|Mystery,379170
205383,El Camino: A Breaking Bad Movie (2019),Crime|Drama|Thriller,559969
205441,Marriage Story (2019),Comedy|Drama,492188
206449,Saint Maud (2019),Horror,575776
206499,Between Two Ferns: The Movie (2019),Comedy,584962
206714,Abominable (2019),Adventure|Animation|Children|Comedy,431580
206857,The Irishman (2019),Crime|Drama,398978
206959,Frozen II (2019),Adventure|Animation|Children|Comedy|Fantasy,330457
207233,Jumanji: The Next Level (2019),Action|Adventure|Comedy|Fantasy,512200
207313,Knives Out (2019),Comedy|Crime|Drama|Mystery|Thriller,546554
207612,Tell Me Who I Am (2019),Documentary,627070
207830,Terminator: Dark Fate (2019),Action|Sci-Fi,290859
208040,Sorry We Missed You (2019),Drama,522369
208108,Dark Waters (2019),Drama,552178
208205,Star Wars: The Rise of Skywalker (2019),Action|Adventure|Sci-Fi,181812
208293,The Seven Deadly Sins: Prisoners of the Sky (2018),Action|Adventure|Animation|Fantasy,507569
208531,Earthquake Bird (2019),Crime|Drama|Mystery,513409
208703,1917 (2019),Drama|War,530915
208939,Klaus (2019),Adventure|Animation|Children|Comedy,508965
209173,A Beautiful Day in the Neighborhood (2019),Drama,501907
209315,Little Women (2019),Drama|Romance,331482
209321,Babyteeth (2019),Comedy|Drama,522098
209497,The Vast of Night (2019),Fantasy|Mystery|Sci-Fi,565743
209595,Waiting for the Barbarians (2019),Drama,505707
209929,Waiting for the Carnival (2019),Documentary,574674
209965,Uncut Gems (2019),Comedy|Crime|Drama|Thriller,473033
210175,Togo (2019),Adventure|Children|Drama,606856
210271,6 Underground (2019),Action|Adventure|Thriller,509967
210539,Don't F**k With Cats: Hunting an Internet Killer (2019),Documentary,656594
210569,Birds of Prey (And the Fantabulous Emancipation of One Harley Quinn) (2020),Action|Adventure|Crime,495764
210577,Sonic the Hedgehog (2020),Action|Adventure|Children|Comedy|Fantasy|Sci-Fi,454626
210641,Arctic Dogs (2019),Adventure|Animation|Comedy,416153
210851,Emma (2020),Comedy|Drama,556678
210861,The Gentlemen (2020),Action|Crime,522627
210869,My Spy (2020),Action|Children|Comedy,592834
210917,Lara (2019),Comedy|Drama,576281
211524,The Bare Necessity (2019),Comedy|Drama|Romance,592798
212088,Horse Girl (2020),Drama|Thriller,653601
212361,Sound of Metal (2019),Drama,502033
212373,I'm Thinking of Ending Things,Drama|Horror|Thriller,500840
212587,Spenser Confidential (2020),Crime|Drama|Mystery|Thriller,581600
212869,To All the Boys: P.S. I Still Love You (2020),Comedy|Romance,565426
213129,The Night Clerk (2020),Crime|Drama,526007
213207,Onward (2020),Adventure|Animation|Children|Comedy|Fantasy,508439
213397,Promising Young Woman (2020),Crime|Drama|Thriller,582014
213565,First Cow (2020),Drama,558582
213842,Delphine and Carole (2019),Documentary,580073
213898,Never Rarely Sometimes Always (2020),Drama,595671
213914,Greyhound (2020),War,516486
214776,Extraction (2020),Action|Thriller,545609
215353,Minari (2020),Drama,615643
216402,The King of Staten Island (2020),Comedy|Drama,579583
216817,Scoob! (2020),Adventure|Animation|Children|Comedy|Mystery,385103
217465,Tenet (2020),Action|Thriller,577922
217655,Hamilton (2020),Drama,556574
218091,"Yes, God, Yes (2019)",Drama,527660
218537,Palm Springs (2020),Comedy,587792
218867,Ava,Action|Crime|Drama|Mystery|Thriller,539885
219444,The Outpost (2020),Action|Drama|War,531876
219726,The Old Guard (2020),Action|Fantasy,547016
219994,The Father (2020),Drama,600354
220380,The Green Knight,Drama|Fantasy|Romance,559907
220792,Project Power (2020),Action|Crime|Sci-Fi,605116
221244,Kajillionaire (2020),Crime|Drama,541305
221576,Enola Holmes,Drama|Mystery,497582
221886,Shiva Baby (2020),(no genres listed),664300
222011,Greenland (2020),Action|Sci-Fi|Thriller,524047
222477,Wonder Woman 1984 (2020),Action|Adventure|Fantasy,464052
223204,The French Dispatch (2020),Comedy|Drama|Romance,542178
223876,My Octopus Teacher (2020),Documentary,682110
223922,LX 2048 (2020),Drama|Sci-Fi,739010
224028,Save Yourselves! (2020),Comedy|Sci-Fi,653569
224052,Wolfwalkers (2020),Adventure|Animation|Drama,441130
224264,Connected (2020),Adventure|Animation|Children|Comedy|Sci-Fi,501929
224266,Hubie Halloween (2020),Comedy,617505
224280,No Time to Die (2020),Action|Adventure|Mystery|Thriller,370172
224348,Paradise: A New Life (2019),Comedy,628743
224545,American Pie Presents: Girls' Rules (2020),Comedy,660982
224943,I Care a Lot (2020),Drama|Thriller,601666
224983,The Croods: A New Age (2020),Adventure|Animation|Children|Fantasy,529203
225145,Nomadland (2020),Drama,581734
225173,Soul (2020),Adventure|Animation|Children|Comedy|Fantasy,508442
225625,Borat Subsequent Moviefilm (2020),Comedy,740985
225758,David Attenborough: A Life on Our Planet (2020),Documentary,664280
225984,Another Round (2020),Drama,580175
225998,The Wolf of Snow Hollow (2020),Horror|Thriller,652004
226270,The Trial of the Chicago 7 (2020),Drama|Thriller,556984
227496,Holidate (2020),Comedy|Romance,615665
227618,Spell (2020),Horror|Thriller,621151
230625,Helmut Newton: The Bad and the Beautiful (2020),Documentary,698369
231181,Penguin Bloom (2021),Drama,618416
233095,Palmer (2021),Drama,458220
233953,The Woman in the Window,Crime|Mystery|Thriller,520663
235509,Outside the Wire (2021),Action|Sci-Fi|Thriller,775996
236991,CODA (2021),Drama,776503
237227,Raya and the Last Dragon (2021),Action|Adventure|Animation|Children|Fantasy,527774
239490,The Map of Tiny Perfect Things (2021),Comedy|Drama|Fantasy|Romance,672647
240296,On the Count of Three (2021),Comedy|Drama,776512
242200,Netflix vs. the World (2019),Documentary,596270
242204,Riders of Justice (2020),Action|Comedy|Drama,663870
242906,The Unbearable Weight of Massive Talent (2021),Comedy,648579
244178,The Northman,Adventure|Drama|Thriller,639933
247150,Stowaway (2021),Drama|Sci-Fi,559581
247988,Luca (2021),Adventure|Animation|Children|Comedy|Fantasy,508943
248000,Limbo (2021),Drama,554371
248222,Truman & Tennessee: An Intimate Conversation (2021),Documentary,730081
250010,Bo Burnham: Inside (2021),Comedy,823754
250546,Friends: The Reunion (2021),Comedy|Documentary,691179
252086,I'm Your Man (2021),Comedy|Romance|Sci-Fi,795813
253536,Black Box (2021),Drama|Thriller,663260
253690,The Worst Person in the World (2021),Comedy|Drama,660120
254726,Dune (2021),Action|Adventure|Drama|Sci-Fi,438631
255335,Shang-Chi and the Legend of the Ten Rings (2021),Action|Adventure|Fantasy,566525
258881,C'mon C'mon (2021),Drama,632617
259659,The Last Duel (2021),Drama,617653
259919,The Alpinist (2021),Documentary,682587
260667,Encanto (2021),Adventure|Animation|Children|Fantasy,568124
260825,"Onoda – 10,000 Nights in the Jungle (2021)",Adventure|Drama|War,695089
261705,"tick, tick...BOOM! (2021)",Drama,537116
262733,Planet Dune (2021),Adventure|Horror|Sci-Fi,881460
263007,Spider-Man: No Way Home (2021),Action|Adventure|Fantasy|Sci-Fi,634649
263009,The Matrix Resurrections (2021),Action|Adventure|Sci-Fi,624860
263407,Don't Look Up (2021),Comedy|Drama|Sci-Fi,646380
263495,Love Hard (2021),Comedy|Romance,734265
265432,The Unforgivable (2021),Drama|Thriller,645886
265460,The Black Phone (2022),Horror,756999
267654,Harry Potter 20th Anniversary: Return to Hogwarts (2022),Documentary,899082
268642,The Batman (2022),Action|Crime|Drama,414906
269820,The Tinder Swindler (2022),Documentary,923632
269872,Moonfall (2022),Action|Adventure|Sci-Fi,406759
269898,Kenobi: A Star Wars Story (2019),Adventure|Fantasy|Sci-Fi,934126
270698,Everything Everywhere All at Once (2022),Action|Comedy|Sci-Fi,545611
271917,The Outfit (2022),Crime|Drama|Thriller,799876
272135,Bodies Bodies Bodies (2022),Comedy|Horror|Thriller,520023
272407,The Bad Guys (2022),Action|Animation|Children|Comedy|Crime,629542
272417,RRR (2022),Action|Drama|War,579974
272547,Moonshot (2022),Comedy|Romance|Sci-Fi,767825
273891,Bullet Train (2022),Action|Mystery|Thriller,718930
274053,Top Gun: Maverick (2022),Action|Drama,361743
274971,Thor: Love and Thunder (2022),Action|Adventure|Fantasy,616037
275167,Decision to Leave (2022),Crime|Drama|Mystery|Romance,705996
275245,Nope (2022),Horror|Mystery|Sci-Fi|Thriller,762504
275503,Aftersun (2022),Drama,965150
276249,Three Thousand Years of Longing (2022),Drama|Fantasy|Romance,556694
276317,Minions: The Rise of Gru (2022),Action|Adventure|Animation|Children|Comedy,438148
276897,Don't Worry Darling (2022),Drama|Horror|Mystery|Thriller,619730
277028,Thirteen Lives (2022),Drama|Thriller,698948
277066,Triangle of Sadness (2022),Comedy|Drama,497828
277856,See How They Run (2022),Comedy|Crime|Mystery,766475
277908,Funny Pages (2022),Comedy,583095
278312,Black Adam (2022),Action|Adventure|Fantasy,436270
278420,Weird: The Al Yankovic Story (2022),Comedy|Drama,928344
278446,The Banshees of Inisherin (2022),Comedy|Drama,674324
278578,All Quiet on the Western Front (2022),Action|Drama|War,49046
278702,Glass Onion: A Knives Out Mystery (2022),Comedy|Crime|Mystery,661374
279412,Enola Holmes 2 (2022),Adventure|Crime|Mystery,829280
279414,Black Panther: Wakanda Forever (2022),Action|Adventure|Sci-Fi,505642
279812,The Menu (2022),Comedy|Horror,593643
280100,The Guardians of the Galaxy Holiday Special (2022),Adventure|Comedy|Sci-Fi,774752
280236,Spirited (2022),Comedy,632856
280868,Guillermo del Toro's Pinocchio (2022),Animation|Children|Drama|Fantasy,555604
281096,Puss in Boots: The Last Wish (2022),Adventure|Animation|Children|Comedy|Fantasy,315162
281638,The Blue Caftan (2023),Drama|Romance,958279
281864,Who Killed Santa? A Murderville Murder Mystery (2022),Comedy|Crime,1050266
282125,Ant-Man and the Wasp: Quantumania (2023),Adventure|Comedy|Sci-Fi,640146
282835,65 (2023),Sci-Fi|Thriller,700391
284937,Hunger (2023),Drama,1071806
285593,Guardians of the Galaxy Volume 3 (2023),Action|Adventure|Sci-Fi,447365
285851,Air: Courting a Legend (2023),Drama,964980
286131,The Super Mario Bros. Movie (2023),Adventure|Animation|Children|Comedy|Fantasy,502356
286897,Spider-Man: Across the Spider-Verse (2023),Action|Adventure|Animation|Sci-Fi,569094
286901,The Flash (2023),Action|Adventure|Sci-Fi,298618
286905,Indiana Jones and the Dial of Destiny (2023),Action|Adventure,335977
287633,Asteroid City (2023),Comedy|Drama|Romance|Sci-Fi,747188
287699,Oppenheimer (2023),Drama,872585
288269,No Hard Feelings (2023),Comedy|Romance,884605
288513,Barbie (2023),Comedy,346698
